"family","replicate","seed","position","row_id","symbol","group"
"fm",1,1021,1,"gene246","ALOX15","FM_03"
"fm",1,1021,2,"gene212","ALAS2","FM_15"
"fm",1,1021,3,"gene1374","CPT1A","FM_12"
"fm",1,1021,4,"gene2289","FKBP5","FM_12"
"fm",1,1021,5,"gene3512","JCHAIN","FM_04"
"fm",1,1021,6,"gene54541","DDIT4","FM_12"
"fm",1,1021,7,"gene5187","PER1","FM_17"
"fm",1,1021,8,"gene3848","KRT1","FM_05"
"fm",1,1021,9,"gene6521","SLC4A1","FM_08"
"fm",1,1021,10,"gene6535","SLC6A8","FM_04"
"fm",1,1021,11,"gene27181","SIGLEC8","FM_05"
"fm",1,1021,12,"gene6622","SNCA","FM_12"
"fm",1,1021,13,"gene55437","STRADB","FM_08"
"fm",1,1021,14,"gene759","CA1","FM_08"
"fm",1,1021,15,"gene6710","SPTB","FM_15"
"fm",1,1021,16,"gene343171","OR2W3","FM_05"
"fm",1,1021,17,"gene4940","OAS3","FM_04"
"fm",1,1021,18,"gene5266","PI3","FM_01"
"fm",1,1021,19,"gene4635","MYL4","FM_16"
"fm",1,1021,20,"gene2766","GMPR","FM_01"
"fm",1,1021,21,"gene286","ANK1","FM_02"
"fm",1,1021,22,"gene55512","SMPD3","FM_04"
"fm",1,1021,23,"gene7111","TMOD1","FM_04"
"fm",1,1021,24,"gene1844","DUSP2","FM_05"
"fm",1,1021,25,"gene4057","LTF","FM_08"
"fm",1,1021,26,"gene10417","SPON2","FM_10"
"fm",1,1021,27,"gene249","ALPL","FM_03"
"fm",1,1021,28,"gene83888","FGFBP2","FM_02"
"fm",1,1021,29,"gene7704","ZBTB16","FM_01"
"fm",1,1021,30,"gene3568","IL5RA","FM_06"
"fm",1,1021,31,"gene7057","THBS1","FM_03"
"fm",1,1021,32,"gene2995","GYPC","FM_05"
"fm",1,1021,33,"gene4599","MX1","FM_01"
"fm",1,1021,34,"gene4811","NID1","FM_01"
"fm",1,1021,35,"gene4318","MMP9","FM_09"
"fm",1,1021,36,"gene5166","PDK4","FM_10"
"fm",1,1021,37,"gene2039","DMTN","FM_07"
"fm",1,1021,38,"gene51218","GLRX5","FM_11"
"fm",1,1021,39,"gene8660","IRS2","FM_09"
"fm",1,1021,40,"gene598","BCL2L1","FM_06"
"fm",1,1021,41,"gene2987","GUK1","FM_11"
"fm",1,1021,42,"gene11126","CD160","FM_01"
"fm",1,1021,43,"gene645","BLVRB","FM_07"
"fm",1,1021,44,"gene4541","MT-ND6","FM_05"
"fm",1,1021,45,"gene3437","IFIT3","FM_13"
"fm",1,1021,46,"gene3127","HLA-DRB5","FM_10"
"fm",1,1021,47,"gene2537","IFI6","FM_16"
"fm",1,1021,48,"gene51348","KLRF1","FM_03"
"fm",1,1021,49,"gene3119","HLA-DQB1","FM_08"
"fm",1,1021,50,"gene140","ADORA3","FM_15"
"fm",1,1021,51,"gene4784","NFIX","FM_19"
"fm",1,1021,52,"gene2999","GZMH","FM_04"
"fm",1,1021,53,"gene11251","PTGDR2","FM_06"
"fm",1,1021,54,"gene53637","S1PR5","FM_03"
"fm",1,1021,55,"gene4939","OAS2","FM_01"
"fm",1,1021,56,"gene1843","DUSP1","FM_19"
"fm",1,1021,57,"gene1052","CEBPD","FM_15"
"fm",1,1021,58,"gene573","BAG1","FM_06"
"fm",1,1021,59,"gene81567","TXNDC5","FM_03"
"fm",1,1021,60,"gene669","BPGM","FM_16"
"fm",1,1021,61,"gene788","SLC25A20","FM_11"
"fm",1,1021,62,"gene115362","GBP5","FM_10"
"fm",1,1021,63,"gene5909","RAP1GAP","FM_09"
"fm",1,1021,64,"gene3824","KLRD1","FM_13"
"fm",1,1021,65,"gene91543","RSAD2","FM_10"
"fm",1,1021,66,"gene3434","IFIT1","FM_13"
"fm",1,1021,67,"gene4061","LY6E","FM_07"
"fm",1,1021,68,"gene7097","TLR2","FM_05"
"fm",1,1021,69,"gene83715","ESPN","FM_05"
"fm",1,1021,70,"gene9636","ISG15","FM_11"
"fm",1,1021,71,"gene2235","FECH","FM_09"
"fm",1,1021,72,"gene10316","NMUR1","FM_06"
"fm",1,1021,73,"gene2633","GBP1","FM_05"
"fm",1,1021,74,"gene1668","DEFA3","FM_04"
"fm",1,1021,75,"gene3433","IFIT2","FM_17"
"fm",1,1021,76,"gene10644","IGF2BP2","FM_03"
"fm",1,1021,77,"gene687","KLF9","FM_16"
"fm",1,1021,78,"gene3949","LDLR","FM_06"
"fm",1,1021,79,"gene3029","HAGH","FM_03"
"fm",1,1021,80,"gene11098","PRSS23","FM_01"
"fm",1,1021,81,"gene10098","TSPAN5","FM_04"
"fm",1,1021,82,"gene54739","XAF1","FM_10"
"fm",1,1021,83,"gene3958","LGALS3","FM_09"
"fm",1,1021,84,"gene2322","FLT3","FM_01"
"fm",1,1021,85,"gene60675","PROK2","FM_20"
"fm",1,1021,86,"gene7280","TUBB2A","FM_12"
"fm",1,1021,87,"gene117157","SH2D1B","FM_09"
"fm",1,1021,88,"gene6772","STAT1","FM_01"
"fm",1,1021,89,"gene27087","B3GAT1","FM_11"
"fm",1,1021,90,"gene4684","NCAM1","FM_05"
"fm",1,1021,91,"gene5551","PRF1","FM_05"
"fm",1,1021,92,"gene23770","FKBP8","FM_07"
"fm",1,1021,93,"gene6563","SLC14A1","FM_10"
"fm",1,1021,94,"gene6170","RPL39","FM_08"
"fm",1,1021,95,"gene122618","PLD4","FM_11"
"fm",1,1021,96,"gene27090","ST6GALNAC4","FM_01"
"fm",1,1021,97,"gene84525","HOPX","FM_17"
"fm",1,1021,98,"gene1718","DHCR24","FM_09"
"fm",1,1021,99,"gene6351","CCL4","FM_02"
"fm",1,1021,100,"gene6189","RPS3A","FM_05"
"fm",1,1021,101,"gene4938","OAS1","FM_07"
"fm",1,1021,102,"gene25793","FBXO7","FM_02"
"fm",1,1021,103,"gene9902","MRC2","FM_13"
"fm",1,1021,104,"gene6614","SIGLEC1","FM_03"
"fm",1,1021,105,"gene665","BNIP3L","FM_03"
"fm",1,1021,106,"gene8651","SOCS1","FM_04"
"fm",1,1021,107,"gene9415","FADS2","FM_05"
"fm",1,1021,108,"gene115361","GBP4","FM_11"
"fm",1,1021,109,"gene10964","IFI44L","FM_09"
"fm",1,1021,110,"gene9734","HDAC9","FM_05"
"fm",1,1021,111,"gene10410","IFITM3","FM_09"
"fm",1,1021,112,"gene2935","GSPT1","FM_11"
"fm",1,1021,113,"gene10808","HSPH1","FM_10"
"fm",1,1021,114,"gene162466","PHOSPHO1","FM_07"
"fm",1,1021,115,"gene51094","ADIPOR1","FM_15"
"fm",1,1021,116,"gene10561","IFI44","FM_03"
"fm",1,1021,117,"gene25941","TPGS2","FM_15"
"fm",1,1021,118,"gene1299","COL9A3","FM_04"
"fm",1,1021,119,"gene9332","CD163","FM_16"
"fm",1,1021,120,"gene7049","TGFBR3","FM_04"
"fm",1,1021,121,"gene4603","MYBL1","FM_14"
"fm",1,1021,122,"gene30009","TBX21","FM_01"
"fm",1,1021,123,"gene51759","C9orf78","FM_01"
"fm",1,1021,124,"gene7088","TLE1","FM_08"
"fm",1,1021,125,"gene8843","HCAR3","FM_11"
"fm",1,1021,126,"gene84164","ASCC2","FM_05"
"fm",1,1021,127,"gene255488","RNF144B","FM_06"
"fm",1,1021,128,"gene1462","VCAN","FM_07"
"fm",1,1021,129,"gene9047","SH2D2A","FM_04"
"fm",1,1021,130,"gene10133","OPTN","FM_02"
"fm",1,1021,131,"gene997","CDC34","FM_01"
"fm",1,1021,132,"gene7314","UBB","FM_04"
"fm",1,1021,133,"gene5159","PDGFRB","FM_10"
"fm",1,1021,134,"gene51191","HERC5","FM_02"
"fm",1,1021,135,"gene26053","AUTS2","FM_01"
"fm",1,1021,136,"gene11213","IRAK3","FM_03"
"fm",1,1021,137,"gene4753","NELL2","FM_11"
"fm",1,1021,138,"gene241","ALOX5AP","FM_05"
"fm",1,1021,139,"gene8818","DPM2","FM_01"
"fm",1,1021,140,"gene5730","PTGDS","FM_15"
"fm",1,1021,141,"gene4897","NRCAM","FM_09"
"fm",1,1021,142,"gene266727","MDGA1","FM_04"
"fm",1,1021,143,"gene8644","AKR1C3","FM_04"
"fm",1,1021,144,"gene139189","DGKK","FM_20"
"fm",1,1021,145,"gene10398","MYL9","FM_02"
"fm",1,1021,146,"gene94240","EPSTI1","FM_02"
"fm",1,1021,147,"gene8131","NPRL3","FM_09"
"fm",1,1021,148,"gene2354","FOSB","FM_07"
"fm",1,1021,149,"gene54625","PARP14","FM_19"
"fm",1,1021,150,"gene26253","CLEC4E","FM_06"
"fm",1,1021,151,"gene166929","SGMS2","FM_18"
"fm",1,1021,152,"gene9619","ABCG1","FM_03"
"fm",1,1021,153,"gene10409","BASP1","FM_01"
"fm",1,1021,154,"gene2623","GATA1","FM_20"
"fm",1,1021,155,"gene948","CD36","FM_05"
"fm",1,1021,156,"gene3597","IL13RA1","FM_12"
"fm",1,1021,157,"gene5802","PTPRS","FM_07"
"fm",1,1021,158,"gene23569","PADI4","FM_03"
"fm",1,1021,159,"gene1831","TSC22D3","FM_03"
"fm",1,1021,160,"gene10578","GNLY","FM_02"
"fm",1,1021,161,"gene1088","CEACAM8","FM_03"
"fm",1,1021,162,"gene7453","WARS1","FM_02"
"fm",1,1021,163,"gene3992","FADS1","FM_01"
"fm",1,1021,164,"gene6279","S100A8","FM_05"
"fm",1,1021,165,"gene6768","ST14","FM_08"
"fm",1,1021,166,"gene147700","KLC3","FM_05"
"fm",1,1021,167,"gene2867","FFAR2","FM_16"
"fm",1,1021,168,"gene9021","SOCS3","FM_05"
"fm",1,1021,169,"gene6210","RPS15A","FM_12"
"fm",1,1021,170,"gene3674","ITGA2B","FM_18"
"fm",1,1021,171,"gene83547","RILP","FM_06"
"fm",1,1021,172,"gene729230","CCR2","FM_05"
"fm",1,1021,173,"gene5473","PPBP","FM_08"
"fm",1,1021,174,"gene3988","LIPA","FM_07"
"fm",1,1021,175,"gene7504","XK","FM_08"
"fm",1,1021,176,"gene3985","LIMK2","FM_08"
"fm",1,1021,177,"gene19","ABCA1","FM_11"
"fm",1,1021,178,"gene10498","CARM1","FM_02"
"fm",1,1021,179,"gene51465","UBE2J1","FM_11"
"fm",1,1021,180,"gene2064","ERBB2","FM_18"
"fm",1,1021,181,"gene3690","ITGB3","FM_18"
"fm",1,1021,182,"gene1066","CES1","FM_13"
"fm",1,1021,183,"gene342510","CD300E","FM_19"
"fm",1,1021,184,"gene2876","GPX1","FM_15"
"fm",1,1021,185,"gene5029","P2RY2","FM_09"
"fm",1,1021,186,"gene1236","CCR7","FM_06"
"fm",1,1021,187,"gene59269","HIVEP3","FM_06"
"fm",1,1021,188,"gene222487","ADGRG3","FM_16"
"fm",1,1021,189,"gene5037","PEBP1","FM_04"
"fm",1,1021,190,"gene4051","CYP4F3","FM_05"
"fm",1,1021,191,"gene23166","STAB1","FM_06"
"fm",1,1021,192,"gene3956","LGALS1","FM_14"
"fm",1,1021,193,"gene27244","SESN1","FM_15"
"fm",1,1021,194,"gene4066","LYL1","FM_09"
"fm",1,1021,195,"gene6283","S100A12","FM_14"
"fm",1,1021,196,"gene604","BCL6","FM_02"
"fm",1,1021,197,"gene3553","IL1B","FM_10"
"fm",1,1021,198,"gene9148","NEURL1","FM_04"
"fm",1,1021,199,"gene1240","CMKLR1","FM_02"
"fm",1,1021,200,"gene2180","ACSL1","FM_05"
"fm",1,1021,201,"gene8972","MGAM","FM_07"
"fm",1,1021,202,"gene1808","DPYSL2","FM_03"
"fm",1,1021,203,"gene2353","FOS","FM_17"
"fm",1,1021,204,"gene1521","CTSW","FM_03"
"fm",1,1021,205,"gene5920","PLAAT4","FM_12"
"fm",1,1021,206,"gene6319","SCD","FM_02"
"fm",1,1021,207,"gene973","CD79A","FM_08"
"fm",1,1021,208,"gene9256","TSPOAP1","FM_11"
"fm",1,1021,209,"gene4609","MYC","FM_09"
"fm",1,1021,210,"gene4145","MATK","FM_07"
"fm",1,1021,211,"gene10346","TRIM22","FM_07"
"fm",1,1021,212,"gene3117","HLA-DQA1","FM_12"
"fm",1,1021,213,"gene3934","LCN2","FM_07"
"fm",1,1021,214,"gene23608","MKRN1","FM_14"
"fm",1,1021,215,"gene9435","CHST2","FM_07"
"fm",1,1021,216,"gene1545","CYP1B1","FM_15"
"fm",1,1021,217,"gene92745","SLC38A5","FM_08"
"fm",1,1021,218,"gene2205","FCER1A","FM_04"
"fm",1,1021,219,"gene6133","RPL9","FM_02"
"fm",1,1021,220,"gene4035","LRP1","FM_02"
"fm",1,1021,221,"gene56994","CHPT1","FM_12"
"fm",1,1021,222,"gene338442","HCAR2","FM_09"
"fm",1,1021,223,"gene1053","CEBPE","FM_02"
"fm",1,1021,224,"gene5204","PFDN5","FM_01"
"fm",1,1021,225,"gene93010","B3GNT7","FM_15"
"fm",1,1021,226,"gene3759","KCNJ2","FM_13"
"fm",1,1021,227,"gene9510","ADAMTS1","FM_11"
"fm",1,1021,228,"gene3113","HLA-DPA1","FM_05"
"fm",1,1021,229,"gene10905","MAN1A2","FM_04"
"fm",1,1021,230,"gene3315","HSPB1","FM_06"
"fm",1,1021,231,"gene6193","RPS5","FM_18"
"fm",1,1021,232,"gene7001","PRDX2","FM_03"
"fm",1,1021,233,"gene10602","CDC42EP3","FM_06"
"fm",1,1021,234,"gene6285","S100B","FM_13"
"fm",1,1021,235,"gene196","AHR","FM_06"
"fm",1,1021,236,"gene1524","CX3CR1","FM_11"
"fm",1,1021,237,"gene9588","PRDX6","FM_02"
"fm",1,1021,238,"gene4311","MME","FM_02"
"fm",1,1021,239,"gene55831","EMC3","FM_06"
"fm",1,1021,240,"gene9935","MAFB","FM_05"
"fm",1,1021,241,"gene2015","ADGRE1","FM_01"
"fm",1,1021,242,"gene10435","CDC42EP2","FM_01"
"fm",1,1021,243,"gene2030","SLC29A1","FM_13"
"fm",1,1021,244,"gene4012","LNPEP","FM_07"
"fm",1,1021,245,"gene3162","HMOX1","FM_05"
"fm",1,1021,246,"gene51312","SLC25A37","FM_19"
"fm",1,1021,247,"gene2091","FBL","FM_06"
"fm",1,1021,248,"gene5196","PF4","FM_02"
"fm",1,1021,249,"gene3820","KLRB1","FM_16"
"fm",1,1021,250,"gene23129","PLXND1","FM_11"
"fm",1,1021,251,"gene59283","CACNG8","FM_11"
"fm",1,1021,252,"gene84034","EMILIN2","FM_04"
"fm",1,1021,253,"gene6231","RPS26","FM_20"
"fm",1,1021,254,"gene6235","RPS29","FM_07"
"fm",1,1021,255,"gene90480","GADD45GIP1","FM_13"
"fm",1,1021,256,"gene64407","RGS18","FM_15"
"fm",1,1021,257,"gene5144","PDE4D","FM_04"
"fm",1,1021,258,"gene84333","PCGF5","FM_14"
"fm",1,1021,259,"gene203","AK1","FM_12"
"fm",1,1021,260,"gene3560","IL2RB","FM_09"
"fm",1,1021,261,"gene5866","RAB3IL1","FM_02"
"fm",1,1021,262,"gene925","CD8A","FM_05"
"fm",1,1021,263,"gene939","CD27","FM_08"
"fm",1,1021,264,"gene1028","CDKN1C","FM_08"
"fm",1,1021,265,"gene11224","RPL35","FM_01"
"fm",1,1021,266,"gene7850","IL1R2","FM_12"
"fm",1,1021,267,"gene54438","GFOD1","FM_19"
"fm",1,1021,268,"gene7045","TGFBI","FM_06"
"fm",1,1021,269,"gene83716","CRISPLD2","FM_04"
"fm",1,1021,270,"gene5729","PTGDR","FM_05"
"fm",1,1021,271,"gene2791","GNG11","FM_09"
"fm",1,1021,272,"gene2812","GP1BB","FM_06"
"fm",1,1021,273,"gene3067","HDC","FM_17"
"fm",1,1021,274,"gene1595","CYP51A1","FM_18"
"fm",1,1021,275,"gene54543","TOMM7","FM_13"
"fm",1,1021,276,"gene116844","LRG1","FM_02"
"fm",1,1021,277,"gene7264","GFUS","FM_14"
"fm",1,1021,278,"gene83666","PARP9","FM_08"
"fm",1,1021,279,"gene6222","RPS18","FM_17"
"fm",1,1021,280,"gene9491","PSMF1","FM_12"
"fm",1,1021,281,"gene596","BCL2","FM_10"
"fm",1,1021,282,"gene6234","RPS28","FM_12"
"fm",1,1021,283,"gene2288","FKBP4","FM_20"
"fm",1,1021,284,"gene6590","SLPI","FM_04"
"fm",1,1021,285,"gene896","CCND3","FM_04"
"fm",1,1021,286,"gene3792","KEL","FM_09"
"fm",1,1021,287,"gene259197","NCR3","FM_05"
"fm",1,1021,288,"gene401258","RAB44","FM_14"
"fm",1,1021,289,"gene6208","RPS14","FM_05"
"fm",1,1021,290,"gene8685","MARCO","FM_04"
"fm",1,1021,291,"gene131870","NUDT16","FM_12"
"fm",1,1021,292,"gene8807","IL18RAP","FM_07"
"fm",1,1021,293,"gene27343","POLL","FM_04"
"fm",1,1021,294,"gene8671","SLC4A4","FM_08"
"fm",1,1021,295,"gene100133941","CD24","FM_03"
"fm",1,1021,296,"gene9997","SCO2","FM_10"
"fm",1,1021,297,"gene6510","SLC1A5","FM_04"
"fm",1,1021,298,"gene6708","SPTA1","FM_03"
"fm",1,1021,299,"gene8911","CACNA1I","FM_01"
"fm",1,1021,300,"gene57823","SLAMF7","FM_18"
"fm",1,1021,301,"gene9976","CLEC2B","FM_09"
"fm",1,1021,302,"gene6678","SPARC","FM_01"
"fm",1,1021,303,"gene6223","RPS19","FM_03"
"fm",1,1021,304,"gene1191","CLU","FM_02"
"fm",1,1021,305,"gene23365","ARHGEF12","FM_05"
"fm",1,1021,306,"gene6726","SRP9","FM_12"
"fm",1,1021,307,"gene3122","HLA-DRA","FM_02"
"fm",1,1021,308,"gene926","CD8B","FM_20"
"fm",1,1021,309,"gene6633","SNRPD2","FM_13"
"fm",1,1021,310,"gene81027","TUBB1","FM_01"
"fm",1,1021,311,"gene6773","STAT2","FM_08"
"fm",1,1021,312,"gene6281","S100A10","FM_05"
"fm",1,1021,313,"gene5997","RGS2","FM_04"
"fm",1,1021,314,"gene7226","TRPM2","FM_13"
"fm",1,1021,315,"gene129685","TAF8","FM_03"
"fm",1,1021,316,"gene8460","TPST1","FM_14"
"fm",1,1021,317,"gene4082","MARCKS","FM_02"
"fm",1,1021,318,"gene80097","MZT2B","FM_18"
"fm",1,1021,319,"gene22934","RPIA","FM_05"
"fm",1,1021,320,"gene4354","MPP1","FM_04"
"fm",1,1021,321,"gene388","RHOB","FM_04"
"fm",1,1021,322,"gene9246","UBE2L6","FM_17"
"fm",1,1021,323,"gene7852","CXCR4","FM_14"
"fm",1,1021,324,"gene80310","PDGFD","FM_02"
"fm",1,1021,325,"gene10622","POLR3G","FM_01"
"fm",1,1021,326,"gene10135","NAMPT","FM_18"
"fm",1,1021,327,"gene4778","NFE2","FM_19"
"fm",1,1021,328,"gene160364","CLEC12A","FM_05"
"fm",1,1021,329,"gene1912","PHC2","FM_15"
"fm",1,1021,330,"gene10663","CXCR6","FM_07"
"fm",1,1021,331,"gene9437","NCR1","FM_20"
"fm",1,1021,332,"gene84649","DGAT2","FM_07"
"fm",1,1021,333,"gene2624","GATA2","FM_01"
"fm",1,1021,334,"gene3326","HSP90AB1","FM_06"
"fm",1,1021,335,"gene5079","PAX5","FM_10"
"fm",1,1021,336,"gene5208","PFKFB2","FM_03"
"fm",1,1021,337,"gene353189","SLCO4C1","FM_06"
"fm",1,1021,338,"gene3945","LDHB","FM_06"
"fm",1,1021,339,"gene84174","SLA2","FM_06"
"fm",1,1021,340,"gene3821","KLRC1","FM_07"
"fm",1,1021,341,"gene356","FASLG","FM_12"
"fm",1,1021,342,"gene59352","LGR6","FM_03"
"fm",1,1021,343,"gene6201","RPS7","FM_07"
"fm",1,1021,344,"gene6164","RPL34","FM_04"
"fm",1,1021,345,"gene3921","RPSA","FM_18"
"fm",1,1021,346,"gene3576","CXCL8","FM_13"
"fm",1,1021,347,"gene6227","RPS21","FM_03"
"fm",1,1021,348,"gene7915","ALDH5A1","FM_05"
"fm",1,1021,349,"gene684","BST2","FM_02"
"fm",1,1021,350,"gene80781","COL18A1","FM_12"
"fm",1,1021,351,"gene6934","TCF7L2","FM_13"
"fm",1,1021,352,"gene338440","ANO9","FM_12"
"fm",1,1021,353,"gene80216","ALPK1","FM_18"
"fm",1,1021,354,"gene6515","SLC2A3","FM_03"
"fm",1,1021,355,"gene1933","EEF1B2","FM_11"
"fm",1,1021,356,"gene400916","CHCHD10","FM_01"
"fm",1,1021,357,"gene79689","STEAP4","FM_13"
"fm",1,1021,358,"gene726","CAPN5","FM_14"
"fm",1,1021,359,"gene729359","PLIN4","FM_03"
"fm",1,1021,360,"gene57610","RANBP10","FM_02"
"fm",1,1021,361,"gene4064","CD180","FM_17"
"fm",1,1021,362,"gene25873","RPL36","FM_01"
"fm",1,1021,363,"gene1847","DUSP5","FM_04"
"fm",1,1021,364,"gene8291","DYSF","FM_08"
"fm",1,1021,365,"gene51523","CXXC5","FM_05"
"fm",1,1021,366,"gene3070","HELLS","FM_08"
"fm",1,1021,367,"gene6036","RNASE2","FM_10"
"fm",1,1021,368,"gene11123","RCAN3","FM_02"
"fm",1,1021,369,"gene10581","IFITM2","FM_04"
"fm",1,1021,370,"gene50509","COL5A3","FM_03"
"fm",1,1021,371,"gene9975","NR1D2","FM_02"
"fm",1,1021,372,"gene5464","PPA1","FM_06"
"fm",1,1021,373,"gene140803","TRPM6","FM_01"
"fm",1,1021,374,"gene6846","XCL2","FM_01"
"fm",1,1021,375,"gene4537","MT-ND3","FM_14"
"fm",1,1021,376,"gene3490","IGFBP7","FM_17"
"fm",1,1021,377,"gene84766","CRACR2A","FM_03"
"fm",1,1021,378,"gene944","TNFSF8","FM_02"
"fm",1,1021,379,"gene366","AQP9","FM_12"
"fm",1,1021,380,"gene9934","P2RY14","FM_04"
"fm",1,1021,381,"gene7846","TUBA1A","FM_12"
"fm",1,1021,382,"gene6478","SIAH2","FM_07"
"fm",1,1021,383,"gene6171","RPL41","FM_04"
"fm",1,1021,384,"gene6152","RPL24","FM_11"
"fm",1,1021,385,"gene360","AQP3","FM_09"
"fm",1,1021,386,"gene2214","FCGR3A","FM_06"
"fm",1,1021,387,"gene3004","GZMM","FM_11"
"fm",1,1021,388,"gene5494","PPM1A","FM_07"
"fm",1,1021,389,"gene1232","CCR3","FM_04"
"fm",1,1021,390,"gene4953","ODC1","FM_15"
"fm",1,1021,391,"gene3274","HRH2","FM_05"
"fm",1,1021,392,"gene5577","PRKAR2B","FM_13"
"fm",1,1021,393,"gene9254","CACNA2D2","FM_11"
"fm",1,1021,394,"gene915","CD3D","FM_02"
"fm",1,1021,395,"gene3123","HLA-DRB1","FM_16"
"fm",1,1021,396,"gene154","ADRB2","FM_04"
"fm",1,1021,397,"gene929","CD14","FM_10"
"fm",1,1021,398,"gene3577","CXCR1","FM_01"
"fm",1,1021,399,"gene1880","GPR183","FM_06"
"fm",1,1021,400,"gene6204","RPS10","FM_13"
"fm",1,1021,401,"gene6224","RPS20","FM_20"
"fm",1,1021,402,"gene126231","ZNF573","FM_13"
"fm",1,1021,403,"gene57514","ARHGAP31","FM_06"
"fm",1,1021,404,"gene31","ACACA","FM_07"
"fm",1,1021,405,"gene1870","E2F2","FM_06"
"fm",1,1021,406,"gene10449","ACAA2","FM_10"
"fm",1,1021,407,"gene114907","FBXO32","FM_14"
"fm",1,1021,408,"gene6139","RPL17","FM_03"
"fm",1,1021,409,"gene79887","PLBD1","FM_10"
"fm",1,1021,410,"gene2793","GNGT2","FM_04"
"fm",1,1021,411,"gene2059","EPS8","FM_01"
"fm",1,1021,412,"gene8334","H2AC6","FM_13"
"fm",1,1021,413,"gene3613","IMPA2","FM_01"
"fm",1,1021,414,"gene170622","COMMD6","FM_15"
"fm",1,1021,415,"gene2550","GABBR1","FM_05"
"fm",1,1021,416,"gene3572","IL6ST","FM_17"
"fm",1,1021,417,"gene2950","GSTP1","FM_13"
"fm",1,1021,418,"gene2081","ERN1","FM_06"
"fm",1,1021,419,"gene4792","NFKBIA","FM_07"
"fm",1,1021,420,"gene9398","CD101","FM_05"
"fm",1,1021,421,"gene3028","HSD17B10","FM_09"
"fm",1,1021,422,"gene6241","RRM2","FM_02"
"fm",1,1021,423,"gene23401","FRAT2","FM_17"
"fm",1,1021,424,"gene8794","TNFRSF10C","FM_06"
"fm",1,1021,425,"gene22800","RRAS2","FM_04"
"fm",1,1021,426,"gene3398","ID2","FM_12"
"fm",1,1021,427,"gene4068","SH2D1A","FM_10"
"fm",1,1021,428,"gene6286","S100P","FM_02"
"fm",1,1021,429,"gene157285","PRAG1","FM_16"
"fm",1,1021,430,"gene3340","NDST1","FM_07"
"fm",1,1021,431,"gene85441","HELZ2","FM_12"
"fm",1,1021,432,"gene6144","RPL21","FM_04"
"fm",1,1021,433,"gene8638","OASL","FM_04"
"fm",1,1021,434,"gene54407","SLC38A2","FM_18"
"fm",1,1021,435,"gene81794","ADAMTS10","FM_09"
"fm",1,1021,436,"gene6272","SORT1","FM_13"
"fm",1,1021,437,"gene445582","POTEE","FM_03"
"fm",1,1021,438,"gene1345","COX6C","FM_13"
"fm",1,1021,439,"gene6146","RPL22","FM_07"
"fm",1,1021,440,"gene514","ATP5F1E","FM_09"
"fm",1,1021,441,"gene6155","RPL27","FM_10"
"fm",1,1021,442,"gene6160","RPL31","FM_02"
"fm",1,1021,443,"gene162966","ZNF600","FM_09"
"fm",1,1021,444,"gene3728","JUP","FM_07"
"fm",1,1021,445,"gene26289","AK5","FM_05"
"fm",1,1021,446,"gene2768","GNA12","FM_04"
"fm",1,1021,447,"gene26268","FBXO9","FM_06"
"fm",1,1021,448,"gene6647","SOD1","FM_16"
"fm",1,1021,449,"gene7320","UBE2B","FM_08"
"fm",1,1021,450,"gene3430","IFI35","FM_08"
"fm",1,1021,451,"gene389","RHOC","FM_01"
"fm",1,1021,452,"gene4261","CIITA","FM_08"
"fm",1,1021,453,"gene65018","PINK1","FM_03"
"fm",1,1021,454,"gene146850","PIK3R6","FM_14"
"fm",1,1021,455,"gene301","ANXA1","FM_06"
"fm",1,1021,456,"gene63893","UBE2O","FM_02"
"fm",1,1021,457,"gene6886","TAL1","FM_13"
"fm",1,1021,458,"gene54498","SMOX","FM_05"
"fm",1,1021,459,"gene57630","SH3RF1","FM_10"
"fm",1,1021,460,"gene1471","CST3","FM_19"
"fm",1,1021,461,"gene56005","MYDGF","FM_10"
"fm",1,1021,462,"gene8536","CAMK1","FM_01"
"fm",1,1021,463,"gene10219","KLRG1","FM_06"
"fm",1,1021,464,"gene5052","PRDX1","FM_14"
"fm",1,1021,465,"gene838","CASP5","FM_15"
"fm",1,1021,466,"gene682","BSG","FM_10"
"fm",1,1021,467,"gene3164","NR4A1","FM_01"
"fm",1,1021,468,"gene1475","CSTA","FM_19"
"fm",1,1021,469,"gene5610","EIF2AK2","FM_02"
"fm",1,1021,470,"gene6352","CCL5","FM_06"
"fm",1,1021,471,"gene2634","GBP2","FM_14"
"fm",1,1021,472,"gene5721","PSME2","FM_06"
"fm",1,1021,473,"gene127933","UHMK1","FM_11"
"fm",1,1021,474,"gene6168","RPL37A","FM_20"
"fm",1,1021,475,"gene3115","HLA-DPB1","FM_18"
"fm",1,1021,476,"gene8718","TNFRSF25","FM_19"
"fm",1,1021,477,"gene80727","TTYH3","FM_10"
"fm",1,1021,478,"gene221472","FGD2","FM_06"
"fm",1,1021,479,"gene1350","COX7C","FM_01"
"fm",1,1021,480,"gene6641","SNTB1","FM_06"
"fm",1,1021,481,"gene4900","NRGN","FM_17"
"fm",1,1021,482,"gene5141","PDE4A","FM_11"
"fm",1,1021,483,"gene5027","P2RX7","FM_18"
"fm",1,1021,484,"gene219333","USP12","FM_10"
"fm",1,1021,485,"gene302","ANXA2","FM_04"
"fm",1,1021,486,"gene4353","MPO","FM_08"
"fm",1,1021,487,"gene8724","SNX3","FM_16"
"fm",1,1021,488,"gene25801","GCA","FM_01"
"fm",1,1021,489,"gene968","CD68","FM_06"
"fm",1,1021,490,"gene122416","ANKRD9","FM_15"
"fm",1,1021,491,"gene2153","F5","FM_19"
"fm",1,1021,492,"gene9531","BAG3","FM_12"
"fm",1,1021,493,"gene23191","CYFIP1","FM_02"
"fm",1,1021,494,"gene8787","RGS9","FM_13"
"fm",1,1021,495,"gene6280","S100A9","FM_02"
"fm",1,1021,496,"gene54790","TET2","FM_14"
"fm",1,1021,497,"gene1116","CHI3L1","FM_19"
"fm",1,1021,498,"gene6194","RPS6","FM_05"
"fm",1,1021,499,"gene6154","RPL26","FM_02"
"fm",1,1021,500,"gene22914","KLRK1","FM_11"
"fm",1,1021,501,"gene1593","CYP27A1","FM_03"
"fm",1,1021,502,"gene91319","DERL3","FM_01"
"fm",1,1021,503,"gene3646","EIF3E","FM_01"
"fm",1,1021,504,"gene6206","RPS12","FM_07"
"fm",1,1021,505,"gene321","APBA2","FM_03"
"fm",1,1021,506,"gene7273","TTN","FM_02"
"fm",1,1021,507,"gene8875","VNN2","FM_11"
"fm",1,1021,508,"gene28996","HIPK2","FM_16"
"fm",1,1021,509,"gene1512","CTSH","FM_12"
"fm",1,1021,510,"gene25824","PRDX5","FM_16"
"fm",1,1021,511,"gene10963","STIP1","FM_08"
"fm",1,1021,512,"gene217","ALDH2","FM_01"
"fm",1,1021,513,"gene114879","OSBPL5","FM_04"
"fm",1,1021,514,"gene25956","SEC31B","FM_06"
"fm",1,1021,515,"gene3566","IL4R","FM_04"
"fm",1,1021,516,"gene4833","NME4","FM_02"
"fm",1,1021,517,"gene133522","PPARGC1B","FM_03"
"fm",1,1021,518,"gene5140","PDE3B","FM_08"
"fm",1,1021,519,"gene55432","YOD1","FM_10"
"fm",1,1021,520,"gene1675","CFD","FM_01"
"fm",1,1021,521,"gene23475","QPRT","FM_07"
"fm",1,1021,522,"gene330","BIRC3","FM_17"
"fm",1,1021,523,"gene3925","STMN1","FM_06"
"fm",1,1021,524,"gene3693","ITGB5","FM_05"
"fm",1,1021,525,"gene6175","RPLP0","FM_05"
"fm",1,1021,526,"gene6161","RPL32","FM_15"
"fm",1,1021,527,"gene7311","UBA52","FM_12"
"fm",1,1021,528,"gene4831","NME2","FM_05"
"fm",1,1021,529,"gene6141","RPL18","FM_04"
"fm",1,1021,530,"gene6713","SQLE","FM_03"
"fm",1,1021,531,"gene8905","AP1S2","FM_06"
"fm",1,1021,532,"gene4303","FOXO4","FM_10"
"fm",1,1021,533,"gene8669","EIF3J","FM_10"
"fm",1,1021,534,"gene146330","FBXL16","FM_06"
"fm",1,1021,535,"gene6165","RPL35A","FM_09"
"fm",1,1021,536,"gene4502","MT2A","FM_06"
"fm",1,1021,537,"gene22885","ABLIM3","FM_02"
"fm",1,1021,538,"gene513","ATP5F1D","FM_14"
"fm",1,1021,539,"gene51734","MSRB1","FM_05"
"fm",1,1021,540,"gene10871","CD300C","FM_14"
"fm",1,1021,541,"gene6228","RPS23","FM_01"
"fm",1,1021,542,"gene143686","SESN3","FM_02"
"fm",1,1021,543,"gene51024","FIS1","FM_04"
"fm",1,1021,544,"gene6191","RPS4X","FM_15"
"fm",1,1021,545,"gene2781","GNAZ","FM_16"
"fm",1,1021,546,"gene6001","RGS10","FM_14"
"fm",1,1021,547,"gene84874","ZNF514","FM_14"
"fm",1,1021,548,"gene84131","CEP78","FM_01"
"fm",1,1021,549,"gene4605","MYBL2","FM_05"
"fm",1,1021,550,"gene3822","KLRC2","FM_02"
"fm",1,1021,551,"gene8140","SLC7A5","FM_14"
"fm",1,1021,552,"gene2048","EPHB2","FM_07"
"fm",1,1021,553,"gene3394","IRF8","FM_07"
"fm",1,1021,554,"gene80139","ZNF703","FM_10"
"fm",1,1021,555,"gene5727","PTCH1","FM_16"
"fm",1,1021,556,"gene6721","SREBF2","FM_08"
"fm",1,1021,557,"gene6648","SOD2","FM_01"
"fm",1,1021,558,"gene5836","PYGL","FM_07"
"fm",1,1021,559,"gene2947","GSTM3","FM_10"
"fm",1,1021,560,"gene4345","CD200","FM_11"
"fm",1,1021,561,"gene151742","PPM1L","FM_05"
"fm",1,1021,562,"gene340205","TREML1","FM_04"
"fm",1,1021,563,"gene708","C1QBP","FM_07"
"fm",1,1021,564,"gene7169","TPM2","FM_06"
"fm",1,1021,565,"gene6202","RPS8","FM_06"
"fm",1,1021,566,"gene3480","IGF1R","FM_04"
"fm",1,1021,567,"gene66002","CYP4F12","FM_17"
"fm",1,1021,568,"gene388931","MFSD2B","FM_06"
"fm",1,1021,569,"gene133","ADM","FM_03"
"fm",1,1021,570,"gene6147","RPL23A","FM_05"
"fm",1,1021,571,"gene3579","CXCR2","FM_08"
"fm",1,1021,572,"gene6142","RPL18A","FM_14"
"fm",1,1021,573,"gene4282","MIF","FM_07"
"fm",1,1021,574,"gene3336","HSPE1","FM_02"
"fm",1,1021,575,"gene4773","NFATC2","FM_15"
"fm",1,1021,576,"gene2787","GNG5","FM_09"
"fm",1,1021,577,"gene10437","IFI30","FM_02"
"fm",1,1021,578,"gene161882","ZFPM1","FM_08"
"fm",1,1021,579,"gene2357","FPR1","FM_03"
"fm",1,1021,580,"gene6635","SNRPE","FM_04"
"fm",1,1021,581,"gene56975","FAM20C","FM_06"
"fm",1,1021,582,"gene2162","F13A1","FM_05"
"fm",1,1021,583,"gene9231","DLG5","FM_16"
"fm",1,1021,584,"gene10859","LILRB1","FM_09"
"fm",1,1021,585,"gene933","CD22","FM_06"
"fm",1,1021,586,"gene942","CD86","FM_11"
"fm",1,1021,587,"gene9145","SYNGR1","FM_01"
"fm",1,1021,588,"gene2058","EPRS1","FM_03"
"fm",1,1021,589,"gene6556","SLC11A1","FM_01"
"fm",1,1021,590,"gene6217","RPS16","FM_06"
"fm",1,1021,591,"gene80012","PHC3","FM_01"
"fm",1,1021,592,"gene2776","GNAQ","FM_01"
"fm",1,1021,593,"gene6169","RPL38","FM_13"
"fm",1,1021,594,"gene117155","CATSPER2","FM_08"
"fm",1,1021,595,"gene25946","ZNF385A","FM_02"
"fm",1,1021,596,"gene134429","STARD4","FM_05"
"fm",1,1021,597,"gene3556","IL1RAP","FM_03"
"fm",1,1021,598,"gene7128","TNFAIP3","FM_04"
"fm",1,1021,599,"gene6159","RPL29","FM_01"
"fm",1,1021,600,"gene9194","SLC16A7","FM_04"
"fm",1,1021,601,"gene275","AMT","FM_02"
"fm",1,1021,602,"gene5567","PRKACB","FM_08"
"fm",1,1021,603,"gene83988","NCALD","FM_01"
"fm",1,1021,604,"gene9580","SOX13","FM_14"
"fm",1,1021,605,"gene4708","NDUFB2","FM_09"
"fm",1,1021,606,"gene3575","IL7R","FM_09"
"fm",1,1021,607,"gene4830","NME1","FM_15"
"fm",1,1021,608,"gene27287","VENTX","FM_07"
"fm",1,1021,609,"gene55423","SIRPG","FM_14"
"fm",1,1021,610,"gene4646","MYO6","FM_17"
"fm",1,1021,611,"gene58477","SRPRB","FM_10"
"fm",1,1021,612,"gene6188","RPS3","FM_01"
"fm",1,1021,613,"gene54583","EGLN1","FM_19"
"fm",1,1021,614,"gene1163","CKS1B","FM_02"
"fm",1,1021,615,"gene5732","PTGER2","FM_15"
"fm",1,1021,616,"gene306","ANXA3","FM_16"
"fm",1,1021,617,"gene1043","CD52","FM_01"
"fm",1,1021,618,"gene7203","CCT3","FM_17"
"fm",1,1021,619,"gene2206","MS4A2","FM_03"
"fm",1,1021,620,"gene6173","RPL36A","FM_14"
"fm",1,1021,621,"gene79071","ELOVL6","FM_06"
"fm",1,1021,622,"gene6039","RNASE6","FM_07"
"fm",1,1021,623,"gene123","PLIN2","FM_01"
"fm",1,1021,624,"gene8541","PPFIA3","FM_13"
"fm",1,1021,625,"gene1890","TYMP","FM_03"
"fm",1,1021,626,"gene3386","ICAM4","FM_03"
"fm",1,1021,627,"gene3595","IL12RB2","FM_06"
"fm",1,1021,628,"gene9045","RPL14","FM_08"
"fm",1,1021,629,"gene55466","DNAJA4","FM_06"
"fm",1,1021,630,"gene5966","REL","FM_04"
"fm",1,1021,631,"gene54210","TREM1","FM_08"
"fm",1,1021,632,"gene4638","MYLK","FM_13"
"fm",1,1021,633,"gene3717","JAK2","FM_17"
"fm",1,1021,634,"gene2309","FOXO3","FM_08"
"fm",1,1021,635,"gene140807","KRT72","FM_11"
"fm",1,1021,636,"gene8320","EOMES","FM_10"
"fm",1,1021,637,"gene6207","RPS13","FM_09"
"fm",1,1021,638,"gene2201","FBN2","FM_02"
"fm",1,1021,639,"gene3486","IGFBP3","FM_09"
"fm",1,1021,640,"gene79834","PEAK1","FM_14"
"fm",1,1021,641,"gene57698","SHTN1","FM_14"
"fm",1,1021,642,"gene463","ZFHX3","FM_01"
"fm",1,1021,643,"gene6375","XCL1","FM_08"
"fm",1,1021,644,"gene57654","UVSSA","FM_03"
"fm",1,1021,645,"gene539","ATP5PO","FM_10"
"fm",1,1021,646,"gene597","BCL2A1","FM_17"
"fm",1,1021,647,"gene719","C3AR1","FM_12"
"fm",1,1021,648,"gene83999","KREMEN1","FM_15"
"fm",1,1021,649,"gene56172","ANKH","FM_10"
"fm",1,1021,650,"gene710","SERPING1","FM_07"
"fm",1,1021,651,"gene10462","CLEC10A","FM_15"
"fm",1,1021,652,"gene6209","RPS15","FM_03"
"fm",1,1021,653,"gene527","ATP6V0C","FM_16"
"fm",1,1021,654,"gene81030","ZBP1","FM_13"
"fm",1,1021,655,"gene6095","RORA","FM_02"
"fm",1,1021,656,"gene1051","CEBPB","FM_08"
"fm",1,1021,657,"gene6233","RPS27A","FM_20"
"fm",1,1021,658,"gene5901","RAN","FM_05"
"fm",1,1021,659,"gene9170","LPAR2","FM_08"
"fm",1,1021,660,"gene2317","FLNB","FM_01"
"fm",1,1021,661,"gene2203","FBP1","FM_01"
"fm",1,1021,662,"gene2017","CTTN","FM_08"
"fm",1,1021,663,"gene6218","RPS17","FM_01"
"fm",1,1021,664,"gene192286","HIGD2A","FM_01"
"fm",1,1021,665,"gene259173","ALS2CL","FM_18"
"fm",1,1021,666,"gene10549","PRDX4","FM_17"
"fm",1,1021,667,"gene23547","LILRA4","FM_13"
"fm",1,1021,668,"gene353","APRT","FM_10"
"fm",1,1021,669,"gene51389","RWDD1","FM_10"
"fm",1,1021,670,"gene100996939","PYURF","FM_20"
"fm",1,1021,671,"gene84992","PIGY","FM_03"
"fm",1,1021,672,"gene59285","CACNG6","FM_05"
"fm",1,1021,673,"gene940","CD28","FM_04"
"fm",1,1021,674,"gene760","CA2","FM_07"
"fm",1,1021,675,"gene2760","GM2A","FM_15"
"fm",1,1021,676,"gene8349","H2BC21","FM_15"
"fm",1,1021,677,"gene978","CDA","FM_06"
"fm",1,1021,678,"gene2790","GNG10","FM_01"
"fm",1,1021,679,"gene54843","SYTL2","FM_05"
"fm",1,1021,680,"gene10870","HCST","FM_20"
"fm",1,1021,681,"gene671","BPI","FM_08"
"fm",1,1021,682,"gene27102","EIF2AK1","FM_10"
"fm",1,1021,683,"gene3772","KCNJ15","FM_02"
"fm",1,1021,684,"gene1436","CSF1R","FM_11"
"fm",1,1021,685,"gene728294","D2HGDH","FM_06"
"fm",1,1021,686,"gene6167","RPL37","FM_07"
"fm",1,1021,687,"gene6134","RPL10","FM_19"
"fm",1,1021,688,"gene8714","ABCC3","FM_10"
"fm",1,1021,689,"gene6125","RPL5","FM_16"
"fm",1,1021,690,"gene56953","NT5M","FM_09"
"fm",1,1021,691,"gene8482","SEMA7A","FM_07"
"fm",1,1021,692,"gene64759","TNS3","FM_15"
"fm",1,1021,693,"gene90990","KIFC2","FM_01"
"fm",1,1021,694,"gene2194","FASN","FM_06"
"fm",1,1021,695,"gene4736","RPL10A","FM_02"
"fm",1,1021,696,"gene974","CD79B","FM_05"
"fm",1,1021,697,"gene4869","NPM1","FM_01"
"fm",1,1021,698,"gene5016","OVGP1","FM_02"
"fm",1,1021,699,"gene3590","IL11RA","FM_08"
"fm",1,1021,700,"gene23645","PPP1R15A","FM_04"
"fm",1,1021,701,"gene23677","SH3BP4","FM_15"
"fm",1,1021,702,"gene155066","ATP6V0E2","FM_01"
"fm",1,1021,703,"gene8993","PGLYRP1","FM_01"
"fm",1,1021,704,"gene4069","LYZ","FM_08"
"fm",1,1021,705,"gene1848","DUSP6","FM_09"
"fm",1,1021,706,"gene1717","DHCR7","FM_17"
"fm",1,1021,707,"gene55967","NDUFA12","FM_03"
"fm",1,1021,708,"gene30817","ADGRE2","FM_10"
"fm",1,1021,709,"gene643","CXCR5","FM_07"
"fm",1,1021,710,"gene10857","PGRMC1","FM_09"
"fm",1,1021,711,"gene1312","COMT","FM_07"
"fm",1,1021,712,"gene51386","EIF3L","FM_01"
"fm",1,1021,713,"gene1536","CYBB","FM_08"
"fm",1,1021,714,"gene8740","TNFSF14","FM_07"
"fm",1,1021,715,"gene27339","PRPF19","FM_10"
"fm",1,1021,716,"gene84443","FRMPD3","FM_12"
"fm",1,1021,717,"gene5621","PRNP","FM_18"
"fm",1,1021,718,"gene3903","LAIR1","FM_16"
"fm",1,1021,719,"gene3312","HSPA8","FM_03"
"fm",1,1021,720,"gene1803","DPP4","FM_14"
"fm",1,1021,721,"gene23586","RIGI","FM_08"
"fm",1,1021,722,"gene23327","NEDD4L","FM_03"
"fm",1,1021,723,"gene3091","HIF1A","FM_08"
"fm",1,1021,724,"gene57571","CARNS1","FM_01"
"fm",1,1021,725,"gene89790","SIGLEC10","FM_06"
"fm",1,1021,726,"gene8111","GPR68","FM_06"
"fm",1,1021,727,"gene4660","PPP1R12B","FM_11"
"fm",1,1021,728,"gene64425","POLR1E","FM_19"
"fm",1,1021,729,"gene10728","PTGES3","FM_09"
"fm",1,1021,730,"gene140809","SRXN1","FM_05"
"fm",1,1021,731,"gene23250","ATP11A","FM_04"
"fm",1,1021,732,"gene8821","INPP4B","FM_09"
"fm",1,1021,733,"gene57162","PELI1","FM_02"
"fm",1,1021,734,"gene6137","RPL13","FM_16"
"fm",1,1021,735,"gene4000","LMNA","FM_02"
"fm",1,1021,736,"gene5209","PFKFB3","FM_20"
"fm",1,1021,737,"gene56993","TOMM22","FM_03"
"fm",1,1021,738,"gene7090","TLE3","FM_01"
"fm",1,1021,739,"gene7494","XBP1","FM_02"
"fm",1,1021,740,"gene718","C3","FM_15"
"fm",1,1021,741,"gene64167","ERAP2","FM_09"
"fm",1,1021,742,"gene2149","F2R","FM_02"
"fm",1,1021,743,"gene81857","MED25","FM_04"
"fm",1,1021,744,"gene1891","ECH1","FM_08"
"fm",1,1021,745,"gene8673","VAMP8","FM_18"
"fm",1,1021,746,"gene6720","SREBF1","FM_03"
"fm",1,1021,747,"gene8607","RUVBL1","FM_12"
"fm",1,1021,748,"gene8682","PEA15","FM_20"
"fm",1,1021,749,"gene10055","SAE1","FM_10"
"fm",1,1021,750,"gene85439","STON2","FM_17"
"fm",1,1021,751,"gene10913","EDAR","FM_04"
"fm",1,1021,752,"gene6843","VAMP1","FM_11"
"fm",1,1021,753,"gene3557","IL1RN","FM_02"
"fm",1,1021,754,"gene5603","MAPK13","FM_01"
"fm",1,1021,755,"gene28984","RGCC","FM_05"
"fm",1,1021,756,"gene319101","KRT73","FM_13"
"fm",1,1021,757,"gene1296","COL8A2","FM_16"
"fm",1,1021,758,"gene27242","TNFRSF21","FM_16"
"fm",1,1021,759,"gene10051","SMC4","FM_01"
"fm",1,1021,760,"gene8780","RIOK3","FM_13"
"fm",1,1021,761,"gene55558","PLXNA3","FM_02"
"fm",1,1021,762,"gene6138","RPL15","FM_02"
"fm",1,1021,763,"gene55704","CCDC88A","FM_09"
"fm",1,1021,764,"gene6513","SLC2A1","FM_03"
"fm",1,1021,765,"gene1622","DBI","FM_06"
"fm",1,1021,766,"gene4171","MCM2","FM_07"
"fm",1,1021,767,"gene64981","MRPL34","FM_06"
"fm",1,1021,768,"gene23136","EPB41L3","FM_08"
"fm",1,1021,769,"gene9450","LY86","FM_05"
"fm",1,1021,770,"gene6176","RPLP1","FM_11"
"fm",1,1021,771,"gene23305","ACSL6","FM_09"
"fm",1,1021,772,"gene64386","MMP25","FM_15"
"fm",1,1021,773,"gene6230","RPS25","FM_02"
"fm",1,1021,774,"gene10276","NET1","FM_02"
"fm",1,1021,775,"gene80739","MPIG6B","FM_03"
"fm",1,1021,776,"gene10875","FGL2","FM_01"
"fm",1,1021,777,"gene56261","GPCPD1","FM_01"
"fm",1,1021,778,"gene24138","IFIT5","FM_02"
"fm",1,1021,779,"gene2053","EPHX2","FM_03"
"fm",1,1021,780,"gene80005","DOCK5","FM_20"
"fm",1,1021,781,"gene79888","LPCAT1","FM_07"
"fm",1,1021,782,"gene29107","NXT1","FM_18"
"fm",1,1021,783,"gene4193","MDM2","FM_01"
"fm",1,1021,784,"gene2358","FPR2","FM_19"
"fm",1,1021,785,"gene10161","LPAR6","FM_13"
"fm",1,1021,786,"gene9759","HDAC4","FM_11"
"fm",1,1021,787,"gene10654","PMVK","FM_11"
"fm",1,1021,788,"gene84254","CAMKK1","FM_08"
"fm",1,1021,789,"gene1378","CR1","FM_01"
"fm",1,1021,790,"gene10575","CCT4","FM_11"
"fm",1,1021,791,"gene53834","FGFRL1","FM_04"
"fm",1,1021,792,"gene3459","IFNGR1","FM_18"
"fm",1,1021,793,"gene22918","CD93","FM_07"
"fm",1,1021,794,"gene2281","FKBP1B","FM_05"
"fm",1,1021,795,"gene84628","NTNG2","FM_12"
"fm",1,1021,796,"gene94015","TTYH2","FM_14"
"fm",1,1021,797,"gene6923","ELOB","FM_19"
"fm",1,1021,798,"gene253260","RICTOR","FM_02"
"fm",1,1021,799,"gene7476","WNT7A","FM_07"
"fm",1,1021,800,"gene10516","FBLN5","FM_19"
"fm",1,1021,801,"gene917","CD3G","FM_01"
"fm",1,1021,802,"gene3014","H2AX","FM_06"
"fm",1,1021,803,"gene2197","FAU","FM_06"
"fm",1,1021,804,"gene5087","PBX1","FM_05"
"fm",1,1021,805,"gene5245","PHB1","FM_13"
"fm",1,1021,806,"gene10783","NEK6","FM_15"
"fm",1,1021,807,"gene55827","DCAF6","FM_14"
"fm",1,1021,808,"gene1032","CDKN2D","FM_17"
"fm",1,1021,809,"gene864","RUNX3","FM_08"
"fm",1,1021,810,"gene51176","LEF1","FM_14"
"fm",1,1021,811,"gene1230","CCR1","FM_01"
"fm",1,1021,812,"gene8542","APOL1","FM_03"
"fm",1,1021,813,"gene5296","PIK3R2","FM_02"
"fm",1,1021,814,"gene7381","UQCRB","FM_10"
"fm",1,1021,815,"gene4689","NCF4","FM_15"
"fm",1,1021,816,"gene6157","RPL27A","FM_14"
"fm",1,1021,817,"gene2199","FBLN2","FM_17"
"fm",1,1021,818,"gene7706","TRIM25","FM_06"
"fm",1,1021,819,"gene9241","NOG","FM_09"
"fm",1,1021,820,"gene123041","SLC24A4","FM_03"
"fm",1,1021,821,"gene9314","KLF4","FM_02"
"fm",1,1021,822,"gene8815","BANF1","FM_13"
"fm",1,1021,823,"gene26232","FBXO2","FM_01"
"fm",1,1021,824,"gene1019","CDK4","FM_01"
"fm",1,1021,825,"gene23433","RHOQ","FM_05"
"fm",1,1021,826,"gene64135","IFIH1","FM_12"
"fm",1,1021,827,"gene3094","HINT1","FM_02"
"fm",1,1021,828,"gene91584","PLXNA4","FM_17"
"fm",1,1021,829,"gene55112","DYNC2I1","FM_16"
"fm",1,1021,830,"gene8741","TNFSF13","FM_18"
"fm",1,1021,831,"gene7036","TFR2","FM_19"
"fm",1,1021,832,"gene51380","CSAD","FM_12"
"fm",1,1021,833,"gene2219","FCN1","FM_20"
"fm",1,1021,834,"gene5728","PTEN","FM_15"
"fm",1,1021,835,"gene4703","NEB","FM_08"
"fm",1,1021,836,"gene4092","SMAD7","FM_13"
"fm",1,1021,837,"gene1175","AP2S1","FM_01"
"fm",1,1021,838,"gene22836","RHOBTB3","FM_07"
"fm",1,1021,839,"gene23463","ICMT","FM_18"
"fm",1,1021,840,"gene59340","HRH4","FM_16"
"fm",1,1021,841,"gene3068","HDGF","FM_01"
"fm",1,1021,842,"gene6229","RPS24","FM_13"
"fm",1,1021,843,"gene55615","PRR5","FM_01"
"fm",1,1021,844,"gene4332","MNDA","FM_07"
"fm",1,1021,845,"gene5775","PTPN4","FM_03"
"fm",1,1021,846,"gene3959","LGALS3BP","FM_04"
"fm",1,1021,847,"gene9334","B4GALT5","FM_15"
"fm",1,1021,848,"gene57674","RNF213","FM_08"
"fm",1,1021,849,"gene653361","NCF1","FM_07"
"fm",1,1021,850,"gene2739","GLO1","FM_12"
"fm",1,1021,851,"gene26140","TTLL3","FM_08"
"fm",1,1021,852,"gene27018","BEX3","FM_11"
"fm",1,1021,853,"gene912","CD1D","FM_07"
"fm",1,1021,854,"gene54549","SDK2","FM_02"
"fm",1,1021,855,"gene2625","GATA3","FM_04"
"fm",1,1021,856,"gene4809","SNU13","FM_16"
"fm",1,1021,857,"gene2215","FCGR3B","FM_03"
"fm",1,1021,858,"gene114822","RHPN1","FM_12"
"fm",1,1021,859,"gene962","CD48","FM_03"
"fm",1,1021,860,"gene8357","H3C10","FM_19"
"fm",1,1021,861,"gene221937","FOXK1","FM_04"
"fm",1,1021,862,"gene23423","TMED3","FM_13"
"fm",1,1021,863,"gene221037","JMJD1C","FM_08"
"fm",1,1021,864,"gene51650","MRPS33","FM_11"
"fm",1,1021,865,"gene868","CBLB","FM_05"
"fm",1,1021,866,"gene6732","SRPK1","FM_01"
"fm",1,1021,867,"gene4715","NDUFB9","FM_12"
"fm",1,1021,868,"gene6307","MSMO1","FM_14"
"fm",1,1021,869,"gene8519","IFITM1","FM_18"
"fm",1,1021,870,"gene6158","RPL28","FM_04"
"fm",1,1021,871,"gene161742","SPRED1","FM_05"
"fm",1,1021,872,"gene1154","CISH","FM_14"
"fm",1,1021,873,"gene8665","EIF3F","FM_16"
"fm",1,1021,874,"gene5197","PF4V1","FM_04"
"fm",1,1021,875,"gene4904","YBX1","FM_08"
"fm",1,1021,876,"gene80854","SETD7","FM_08"
"fm",1,1021,877,"gene7514","XPO1","FM_07"
"fm",1,1021,878,"gene706","TSPO","FM_09"
"fm",1,1021,879,"gene84159","ARID5B","FM_01"
"fm",1,1021,880,"gene5886","RAD23A","FM_08"
"fm",1,1021,881,"gene9651","PLCH2","FM_03"
"fm",1,1021,882,"gene80115","BAIAP2L2","FM_19"
"fm",1,1021,883,"gene7153","TOP2A","FM_19"
"fm",1,1021,884,"gene1628","DBP","FM_08"
"fm",1,1021,885,"gene3320","HSP90AA1","FM_04"
"fm",1,1021,886,"gene5800","PTPRO","FM_03"
"fm",1,1021,887,"gene55240","STEAP3","FM_02"
"fm",1,1021,888,"gene6150","MRPL23","FM_10"
"fm",1,1021,889,"gene8668","EIF3I","FM_11"
"fm",1,1021,890,"gene151636","DTX3L","FM_15"
"fm",1,1021,891,"gene290","ANPEP","FM_13"
"fm",1,1021,892,"gene7089","TLE2","FM_07"
"fm",1,1021,893,"gene54331","GNG2","FM_02"
"fm",1,1021,894,"gene54464","XRN1","FM_07"
"fm",1,1021,895,"gene728","C5AR1","FM_10"
"fm",1,1021,896,"gene4050","LTB","FM_02"
"fm",1,1021,897,"gene80201","HKDC1","FM_17"
"fm",1,1021,898,"gene11343","MGLL","FM_11"
"fm",1,1021,899,"gene22898","DENND3","FM_08"
"fm",1,1021,900,"gene64061","TSPYL2","FM_09"
"fm",1,1021,901,"gene1937","EEF1G","FM_17"
"fm",1,1021,902,"gene1269","CNR2","FM_05"
"fm",1,1021,903,"gene27335","EIF3K","FM_04"
"fm",1,1021,904,"gene10154","PLXNC1","FM_14"
"fm",1,1021,905,"gene1241","LTB4R","FM_04"
"fm",1,1021,906,"gene60489","APOBEC3G","FM_17"
"fm",1,1021,907,"gene51310","SLC22A17","FM_16"
"fm",1,1021,908,"gene10811","NOXA1","FM_01"
"fm",1,1021,909,"gene25885","POLR1A","FM_17"
"fm",1,1021,910,"gene1233","CCR4","FM_15"
"fm",1,1021,911,"gene57105","CYSLTR2","FM_07"
"fm",1,1021,912,"gene51747","LUC7L3","FM_17"
"fm",1,1021,913,"gene56937","PMEPA1","FM_16"
"fm",1,1021,914,"gene4509","MT-ATP8","FM_01"
"fm",1,1021,915,"gene4522","MTHFD1","FM_13"
"fm",1,1021,916,"gene7056","THBD","FM_02"
"fm",1,1021,917,"gene91749","SLC60A2","FM_07"
"fm",1,1021,918,"gene51320","MEX3C","FM_05"
"fm",1,1021,919,"gene2672","GFI1","FM_12"
"fm",1,1021,920,"gene8477","GPR65","FM_08"
"fm",1,1021,921,"gene216","ALDH1A1","FM_07"
"fm",1,1021,922,"gene10490","VTI1B","FM_01"
"fm",1,1021,923,"gene5351","PLOD1","FM_02"
"fm",1,1021,924,"gene9585","KIF20B","FM_17"
"fm",1,1021,925,"gene959","CD40LG","FM_12"
"fm",1,1021,926,"gene253782","CERS6","FM_15"
"fm",1,1021,927,"gene518","ATP5MC3","FM_17"
"fm",1,1021,928,"gene5411","PNN","FM_06"
"fm",1,1021,929,"gene2570","GABRR2","FM_12"
"fm",1,1021,930,"gene29116","MYLIP","FM_15"
"fm",1,1021,931,"gene10794","ZNF460","FM_16"
"fm",1,1021,932,"gene10970","CKAP4","FM_14"
"fm",1,1021,933,"gene79090","TRAPPC6A","FM_14"
"fm",1,1021,934,"gene6124","RPL4","FM_10"
"fm",1,1021,935,"gene932","MS4A3","FM_03"
"fm",1,1021,936,"gene55313","CPPED1","FM_19"
"fm",1,1021,937,"gene114882","OSBPL8","FM_08"
"fm",1,1021,938,"gene55701","ARHGEF40","FM_09"
"fm",1,1021,939,"gene610","HCN2","FM_01"
"fm",1,1021,940,"gene8863","PER3","FM_15"
"fm",1,1021,941,"gene3109","HLA-DMB","FM_03"
"fm",1,1021,942,"gene8313","AXIN2","FM_08"
"fm",1,1021,943,"gene83858","ATAD3B","FM_12"
"fm",1,1021,944,"gene11240","PADI2","FM_09"
"fm",1,1021,945,"gene1795","DOCK3","FM_03"
"fm",1,1021,946,"gene151306","GPBAR1","FM_02"
"fm",1,1021,947,"gene6132","RPL8","FM_08"
"fm",1,1021,948,"gene1514","CTSL","FM_05"
"fm",1,1021,949,"gene63891","RNF123","FM_03"
"fm",1,1021,950,"gene4172","MCM3","FM_09"
"fm",1,1021,951,"gene79143","MBOAT7","FM_03"
"fm",1,1021,952,"gene64772","ENGASE","FM_12"
"fm",1,1021,953,"gene25804","LSM4","FM_14"
"fm",1,1021,954,"gene29802","VPREB3","FM_12"
"fm",1,1021,955,"gene7433","VIPR1","FM_07"
"fm",1,1021,956,"gene1508","CTSB","FM_07"
"fm",1,1021,957,"gene1901","S1PR1","FM_09"
"fm",1,1021,958,"gene23530","NNT","FM_11"
"fm",1,1021,959,"gene79646","PANK3","FM_02"
"fm",1,1021,960,"gene89849","ATG16L2","FM_06"
"fm",1,1021,961,"gene7710","ZNF154","FM_03"
"fm",1,1021,962,"gene7027","TFDP1","FM_01"
"fm",1,1021,963,"gene2643","GCH1","FM_02"
"fm",1,1021,964,"gene200315","APOBEC3A","FM_07"
"fm",1,1021,965,"gene143884","CWF19L2","FM_07"
"fm",1,1021,966,"gene2948","GSTM4","FM_18"
"fm",1,1021,967,"gene9188","DDX21","FM_14"
"fm",1,1021,968,"gene4343","MOV10","FM_18"
"fm",1,1021,969,"gene219855","SLC37A2","FM_09"
"fm",1,1021,970,"gene1234","CCR5","FM_16"
"fm",1,1021,971,"gene51251","NT5C3A","FM_18"
"fm",1,1021,972,"gene3727","JUND","FM_03"
"fm",1,1021,973,"gene57449","PLEKHG5","FM_01"
"fm",1,1021,974,"gene7423","VEGFB","FM_02"
"fm",1,1021,975,"gene2026","ENO2","FM_09"
"fm",1,1021,976,"gene79414","LRFN3","FM_09"
"fm",1,1021,977,"gene120227","CYP2R1","FM_05"
"fm",1,1021,978,"gene975","CD81","FM_16"
"fm",1,1021,979,"gene9349","RPL23","FM_11"
"fm",1,1021,980,"gene84868","HAVCR2","FM_07"
"fm",1,1021,981,"gene23461","ABCA5","FM_02"
"fm",1,1021,982,"gene6122","RPL3","FM_03"
"fm",1,1021,983,"gene1435","CSF1","FM_11"
"fm",1,1021,984,"gene84418","CYSTM1","FM_05"
"fm",1,1021,985,"gene79930","DOK3","FM_03"
"fm",1,1021,986,"gene27336","HTATSF1","FM_06"
"fm",1,1021,987,"gene2833","CXCR3","FM_07"
"fm",1,1021,988,"gene338596","ST8SIA6","FM_06"
"fm",1,1021,989,"gene53822","FXYD7","FM_01"
"fm",1,1021,990,"gene51332","SPTBN5","FM_03"
"fm",1,1021,991,"gene56034","PDGFC","FM_08"
"fm",1,1021,992,"gene873","CBR1","FM_02"
"fm",1,1021,993,"gene9260","PDLIM7","FM_01"
"fm",1,1021,994,"gene26049","FAM169A","FM_19"
"fm",1,1021,995,"gene433","ASGR2","FM_13"
"fm",1,1021,996,"gene120892","LRRK2","FM_17"
"fm",1,1021,997,"gene3687","ITGAX","FM_10"
"fm",1,1021,998,"gene219","ALDH1B1","FM_08"
"fm",1,1021,999,"gene55252","ASXL2","FM_04"
"fm",1,1021,1000,"gene521","ATP5ME","FM_03"
"fm",2,1022,1,"gene246","ALOX15","FM_06"
"fm",2,1022,2,"gene212","ALAS2","FM_02"
"fm",2,1022,3,"gene1374","CPT1A","FM_05"
"fm",2,1022,4,"gene2289","FKBP5","FM_14"
"fm",2,1022,5,"gene3512","JCHAIN","FM_04"
"fm",2,1022,6,"gene54541","DDIT4","FM_13"
"fm",2,1022,7,"gene5187","PER1","FM_06"
"fm",2,1022,8,"gene3848","KRT1","FM_07"
"fm",2,1022,9,"gene6521","SLC4A1","FM_16"
"fm",2,1022,10,"gene6535","SLC6A8","FM_02"
"fm",2,1022,11,"gene27181","SIGLEC8","FM_13"
"fm",2,1022,12,"gene6622","SNCA","FM_11"
"fm",2,1022,13,"gene55437","STRADB","FM_02"
"fm",2,1022,14,"gene759","CA1","FM_10"
"fm",2,1022,15,"gene6710","SPTB","FM_06"
"fm",2,1022,16,"gene343171","OR2W3","FM_02"
"fm",2,1022,17,"gene4940","OAS3","FM_05"
"fm",2,1022,18,"gene5266","PI3","FM_12"
"fm",2,1022,19,"gene4635","MYL4","FM_08"
"fm",2,1022,20,"gene2766","GMPR","FM_18"
"fm",2,1022,21,"gene286","ANK1","FM_11"
"fm",2,1022,22,"gene55512","SMPD3","FM_05"
"fm",2,1022,23,"gene7111","TMOD1","FM_17"
"fm",2,1022,24,"gene1844","DUSP2","FM_16"
"fm",2,1022,25,"gene4057","LTF","FM_02"
"fm",2,1022,26,"gene10417","SPON2","FM_13"
"fm",2,1022,27,"gene249","ALPL","FM_10"
"fm",2,1022,28,"gene83888","FGFBP2","FM_13"
"fm",2,1022,29,"gene7704","ZBTB16","FM_03"
"fm",2,1022,30,"gene3568","IL5RA","FM_10"
"fm",2,1022,31,"gene7057","THBS1","FM_07"
"fm",2,1022,32,"gene2995","GYPC","FM_04"
"fm",2,1022,33,"gene4599","MX1","FM_08"
"fm",2,1022,34,"gene4811","NID1","FM_11"
"fm",2,1022,35,"gene4318","MMP9","FM_15"
"fm",2,1022,36,"gene5166","PDK4","FM_09"
"fm",2,1022,37,"gene2039","DMTN","FM_16"
"fm",2,1022,38,"gene51218","GLRX5","FM_17"
"fm",2,1022,39,"gene8660","IRS2","FM_01"
"fm",2,1022,40,"gene598","BCL2L1","FM_16"
"fm",2,1022,41,"gene2987","GUK1","FM_12"
"fm",2,1022,42,"gene11126","CD160","FM_13"
"fm",2,1022,43,"gene645","BLVRB","FM_03"
"fm",2,1022,44,"gene4541","MT-ND6","FM_05"
"fm",2,1022,45,"gene3437","IFIT3","FM_07"
"fm",2,1022,46,"gene3127","HLA-DRB5","FM_15"
"fm",2,1022,47,"gene2537","IFI6","FM_07"
"fm",2,1022,48,"gene51348","KLRF1","FM_01"
"fm",2,1022,49,"gene3119","HLA-DQB1","FM_17"
"fm",2,1022,50,"gene140","ADORA3","FM_02"
"fm",2,1022,51,"gene4784","NFIX","FM_01"
"fm",2,1022,52,"gene2999","GZMH","FM_03"
"fm",2,1022,53,"gene11251","PTGDR2","FM_09"
"fm",2,1022,54,"gene53637","S1PR5","FM_01"
"fm",2,1022,55,"gene4939","OAS2","FM_06"
"fm",2,1022,56,"gene1843","DUSP1","FM_08"
"fm",2,1022,57,"gene1052","CEBPD","FM_16"
"fm",2,1022,58,"gene573","BAG1","FM_07"
"fm",2,1022,59,"gene81567","TXNDC5","FM_07"
"fm",2,1022,60,"gene669","BPGM","FM_19"
"fm",2,1022,61,"gene788","SLC25A20","FM_06"
"fm",2,1022,62,"gene115362","GBP5","FM_17"
"fm",2,1022,63,"gene5909","RAP1GAP","FM_07"
"fm",2,1022,64,"gene3824","KLRD1","FM_08"
"fm",2,1022,65,"gene91543","RSAD2","FM_05"
"fm",2,1022,66,"gene3434","IFIT1","FM_11"
"fm",2,1022,67,"gene4061","LY6E","FM_07"
"fm",2,1022,68,"gene7097","TLR2","FM_05"
"fm",2,1022,69,"gene83715","ESPN","FM_07"
"fm",2,1022,70,"gene9636","ISG15","FM_02"
"fm",2,1022,71,"gene2235","FECH","FM_08"
"fm",2,1022,72,"gene10316","NMUR1","FM_10"
"fm",2,1022,73,"gene2633","GBP1","FM_04"
"fm",2,1022,74,"gene1668","DEFA3","FM_15"
"fm",2,1022,75,"gene3433","IFIT2","FM_13"
"fm",2,1022,76,"gene10644","IGF2BP2","FM_02"
"fm",2,1022,77,"gene687","KLF9","FM_19"
"fm",2,1022,78,"gene3949","LDLR","FM_09"
"fm",2,1022,79,"gene3029","HAGH","FM_04"
"fm",2,1022,80,"gene11098","PRSS23","FM_14"
"fm",2,1022,81,"gene10098","TSPAN5","FM_01"
"fm",2,1022,82,"gene54739","XAF1","FM_05"
"fm",2,1022,83,"gene3958","LGALS3","FM_03"
"fm",2,1022,84,"gene2322","FLT3","FM_02"
"fm",2,1022,85,"gene60675","PROK2","FM_12"
"fm",2,1022,86,"gene7280","TUBB2A","FM_09"
"fm",2,1022,87,"gene117157","SH2D1B","FM_13"
"fm",2,1022,88,"gene6772","STAT1","FM_10"
"fm",2,1022,89,"gene27087","B3GAT1","FM_06"
"fm",2,1022,90,"gene4684","NCAM1","FM_03"
"fm",2,1022,91,"gene5551","PRF1","FM_10"
"fm",2,1022,92,"gene23770","FKBP8","FM_03"
"fm",2,1022,93,"gene6563","SLC14A1","FM_16"
"fm",2,1022,94,"gene6170","RPL39","FM_04"
"fm",2,1022,95,"gene122618","PLD4","FM_06"
"fm",2,1022,96,"gene27090","ST6GALNAC4","FM_08"
"fm",2,1022,97,"gene84525","HOPX","FM_09"
"fm",2,1022,98,"gene1718","DHCR24","FM_05"
"fm",2,1022,99,"gene6351","CCL4","FM_08"
"fm",2,1022,100,"gene6189","RPS3A","FM_08"
"fm",2,1022,101,"gene4938","OAS1","FM_05"
"fm",2,1022,102,"gene25793","FBXO7","FM_06"
"fm",2,1022,103,"gene9902","MRC2","FM_04"
"fm",2,1022,104,"gene6614","SIGLEC1","FM_07"
"fm",2,1022,105,"gene665","BNIP3L","FM_03"
"fm",2,1022,106,"gene8651","SOCS1","FM_02"
"fm",2,1022,107,"gene9415","FADS2","FM_04"
"fm",2,1022,108,"gene115361","GBP4","FM_02"
"fm",2,1022,109,"gene10964","IFI44L","FM_09"
"fm",2,1022,110,"gene9734","HDAC9","FM_18"
"fm",2,1022,111,"gene10410","IFITM3","FM_08"
"fm",2,1022,112,"gene2935","GSPT1","FM_08"
"fm",2,1022,113,"gene10808","HSPH1","FM_16"
"fm",2,1022,114,"gene162466","PHOSPHO1","FM_09"
"fm",2,1022,115,"gene51094","ADIPOR1","FM_11"
"fm",2,1022,116,"gene10561","IFI44","FM_04"
"fm",2,1022,117,"gene25941","TPGS2","FM_15"
"fm",2,1022,118,"gene1299","COL9A3","FM_15"
"fm",2,1022,119,"gene9332","CD163","FM_08"
"fm",2,1022,120,"gene7049","TGFBR3","FM_14"
"fm",2,1022,121,"gene4603","MYBL1","FM_18"
"fm",2,1022,122,"gene30009","TBX21","FM_13"
"fm",2,1022,123,"gene51759","C9orf78","FM_07"
"fm",2,1022,124,"gene7088","TLE1","FM_01"
"fm",2,1022,125,"gene8843","HCAR3","FM_02"
"fm",2,1022,126,"gene84164","ASCC2","FM_01"
"fm",2,1022,127,"gene255488","RNF144B","FM_06"
"fm",2,1022,128,"gene1462","VCAN","FM_14"
"fm",2,1022,129,"gene9047","SH2D2A","FM_14"
"fm",2,1022,130,"gene10133","OPTN","FM_05"
"fm",2,1022,131,"gene997","CDC34","FM_05"
"fm",2,1022,132,"gene7314","UBB","FM_02"
"fm",2,1022,133,"gene5159","PDGFRB","FM_07"
"fm",2,1022,134,"gene51191","HERC5","FM_05"
"fm",2,1022,135,"gene26053","AUTS2","FM_04"
"fm",2,1022,136,"gene11213","IRAK3","FM_05"
"fm",2,1022,137,"gene4753","NELL2","FM_09"
"fm",2,1022,138,"gene241","ALOX5AP","FM_04"
"fm",2,1022,139,"gene8818","DPM2","FM_20"
"fm",2,1022,140,"gene5730","PTGDS","FM_14"
"fm",2,1022,141,"gene4897","NRCAM","FM_04"
"fm",2,1022,142,"gene266727","MDGA1","FM_02"
"fm",2,1022,143,"gene8644","AKR1C3","FM_03"
"fm",2,1022,144,"gene139189","DGKK","FM_16"
"fm",2,1022,145,"gene10398","MYL9","FM_09"
"fm",2,1022,146,"gene94240","EPSTI1","FM_10"
"fm",2,1022,147,"gene8131","NPRL3","FM_08"
"fm",2,1022,148,"gene2354","FOSB","FM_15"
"fm",2,1022,149,"gene54625","PARP14","FM_12"
"fm",2,1022,150,"gene26253","CLEC4E","FM_14"
"fm",2,1022,151,"gene166929","SGMS2","FM_05"
"fm",2,1022,152,"gene9619","ABCG1","FM_06"
"fm",2,1022,153,"gene10409","BASP1","FM_08"
"fm",2,1022,154,"gene2623","GATA1","FM_06"
"fm",2,1022,155,"gene948","CD36","FM_17"
"fm",2,1022,156,"gene3597","IL13RA1","FM_09"
"fm",2,1022,157,"gene5802","PTPRS","FM_05"
"fm",2,1022,158,"gene23569","PADI4","FM_02"
"fm",2,1022,159,"gene1831","TSC22D3","FM_10"
"fm",2,1022,160,"gene10578","GNLY","FM_07"
"fm",2,1022,161,"gene1088","CEACAM8","FM_02"
"fm",2,1022,162,"gene7453","WARS1","FM_08"
"fm",2,1022,163,"gene3992","FADS1","FM_01"
"fm",2,1022,164,"gene6279","S100A8","FM_02"
"fm",2,1022,165,"gene6768","ST14","FM_02"
"fm",2,1022,166,"gene147700","KLC3","FM_17"
"fm",2,1022,167,"gene2867","FFAR2","FM_18"
"fm",2,1022,168,"gene9021","SOCS3","FM_01"
"fm",2,1022,169,"gene6210","RPS15A","FM_09"
"fm",2,1022,170,"gene3674","ITGA2B","FM_10"
"fm",2,1022,171,"gene83547","RILP","FM_10"
"fm",2,1022,172,"gene729230","CCR2","FM_06"
"fm",2,1022,173,"gene5473","PPBP","FM_17"
"fm",2,1022,174,"gene3988","LIPA","FM_12"
"fm",2,1022,175,"gene7504","XK","FM_05"
"fm",2,1022,176,"gene3985","LIMK2","FM_03"
"fm",2,1022,177,"gene19","ABCA1","FM_02"
"fm",2,1022,178,"gene10498","CARM1","FM_14"
"fm",2,1022,179,"gene51465","UBE2J1","FM_10"
"fm",2,1022,180,"gene2064","ERBB2","FM_02"
"fm",2,1022,181,"gene3690","ITGB3","FM_09"
"fm",2,1022,182,"gene1066","CES1","FM_13"
"fm",2,1022,183,"gene342510","CD300E","FM_02"
"fm",2,1022,184,"gene2876","GPX1","FM_12"
"fm",2,1022,185,"gene5029","P2RY2","FM_03"
"fm",2,1022,186,"gene1236","CCR7","FM_03"
"fm",2,1022,187,"gene59269","HIVEP3","FM_08"
"fm",2,1022,188,"gene222487","ADGRG3","FM_17"
"fm",2,1022,189,"gene5037","PEBP1","FM_06"
"fm",2,1022,190,"gene4051","CYP4F3","FM_04"
"fm",2,1022,191,"gene23166","STAB1","FM_02"
"fm",2,1022,192,"gene3956","LGALS1","FM_08"
"fm",2,1022,193,"gene27244","SESN1","FM_09"
"fm",2,1022,194,"gene4066","LYL1","FM_09"
"fm",2,1022,195,"gene6283","S100A12","FM_05"
"fm",2,1022,196,"gene604","BCL6","FM_06"
"fm",2,1022,197,"gene3553","IL1B","FM_07"
"fm",2,1022,198,"gene9148","NEURL1","FM_16"
"fm",2,1022,199,"gene1240","CMKLR1","FM_10"
"fm",2,1022,200,"gene2180","ACSL1","FM_03"
"fm",2,1022,201,"gene8972","MGAM","FM_04"
"fm",2,1022,202,"gene1808","DPYSL2","FM_09"
"fm",2,1022,203,"gene2353","FOS","FM_02"
"fm",2,1022,204,"gene1521","CTSW","FM_15"
"fm",2,1022,205,"gene5920","PLAAT4","FM_03"
"fm",2,1022,206,"gene6319","SCD","FM_02"
"fm",2,1022,207,"gene973","CD79A","FM_12"
"fm",2,1022,208,"gene9256","TSPOAP1","FM_05"
"fm",2,1022,209,"gene4609","MYC","FM_17"
"fm",2,1022,210,"gene4145","MATK","FM_02"
"fm",2,1022,211,"gene10346","TRIM22","FM_06"
"fm",2,1022,212,"gene3117","HLA-DQA1","FM_02"
"fm",2,1022,213,"gene3934","LCN2","FM_14"
"fm",2,1022,214,"gene23608","MKRN1","FM_15"
"fm",2,1022,215,"gene9435","CHST2","FM_08"
"fm",2,1022,216,"gene1545","CYP1B1","FM_16"
"fm",2,1022,217,"gene92745","SLC38A5","FM_04"
"fm",2,1022,218,"gene2205","FCER1A","FM_02"
"fm",2,1022,219,"gene6133","RPL9","FM_15"
"fm",2,1022,220,"gene4035","LRP1","FM_01"
"fm",2,1022,221,"gene56994","CHPT1","FM_08"
"fm",2,1022,222,"gene338442","HCAR2","FM_18"
"fm",2,1022,223,"gene1053","CEBPE","FM_06"
"fm",2,1022,224,"gene5204","PFDN5","FM_15"
"fm",2,1022,225,"gene93010","B3GNT7","FM_13"
"fm",2,1022,226,"gene3759","KCNJ2","FM_02"
"fm",2,1022,227,"gene9510","ADAMTS1","FM_08"
"fm",2,1022,228,"gene3113","HLA-DPA1","FM_01"
"fm",2,1022,229,"gene10905","MAN1A2","FM_09"
"fm",2,1022,230,"gene3315","HSPB1","FM_13"
"fm",2,1022,231,"gene6193","RPS5","FM_01"
"fm",2,1022,232,"gene7001","PRDX2","FM_07"
"fm",2,1022,233,"gene10602","CDC42EP3","FM_04"
"fm",2,1022,234,"gene6285","S100B","FM_07"
"fm",2,1022,235,"gene196","AHR","FM_10"
"fm",2,1022,236,"gene1524","CX3CR1","FM_10"
"fm",2,1022,237,"gene9588","PRDX6","FM_12"
"fm",2,1022,238,"gene4311","MME","FM_12"
"fm",2,1022,239,"gene55831","EMC3","FM_13"
"fm",2,1022,240,"gene9935","MAFB","FM_02"
"fm",2,1022,241,"gene2015","ADGRE1","FM_12"
"fm",2,1022,242,"gene10435","CDC42EP2","FM_16"
"fm",2,1022,243,"gene2030","SLC29A1","FM_02"
"fm",2,1022,244,"gene4012","LNPEP","FM_11"
"fm",2,1022,245,"gene3162","HMOX1","FM_15"
"fm",2,1022,246,"gene51312","SLC25A37","FM_01"
"fm",2,1022,247,"gene2091","FBL","FM_15"
"fm",2,1022,248,"gene5196","PF4","FM_17"
"fm",2,1022,249,"gene3820","KLRB1","FM_10"
"fm",2,1022,250,"gene23129","PLXND1","FM_01"
"fm",2,1022,251,"gene59283","CACNG8","FM_03"
"fm",2,1022,252,"gene84034","EMILIN2","FM_09"
"fm",2,1022,253,"gene6231","RPS26","FM_14"
"fm",2,1022,254,"gene6235","RPS29","FM_14"
"fm",2,1022,255,"gene90480","GADD45GIP1","FM_05"
"fm",2,1022,256,"gene64407","RGS18","FM_05"
"fm",2,1022,257,"gene5144","PDE4D","FM_07"
"fm",2,1022,258,"gene84333","PCGF5","FM_06"
"fm",2,1022,259,"gene203","AK1","FM_18"
"fm",2,1022,260,"gene3560","IL2RB","FM_13"
"fm",2,1022,261,"gene5866","RAB3IL1","FM_13"
"fm",2,1022,262,"gene925","CD8A","FM_03"
"fm",2,1022,263,"gene939","CD27","FM_01"
"fm",2,1022,264,"gene1028","CDKN1C","FM_14"
"fm",2,1022,265,"gene11224","RPL35","FM_02"
"fm",2,1022,266,"gene7850","IL1R2","FM_20"
"fm",2,1022,267,"gene54438","GFOD1","FM_08"
"fm",2,1022,268,"gene7045","TGFBI","FM_14"
"fm",2,1022,269,"gene83716","CRISPLD2","FM_13"
"fm",2,1022,270,"gene5729","PTGDR","FM_05"
"fm",2,1022,271,"gene2791","GNG11","FM_01"
"fm",2,1022,272,"gene2812","GP1BB","FM_10"
"fm",2,1022,273,"gene3067","HDC","FM_04"
"fm",2,1022,274,"gene1595","CYP51A1","FM_14"
"fm",2,1022,275,"gene54543","TOMM7","FM_11"
"fm",2,1022,276,"gene116844","LRG1","FM_05"
"fm",2,1022,277,"gene7264","GFUS","FM_12"
"fm",2,1022,278,"gene83666","PARP9","FM_16"
"fm",2,1022,279,"gene6222","RPS18","FM_02"
"fm",2,1022,280,"gene9491","PSMF1","FM_05"
"fm",2,1022,281,"gene596","BCL2","FM_20"
"fm",2,1022,282,"gene6234","RPS28","FM_12"
"fm",2,1022,283,"gene2288","FKBP4","FM_01"
"fm",2,1022,284,"gene6590","SLPI","FM_04"
"fm",2,1022,285,"gene896","CCND3","FM_04"
"fm",2,1022,286,"gene3792","KEL","FM_16"
"fm",2,1022,287,"gene259197","NCR3","FM_20"
"fm",2,1022,288,"gene401258","RAB44","FM_01"
"fm",2,1022,289,"gene6208","RPS14","FM_05"
"fm",2,1022,290,"gene8685","MARCO","FM_07"
"fm",2,1022,291,"gene131870","NUDT16","FM_04"
"fm",2,1022,292,"gene8807","IL18RAP","FM_09"
"fm",2,1022,293,"gene27343","POLL","FM_04"
"fm",2,1022,294,"gene8671","SLC4A4","FM_08"
"fm",2,1022,295,"gene100133941","CD24","FM_10"
"fm",2,1022,296,"gene9997","SCO2","FM_18"
"fm",2,1022,297,"gene6510","SLC1A5","FM_12"
"fm",2,1022,298,"gene6708","SPTA1","FM_16"
"fm",2,1022,299,"gene8911","CACNA1I","FM_08"
"fm",2,1022,300,"gene57823","SLAMF7","FM_20"
"fm",2,1022,301,"gene9976","CLEC2B","FM_03"
"fm",2,1022,302,"gene6678","SPARC","FM_06"
"fm",2,1022,303,"gene6223","RPS19","FM_06"
"fm",2,1022,304,"gene1191","CLU","FM_15"
"fm",2,1022,305,"gene23365","ARHGEF12","FM_03"
"fm",2,1022,306,"gene6726","SRP9","FM_18"
"fm",2,1022,307,"gene3122","HLA-DRA","FM_10"
"fm",2,1022,308,"gene926","CD8B","FM_06"
"fm",2,1022,309,"gene6633","SNRPD2","FM_14"
"fm",2,1022,310,"gene81027","TUBB1","FM_13"
"fm",2,1022,311,"gene6773","STAT2","FM_06"
"fm",2,1022,312,"gene6281","S100A10","FM_18"
"fm",2,1022,313,"gene5997","RGS2","FM_06"
"fm",2,1022,314,"gene7226","TRPM2","FM_15"
"fm",2,1022,315,"gene129685","TAF8","FM_09"
"fm",2,1022,316,"gene8460","TPST1","FM_01"
"fm",2,1022,317,"gene4082","MARCKS","FM_12"
"fm",2,1022,318,"gene80097","MZT2B","FM_04"
"fm",2,1022,319,"gene22934","RPIA","FM_08"
"fm",2,1022,320,"gene4354","MPP1","FM_01"
"fm",2,1022,321,"gene388","RHOB","FM_03"
"fm",2,1022,322,"gene9246","UBE2L6","FM_09"
"fm",2,1022,323,"gene7852","CXCR4","FM_08"
"fm",2,1022,324,"gene80310","PDGFD","FM_10"
"fm",2,1022,325,"gene10622","POLR3G","FM_07"
"fm",2,1022,326,"gene10135","NAMPT","FM_02"
"fm",2,1022,327,"gene4778","NFE2","FM_02"
"fm",2,1022,328,"gene160364","CLEC12A","FM_02"
"fm",2,1022,329,"gene1912","PHC2","FM_19"
"fm",2,1022,330,"gene10663","CXCR6","FM_07"
"fm",2,1022,331,"gene9437","NCR1","FM_10"
"fm",2,1022,332,"gene84649","DGAT2","FM_01"
"fm",2,1022,333,"gene2624","GATA2","FM_12"
"fm",2,1022,334,"gene3326","HSP90AB1","FM_08"
"fm",2,1022,335,"gene5079","PAX5","FM_14"
"fm",2,1022,336,"gene5208","PFKFB2","FM_03"
"fm",2,1022,337,"gene353189","SLCO4C1","FM_08"
"fm",2,1022,338,"gene3945","LDHB","FM_03"
"fm",2,1022,339,"gene84174","SLA2","FM_06"
"fm",2,1022,340,"gene3821","KLRC1","FM_03"
"fm",2,1022,341,"gene356","FASLG","FM_03"
"fm",2,1022,342,"gene59352","LGR6","FM_03"
"fm",2,1022,343,"gene6201","RPS7","FM_02"
"fm",2,1022,344,"gene6164","RPL34","FM_02"
"fm",2,1022,345,"gene3921","RPSA","FM_06"
"fm",2,1022,346,"gene3576","CXCL8","FM_18"
"fm",2,1022,347,"gene6227","RPS21","FM_05"
"fm",2,1022,348,"gene7915","ALDH5A1","FM_20"
"fm",2,1022,349,"gene684","BST2","FM_16"
"fm",2,1022,350,"gene80781","COL18A1","FM_11"
"fm",2,1022,351,"gene6934","TCF7L2","FM_07"
"fm",2,1022,352,"gene338440","ANO9","FM_01"
"fm",2,1022,353,"gene80216","ALPK1","FM_04"
"fm",2,1022,354,"gene6515","SLC2A3","FM_04"
"fm",2,1022,355,"gene1933","EEF1B2","FM_08"
"fm",2,1022,356,"gene400916","CHCHD10","FM_04"
"fm",2,1022,357,"gene79689","STEAP4","FM_09"
"fm",2,1022,358,"gene726","CAPN5","FM_13"
"fm",2,1022,359,"gene729359","PLIN4","FM_15"
"fm",2,1022,360,"gene57610","RANBP10","FM_11"
"fm",2,1022,361,"gene4064","CD180","FM_17"
"fm",2,1022,362,"gene25873","RPL36","FM_07"
"fm",2,1022,363,"gene1847","DUSP5","FM_01"
"fm",2,1022,364,"gene8291","DYSF","FM_16"
"fm",2,1022,365,"gene51523","CXXC5","FM_06"
"fm",2,1022,366,"gene3070","HELLS","FM_03"
"fm",2,1022,367,"gene6036","RNASE2","FM_03"
"fm",2,1022,368,"gene11123","RCAN3","FM_06"
"fm",2,1022,369,"gene10581","IFITM2","FM_09"
"fm",2,1022,370,"gene50509","COL5A3","FM_09"
"fm",2,1022,371,"gene9975","NR1D2","FM_01"
"fm",2,1022,372,"gene5464","PPA1","FM_13"
"fm",2,1022,373,"gene140803","TRPM6","FM_17"
"fm",2,1022,374,"gene6846","XCL2","FM_18"
"fm",2,1022,375,"gene4537","MT-ND3","FM_07"
"fm",2,1022,376,"gene3490","IGFBP7","FM_02"
"fm",2,1022,377,"gene84766","CRACR2A","FM_20"
"fm",2,1022,378,"gene944","TNFSF8","FM_11"
"fm",2,1022,379,"gene366","AQP9","FM_18"
"fm",2,1022,380,"gene9934","P2RY14","FM_05"
"fm",2,1022,381,"gene7846","TUBA1A","FM_03"
"fm",2,1022,382,"gene6478","SIAH2","FM_03"
"fm",2,1022,383,"gene6171","RPL41","FM_04"
"fm",2,1022,384,"gene6152","RPL24","FM_05"
"fm",2,1022,385,"gene360","AQP3","FM_01"
"fm",2,1022,386,"gene2214","FCGR3A","FM_19"
"fm",2,1022,387,"gene3004","GZMM","FM_02"
"fm",2,1022,388,"gene5494","PPM1A","FM_07"
"fm",2,1022,389,"gene1232","CCR3","FM_20"
"fm",2,1022,390,"gene4953","ODC1","FM_05"
"fm",2,1022,391,"gene3274","HRH2","FM_08"
"fm",2,1022,392,"gene5577","PRKAR2B","FM_14"
"fm",2,1022,393,"gene9254","CACNA2D2","FM_05"
"fm",2,1022,394,"gene915","CD3D","FM_12"
"fm",2,1022,395,"gene3123","HLA-DRB1","FM_02"
"fm",2,1022,396,"gene154","ADRB2","FM_10"
"fm",2,1022,397,"gene929","CD14","FM_09"
"fm",2,1022,398,"gene3577","CXCR1","FM_02"
"fm",2,1022,399,"gene1880","GPR183","FM_17"
"fm",2,1022,400,"gene6204","RPS10","FM_05"
"fm",2,1022,401,"gene6224","RPS20","FM_10"
"fm",2,1022,402,"gene126231","ZNF573","FM_08"
"fm",2,1022,403,"gene57514","ARHGAP31","FM_01"
"fm",2,1022,404,"gene31","ACACA","FM_15"
"fm",2,1022,405,"gene1870","E2F2","FM_05"
"fm",2,1022,406,"gene10449","ACAA2","FM_15"
"fm",2,1022,407,"gene114907","FBXO32","FM_03"
"fm",2,1022,408,"gene6139","RPL17","FM_01"
"fm",2,1022,409,"gene79887","PLBD1","FM_06"
"fm",2,1022,410,"gene2793","GNGT2","FM_01"
"fm",2,1022,411,"gene2059","EPS8","FM_13"
"fm",2,1022,412,"gene8334","H2AC6","FM_10"
"fm",2,1022,413,"gene3613","IMPA2","FM_01"
"fm",2,1022,414,"gene170622","COMMD6","FM_02"
"fm",2,1022,415,"gene2550","GABBR1","FM_08"
"fm",2,1022,416,"gene3572","IL6ST","FM_14"
"fm",2,1022,417,"gene2950","GSTP1","FM_11"
"fm",2,1022,418,"gene2081","ERN1","FM_05"
"fm",2,1022,419,"gene4792","NFKBIA","FM_12"
"fm",2,1022,420,"gene9398","CD101","FM_06"
"fm",2,1022,421,"gene3028","HSD17B10","FM_04"
"fm",2,1022,422,"gene6241","RRM2","FM_11"
"fm",2,1022,423,"gene23401","FRAT2","FM_14"
"fm",2,1022,424,"gene8794","TNFRSF10C","FM_17"
"fm",2,1022,425,"gene22800","RRAS2","FM_13"
"fm",2,1022,426,"gene3398","ID2","FM_01"
"fm",2,1022,427,"gene4068","SH2D1A","FM_12"
"fm",2,1022,428,"gene6286","S100P","FM_05"
"fm",2,1022,429,"gene157285","PRAG1","FM_07"
"fm",2,1022,430,"gene3340","NDST1","FM_15"
"fm",2,1022,431,"gene85441","HELZ2","FM_04"
"fm",2,1022,432,"gene6144","RPL21","FM_01"
"fm",2,1022,433,"gene8638","OASL","FM_05"
"fm",2,1022,434,"gene54407","SLC38A2","FM_18"
"fm",2,1022,435,"gene81794","ADAMTS10","FM_10"
"fm",2,1022,436,"gene6272","SORT1","FM_04"
"fm",2,1022,437,"gene445582","POTEE","FM_03"
"fm",2,1022,438,"gene1345","COX6C","FM_07"
"fm",2,1022,439,"gene6146","RPL22","FM_09"
"fm",2,1022,440,"gene514","ATP5F1E","FM_10"
"fm",2,1022,441,"gene6155","RPL27","FM_16"
"fm",2,1022,442,"gene6160","RPL31","FM_05"
"fm",2,1022,443,"gene162966","ZNF600","FM_12"
"fm",2,1022,444,"gene3728","JUP","FM_04"
"fm",2,1022,445,"gene26289","AK5","FM_07"
"fm",2,1022,446,"gene2768","GNA12","FM_06"
"fm",2,1022,447,"gene26268","FBXO9","FM_19"
"fm",2,1022,448,"gene6647","SOD1","FM_08"
"fm",2,1022,449,"gene7320","UBE2B","FM_13"
"fm",2,1022,450,"gene3430","IFI35","FM_05"
"fm",2,1022,451,"gene389","RHOC","FM_02"
"fm",2,1022,452,"gene4261","CIITA","FM_05"
"fm",2,1022,453,"gene65018","PINK1","FM_07"
"fm",2,1022,454,"gene146850","PIK3R6","FM_11"
"fm",2,1022,455,"gene301","ANXA1","FM_01"
"fm",2,1022,456,"gene63893","UBE2O","FM_06"
"fm",2,1022,457,"gene6886","TAL1","FM_17"
"fm",2,1022,458,"gene54498","SMOX","FM_08"
"fm",2,1022,459,"gene57630","SH3RF1","FM_02"
"fm",2,1022,460,"gene1471","CST3","FM_04"
"fm",2,1022,461,"gene56005","MYDGF","FM_01"
"fm",2,1022,462,"gene8536","CAMK1","FM_06"
"fm",2,1022,463,"gene10219","KLRG1","FM_06"
"fm",2,1022,464,"gene5052","PRDX1","FM_03"
"fm",2,1022,465,"gene838","CASP5","FM_09"
"fm",2,1022,466,"gene682","BSG","FM_05"
"fm",2,1022,467,"gene3164","NR4A1","FM_16"
"fm",2,1022,468,"gene1475","CSTA","FM_19"
"fm",2,1022,469,"gene5610","EIF2AK2","FM_07"
"fm",2,1022,470,"gene6352","CCL5","FM_12"
"fm",2,1022,471,"gene2634","GBP2","FM_06"
"fm",2,1022,472,"gene5721","PSME2","FM_02"
"fm",2,1022,473,"gene127933","UHMK1","FM_02"
"fm",2,1022,474,"gene6168","RPL37A","FM_07"
"fm",2,1022,475,"gene3115","HLA-DPB1","FM_09"
"fm",2,1022,476,"gene8718","TNFRSF25","FM_04"
"fm",2,1022,477,"gene80727","TTYH3","FM_06"
"fm",2,1022,478,"gene221472","FGD2","FM_07"
"fm",2,1022,479,"gene1350","COX7C","FM_14"
"fm",2,1022,480,"gene6641","SNTB1","FM_01"
"fm",2,1022,481,"gene4900","NRGN","FM_02"
"fm",2,1022,482,"gene5141","PDE4A","FM_14"
"fm",2,1022,483,"gene5027","P2RX7","FM_13"
"fm",2,1022,484,"gene219333","USP12","FM_08"
"fm",2,1022,485,"gene302","ANXA2","FM_03"
"fm",2,1022,486,"gene4353","MPO","FM_07"
"fm",2,1022,487,"gene8724","SNX3","FM_08"
"fm",2,1022,488,"gene25801","GCA","FM_06"
"fm",2,1022,489,"gene968","CD68","FM_06"
"fm",2,1022,490,"gene122416","ANKRD9","FM_06"
"fm",2,1022,491,"gene2153","F5","FM_02"
"fm",2,1022,492,"gene9531","BAG3","FM_19"
"fm",2,1022,493,"gene23191","CYFIP1","FM_03"
"fm",2,1022,494,"gene8787","RGS9","FM_01"
"fm",2,1022,495,"gene6280","S100A9","FM_08"
"fm",2,1022,496,"gene54790","TET2","FM_08"
"fm",2,1022,497,"gene1116","CHI3L1","FM_13"
"fm",2,1022,498,"gene6194","RPS6","FM_18"
"fm",2,1022,499,"gene6154","RPL26","FM_10"
"fm",2,1022,500,"gene22914","KLRK1","FM_16"
"fm",2,1022,501,"gene1593","CYP27A1","FM_01"
"fm",2,1022,502,"gene91319","DERL3","FM_04"
"fm",2,1022,503,"gene3646","EIF3E","FM_01"
"fm",2,1022,504,"gene6206","RPS12","FM_05"
"fm",2,1022,505,"gene321","APBA2","FM_14"
"fm",2,1022,506,"gene7273","TTN","FM_01"
"fm",2,1022,507,"gene8875","VNN2","FM_04"
"fm",2,1022,508,"gene28996","HIPK2","FM_02"
"fm",2,1022,509,"gene1512","CTSH","FM_06"
"fm",2,1022,510,"gene25824","PRDX5","FM_04"
"fm",2,1022,511,"gene10963","STIP1","FM_18"
"fm",2,1022,512,"gene217","ALDH2","FM_11"
"fm",2,1022,513,"gene114879","OSBPL5","FM_05"
"fm",2,1022,514,"gene25956","SEC31B","FM_03"
"fm",2,1022,515,"gene3566","IL4R","FM_15"
"fm",2,1022,516,"gene4833","NME4","FM_01"
"fm",2,1022,517,"gene133522","PPARGC1B","FM_06"
"fm",2,1022,518,"gene5140","PDE3B","FM_19"
"fm",2,1022,519,"gene55432","YOD1","FM_01"
"fm",2,1022,520,"gene1675","CFD","FM_04"
"fm",2,1022,521,"gene23475","QPRT","FM_01"
"fm",2,1022,522,"gene330","BIRC3","FM_11"
"fm",2,1022,523,"gene3925","STMN1","FM_02"
"fm",2,1022,524,"gene3693","ITGB5","FM_02"
"fm",2,1022,525,"gene6175","RPLP0","FM_04"
"fm",2,1022,526,"gene6161","RPL32","FM_10"
"fm",2,1022,527,"gene7311","UBA52","FM_13"
"fm",2,1022,528,"gene4831","NME2","FM_10"
"fm",2,1022,529,"gene6141","RPL18","FM_02"
"fm",2,1022,530,"gene6713","SQLE","FM_06"
"fm",2,1022,531,"gene8905","AP1S2","FM_06"
"fm",2,1022,532,"gene4303","FOXO4","FM_10"
"fm",2,1022,533,"gene8669","EIF3J","FM_05"
"fm",2,1022,534,"gene146330","FBXL16","FM_17"
"fm",2,1022,535,"gene6165","RPL35A","FM_04"
"fm",2,1022,536,"gene4502","MT2A","FM_01"
"fm",2,1022,537,"gene22885","ABLIM3","FM_06"
"fm",2,1022,538,"gene513","ATP5F1D","FM_14"
"fm",2,1022,539,"gene51734","MSRB1","FM_20"
"fm",2,1022,540,"gene10871","CD300C","FM_16"
"fm",2,1022,541,"gene6228","RPS23","FM_19"
"fm",2,1022,542,"gene143686","SESN3","FM_07"
"fm",2,1022,543,"gene51024","FIS1","FM_03"
"fm",2,1022,544,"gene6191","RPS4X","FM_02"
"fm",2,1022,545,"gene2781","GNAZ","FM_04"
"fm",2,1022,546,"gene6001","RGS10","FM_16"
"fm",2,1022,547,"gene84874","ZNF514","FM_05"
"fm",2,1022,548,"gene84131","CEP78","FM_14"
"fm",2,1022,549,"gene4605","MYBL2","FM_19"
"fm",2,1022,550,"gene3822","KLRC2","FM_02"
"fm",2,1022,551,"gene8140","SLC7A5","FM_09"
"fm",2,1022,552,"gene2048","EPHB2","FM_18"
"fm",2,1022,553,"gene3394","IRF8","FM_19"
"fm",2,1022,554,"gene80139","ZNF703","FM_13"
"fm",2,1022,555,"gene5727","PTCH1","FM_02"
"fm",2,1022,556,"gene6721","SREBF2","FM_02"
"fm",2,1022,557,"gene6648","SOD2","FM_01"
"fm",2,1022,558,"gene5836","PYGL","FM_03"
"fm",2,1022,559,"gene2947","GSTM3","FM_08"
"fm",2,1022,560,"gene4345","CD200","FM_06"
"fm",2,1022,561,"gene151742","PPM1L","FM_07"
"fm",2,1022,562,"gene340205","TREML1","FM_05"
"fm",2,1022,563,"gene708","C1QBP","FM_12"
"fm",2,1022,564,"gene7169","TPM2","FM_10"
"fm",2,1022,565,"gene6202","RPS8","FM_02"
"fm",2,1022,566,"gene3480","IGF1R","FM_19"
"fm",2,1022,567,"gene66002","CYP4F12","FM_05"
"fm",2,1022,568,"gene388931","MFSD2B","FM_05"
"fm",2,1022,569,"gene133","ADM","FM_10"
"fm",2,1022,570,"gene6147","RPL23A","FM_06"
"fm",2,1022,571,"gene3579","CXCR2","FM_01"
"fm",2,1022,572,"gene6142","RPL18A","FM_15"
"fm",2,1022,573,"gene4282","MIF","FM_07"
"fm",2,1022,574,"gene3336","HSPE1","FM_03"
"fm",2,1022,575,"gene4773","NFATC2","FM_07"
"fm",2,1022,576,"gene2787","GNG5","FM_09"
"fm",2,1022,577,"gene10437","IFI30","FM_02"
"fm",2,1022,578,"gene161882","ZFPM1","FM_03"
"fm",2,1022,579,"gene2357","FPR1","FM_02"
"fm",2,1022,580,"gene6635","SNRPE","FM_09"
"fm",2,1022,581,"gene56975","FAM20C","FM_14"
"fm",2,1022,582,"gene2162","F13A1","FM_12"
"fm",2,1022,583,"gene9231","DLG5","FM_15"
"fm",2,1022,584,"gene10859","LILRB1","FM_09"
"fm",2,1022,585,"gene933","CD22","FM_03"
"fm",2,1022,586,"gene942","CD86","FM_12"
"fm",2,1022,587,"gene9145","SYNGR1","FM_10"
"fm",2,1022,588,"gene2058","EPRS1","FM_10"
"fm",2,1022,589,"gene6556","SLC11A1","FM_01"
"fm",2,1022,590,"gene6217","RPS16","FM_03"
"fm",2,1022,591,"gene80012","PHC3","FM_11"
"fm",2,1022,592,"gene2776","GNAQ","FM_04"
"fm",2,1022,593,"gene6169","RPL38","FM_13"
"fm",2,1022,594,"gene117155","CATSPER2","FM_09"
"fm",2,1022,595,"gene25946","ZNF385A","FM_02"
"fm",2,1022,596,"gene134429","STARD4","FM_04"
"fm",2,1022,597,"gene3556","IL1RAP","FM_02"
"fm",2,1022,598,"gene7128","TNFAIP3","FM_02"
"fm",2,1022,599,"gene6159","RPL29","FM_08"
"fm",2,1022,600,"gene9194","SLC16A7","FM_07"
"fm",2,1022,601,"gene275","AMT","FM_09"
"fm",2,1022,602,"gene5567","PRKACB","FM_07"
"fm",2,1022,603,"gene83988","NCALD","FM_06"
"fm",2,1022,604,"gene9580","SOX13","FM_06"
"fm",2,1022,605,"gene4708","NDUFB2","FM_04"
"fm",2,1022,606,"gene3575","IL7R","FM_04"
"fm",2,1022,607,"gene4830","NME1","FM_09"
"fm",2,1022,608,"gene27287","VENTX","FM_16"
"fm",2,1022,609,"gene55423","SIRPG","FM_02"
"fm",2,1022,610,"gene4646","MYO6","FM_11"
"fm",2,1022,611,"gene58477","SRPRB","FM_01"
"fm",2,1022,612,"gene6188","RPS3","FM_03"
"fm",2,1022,613,"gene54583","EGLN1","FM_13"
"fm",2,1022,614,"gene1163","CKS1B","FM_02"
"fm",2,1022,615,"gene5732","PTGER2","FM_01"
"fm",2,1022,616,"gene306","ANXA3","FM_11"
"fm",2,1022,617,"gene1043","CD52","FM_01"
"fm",2,1022,618,"gene7203","CCT3","FM_09"
"fm",2,1022,619,"gene2206","MS4A2","FM_06"
"fm",2,1022,620,"gene6173","RPL36A","FM_15"
"fm",2,1022,621,"gene79071","ELOVL6","FM_05"
"fm",2,1022,622,"gene6039","RNASE6","FM_07"
"fm",2,1022,623,"gene123","PLIN2","FM_03"
"fm",2,1022,624,"gene8541","PPFIA3","FM_05"
"fm",2,1022,625,"gene1890","TYMP","FM_04"
"fm",2,1022,626,"gene3386","ICAM4","FM_10"
"fm",2,1022,627,"gene3595","IL12RB2","FM_08"
"fm",2,1022,628,"gene9045","RPL14","FM_01"
"fm",2,1022,629,"gene55466","DNAJA4","FM_16"
"fm",2,1022,630,"gene5966","REL","FM_03"
"fm",2,1022,631,"gene54210","TREM1","FM_04"
"fm",2,1022,632,"gene4638","MYLK","FM_06"
"fm",2,1022,633,"gene3717","JAK2","FM_12"
"fm",2,1022,634,"gene2309","FOXO3","FM_11"
"fm",2,1022,635,"gene140807","KRT72","FM_10"
"fm",2,1022,636,"gene8320","EOMES","FM_08"
"fm",2,1022,637,"gene6207","RPS13","FM_14"
"fm",2,1022,638,"gene2201","FBN2","FM_07"
"fm",2,1022,639,"gene3486","IGFBP3","FM_07"
"fm",2,1022,640,"gene79834","PEAK1","FM_17"
"fm",2,1022,641,"gene57698","SHTN1","FM_18"
"fm",2,1022,642,"gene463","ZFHX3","FM_11"
"fm",2,1022,643,"gene6375","XCL1","FM_03"
"fm",2,1022,644,"gene57654","UVSSA","FM_01"
"fm",2,1022,645,"gene539","ATP5PO","FM_07"
"fm",2,1022,646,"gene597","BCL2A1","FM_06"
"fm",2,1022,647,"gene719","C3AR1","FM_01"
"fm",2,1022,648,"gene83999","KREMEN1","FM_07"
"fm",2,1022,649,"gene56172","ANKH","FM_07"
"fm",2,1022,650,"gene710","SERPING1","FM_10"
"fm",2,1022,651,"gene10462","CLEC10A","FM_11"
"fm",2,1022,652,"gene6209","RPS15","FM_01"
"fm",2,1022,653,"gene527","ATP6V0C","FM_02"
"fm",2,1022,654,"gene81030","ZBP1","FM_03"
"fm",2,1022,655,"gene6095","RORA","FM_01"
"fm",2,1022,656,"gene1051","CEBPB","FM_08"
"fm",2,1022,657,"gene6233","RPS27A","FM_03"
"fm",2,1022,658,"gene5901","RAN","FM_02"
"fm",2,1022,659,"gene9170","LPAR2","FM_01"
"fm",2,1022,660,"gene2317","FLNB","FM_07"
"fm",2,1022,661,"gene2203","FBP1","FM_07"
"fm",2,1022,662,"gene2017","CTTN","FM_17"
"fm",2,1022,663,"gene6218","RPS17","FM_01"
"fm",2,1022,664,"gene192286","HIGD2A","FM_03"
"fm",2,1022,665,"gene259173","ALS2CL","FM_17"
"fm",2,1022,666,"gene10549","PRDX4","FM_05"
"fm",2,1022,667,"gene23547","LILRA4","FM_06"
"fm",2,1022,668,"gene353","APRT","FM_11"
"fm",2,1022,669,"gene51389","RWDD1","FM_04"
"fm",2,1022,670,"gene100996939","PYURF","FM_12"
"fm",2,1022,671,"gene84992","PIGY","FM_07"
"fm",2,1022,672,"gene59285","CACNG6","FM_11"
"fm",2,1022,673,"gene940","CD28","FM_04"
"fm",2,1022,674,"gene760","CA2","FM_02"
"fm",2,1022,675,"gene2760","GM2A","FM_07"
"fm",2,1022,676,"gene8349","H2BC21","FM_05"
"fm",2,1022,677,"gene978","CDA","FM_11"
"fm",2,1022,678,"gene2790","GNG10","FM_02"
"fm",2,1022,679,"gene54843","SYTL2","FM_15"
"fm",2,1022,680,"gene10870","HCST","FM_06"
"fm",2,1022,681,"gene671","BPI","FM_03"
"fm",2,1022,682,"gene27102","EIF2AK1","FM_01"
"fm",2,1022,683,"gene3772","KCNJ15","FM_15"
"fm",2,1022,684,"gene1436","CSF1R","FM_04"
"fm",2,1022,685,"gene728294","D2HGDH","FM_03"
"fm",2,1022,686,"gene6167","RPL37","FM_15"
"fm",2,1022,687,"gene6134","RPL10","FM_04"
"fm",2,1022,688,"gene8714","ABCC3","FM_08"
"fm",2,1022,689,"gene6125","RPL5","FM_08"
"fm",2,1022,690,"gene56953","NT5M","FM_04"
"fm",2,1022,691,"gene8482","SEMA7A","FM_03"
"fm",2,1022,692,"gene64759","TNS3","FM_03"
"fm",2,1022,693,"gene90990","KIFC2","FM_07"
"fm",2,1022,694,"gene2194","FASN","FM_07"
"fm",2,1022,695,"gene4736","RPL10A","FM_13"
"fm",2,1022,696,"gene974","CD79B","FM_16"
"fm",2,1022,697,"gene4869","NPM1","FM_13"
"fm",2,1022,698,"gene5016","OVGP1","FM_07"
"fm",2,1022,699,"gene3590","IL11RA","FM_03"
"fm",2,1022,700,"gene23645","PPP1R15A","FM_15"
"fm",2,1022,701,"gene23677","SH3BP4","FM_04"
"fm",2,1022,702,"gene155066","ATP6V0E2","FM_03"
"fm",2,1022,703,"gene8993","PGLYRP1","FM_01"
"fm",2,1022,704,"gene4069","LYZ","FM_17"
"fm",2,1022,705,"gene1848","DUSP6","FM_18"
"fm",2,1022,706,"gene1717","DHCR7","FM_03"
"fm",2,1022,707,"gene55967","NDUFA12","FM_02"
"fm",2,1022,708,"gene30817","ADGRE2","FM_09"
"fm",2,1022,709,"gene643","CXCR5","FM_04"
"fm",2,1022,710,"gene10857","PGRMC1","FM_17"
"fm",2,1022,711,"gene1312","COMT","FM_12"
"fm",2,1022,712,"gene51386","EIF3L","FM_01"
"fm",2,1022,713,"gene1536","CYBB","FM_11"
"fm",2,1022,714,"gene8740","TNFSF14","FM_04"
"fm",2,1022,715,"gene27339","PRPF19","FM_07"
"fm",2,1022,716,"gene84443","FRMPD3","FM_01"
"fm",2,1022,717,"gene5621","PRNP","FM_01"
"fm",2,1022,718,"gene3903","LAIR1","FM_01"
"fm",2,1022,719,"gene3312","HSPA8","FM_04"
"fm",2,1022,720,"gene1803","DPP4","FM_07"
"fm",2,1022,721,"gene23586","RIGI","FM_14"
"fm",2,1022,722,"gene23327","NEDD4L","FM_12"
"fm",2,1022,723,"gene3091","HIF1A","FM_04"
"fm",2,1022,724,"gene57571","CARNS1","FM_19"
"fm",2,1022,725,"gene89790","SIGLEC10","FM_13"
"fm",2,1022,726,"gene8111","GPR68","FM_06"
"fm",2,1022,727,"gene4660","PPP1R12B","FM_02"
"fm",2,1022,728,"gene64425","POLR1E","FM_07"
"fm",2,1022,729,"gene10728","PTGES3","FM_03"
"fm",2,1022,730,"gene140809","SRXN1","FM_11"
"fm",2,1022,731,"gene23250","ATP11A","FM_18"
"fm",2,1022,732,"gene8821","INPP4B","FM_01"
"fm",2,1022,733,"gene57162","PELI1","FM_12"
"fm",2,1022,734,"gene6137","RPL13","FM_16"
"fm",2,1022,735,"gene4000","LMNA","FM_04"
"fm",2,1022,736,"gene5209","PFKFB3","FM_09"
"fm",2,1022,737,"gene56993","TOMM22","FM_03"
"fm",2,1022,738,"gene7090","TLE3","FM_14"
"fm",2,1022,739,"gene7494","XBP1","FM_01"
"fm",2,1022,740,"gene718","C3","FM_11"
"fm",2,1022,741,"gene64167","ERAP2","FM_16"
"fm",2,1022,742,"gene2149","F2R","FM_20"
"fm",2,1022,743,"gene81857","MED25","FM_15"
"fm",2,1022,744,"gene1891","ECH1","FM_16"
"fm",2,1022,745,"gene8673","VAMP8","FM_04"
"fm",2,1022,746,"gene6720","SREBF1","FM_17"
"fm",2,1022,747,"gene8607","RUVBL1","FM_04"
"fm",2,1022,748,"gene8682","PEA15","FM_02"
"fm",2,1022,749,"gene10055","SAE1","FM_12"
"fm",2,1022,750,"gene85439","STON2","FM_01"
"fm",2,1022,751,"gene10913","EDAR","FM_04"
"fm",2,1022,752,"gene6843","VAMP1","FM_14"
"fm",2,1022,753,"gene3557","IL1RN","FM_13"
"fm",2,1022,754,"gene5603","MAPK13","FM_19"
"fm",2,1022,755,"gene28984","RGCC","FM_05"
"fm",2,1022,756,"gene319101","KRT73","FM_01"
"fm",2,1022,757,"gene1296","COL8A2","FM_04"
"fm",2,1022,758,"gene27242","TNFRSF21","FM_06"
"fm",2,1022,759,"gene10051","SMC4","FM_17"
"fm",2,1022,760,"gene8780","RIOK3","FM_06"
"fm",2,1022,761,"gene55558","PLXNA3","FM_06"
"fm",2,1022,762,"gene6138","RPL15","FM_15"
"fm",2,1022,763,"gene55704","CCDC88A","FM_03"
"fm",2,1022,764,"gene6513","SLC2A1","FM_13"
"fm",2,1022,765,"gene1622","DBI","FM_03"
"fm",2,1022,766,"gene4171","MCM2","FM_03"
"fm",2,1022,767,"gene64981","MRPL34","FM_08"
"fm",2,1022,768,"gene23136","EPB41L3","FM_09"
"fm",2,1022,769,"gene9450","LY86","FM_15"
"fm",2,1022,770,"gene6176","RPLP1","FM_02"
"fm",2,1022,771,"gene23305","ACSL6","FM_13"
"fm",2,1022,772,"gene64386","MMP25","FM_01"
"fm",2,1022,773,"gene6230","RPS25","FM_01"
"fm",2,1022,774,"gene10276","NET1","FM_05"
"fm",2,1022,775,"gene80739","MPIG6B","FM_12"
"fm",2,1022,776,"gene10875","FGL2","FM_03"
"fm",2,1022,777,"gene56261","GPCPD1","FM_05"
"fm",2,1022,778,"gene24138","IFIT5","FM_01"
"fm",2,1022,779,"gene2053","EPHX2","FM_02"
"fm",2,1022,780,"gene80005","DOCK5","FM_05"
"fm",2,1022,781,"gene79888","LPCAT1","FM_07"
"fm",2,1022,782,"gene29107","NXT1","FM_08"
"fm",2,1022,783,"gene4193","MDM2","FM_06"
"fm",2,1022,784,"gene2358","FPR2","FM_12"
"fm",2,1022,785,"gene10161","LPAR6","FM_01"
"fm",2,1022,786,"gene9759","HDAC4","FM_11"
"fm",2,1022,787,"gene10654","PMVK","FM_16"
"fm",2,1022,788,"gene84254","CAMKK1","FM_14"
"fm",2,1022,789,"gene1378","CR1","FM_09"
"fm",2,1022,790,"gene10575","CCT4","FM_19"
"fm",2,1022,791,"gene53834","FGFRL1","FM_07"
"fm",2,1022,792,"gene3459","IFNGR1","FM_08"
"fm",2,1022,793,"gene22918","CD93","FM_01"
"fm",2,1022,794,"gene2281","FKBP1B","FM_01"
"fm",2,1022,795,"gene84628","NTNG2","FM_15"
"fm",2,1022,796,"gene94015","TTYH2","FM_08"
"fm",2,1022,797,"gene6923","ELOB","FM_20"
"fm",2,1022,798,"gene253260","RICTOR","FM_16"
"fm",2,1022,799,"gene7476","WNT7A","FM_11"
"fm",2,1022,800,"gene10516","FBLN5","FM_12"
"fm",2,1022,801,"gene917","CD3G","FM_12"
"fm",2,1022,802,"gene3014","H2AX","FM_08"
"fm",2,1022,803,"gene2197","FAU","FM_11"
"fm",2,1022,804,"gene5087","PBX1","FM_07"
"fm",2,1022,805,"gene5245","PHB1","FM_10"
"fm",2,1022,806,"gene10783","NEK6","FM_03"
"fm",2,1022,807,"gene55827","DCAF6","FM_01"
"fm",2,1022,808,"gene1032","CDKN2D","FM_05"
"fm",2,1022,809,"gene864","RUNX3","FM_10"
"fm",2,1022,810,"gene51176","LEF1","FM_08"
"fm",2,1022,811,"gene1230","CCR1","FM_19"
"fm",2,1022,812,"gene8542","APOL1","FM_09"
"fm",2,1022,813,"gene5296","PIK3R2","FM_01"
"fm",2,1022,814,"gene7381","UQCRB","FM_16"
"fm",2,1022,815,"gene4689","NCF4","FM_07"
"fm",2,1022,816,"gene6157","RPL27A","FM_07"
"fm",2,1022,817,"gene2199","FBLN2","FM_19"
"fm",2,1022,818,"gene7706","TRIM25","FM_17"
"fm",2,1022,819,"gene9241","NOG","FM_15"
"fm",2,1022,820,"gene123041","SLC24A4","FM_08"
"fm",2,1022,821,"gene9314","KLF4","FM_15"
"fm",2,1022,822,"gene8815","BANF1","FM_08"
"fm",2,1022,823,"gene26232","FBXO2","FM_17"
"fm",2,1022,824,"gene1019","CDK4","FM_01"
"fm",2,1022,825,"gene23433","RHOQ","FM_15"
"fm",2,1022,826,"gene64135","IFIH1","FM_03"
"fm",2,1022,827,"gene3094","HINT1","FM_11"
"fm",2,1022,828,"gene91584","PLXNA4","FM_03"
"fm",2,1022,829,"gene55112","DYNC2I1","FM_08"
"fm",2,1022,830,"gene8741","TNFSF13","FM_17"
"fm",2,1022,831,"gene7036","TFR2","FM_19"
"fm",2,1022,832,"gene51380","CSAD","FM_03"
"fm",2,1022,833,"gene2219","FCN1","FM_05"
"fm",2,1022,834,"gene5728","PTEN","FM_20"
"fm",2,1022,835,"gene4703","NEB","FM_05"
"fm",2,1022,836,"gene4092","SMAD7","FM_13"
"fm",2,1022,837,"gene1175","AP2S1","FM_04"
"fm",2,1022,838,"gene22836","RHOBTB3","FM_11"
"fm",2,1022,839,"gene23463","ICMT","FM_13"
"fm",2,1022,840,"gene59340","HRH4","FM_02"
"fm",2,1022,841,"gene3068","HDGF","FM_15"
"fm",2,1022,842,"gene6229","RPS24","FM_16"
"fm",2,1022,843,"gene55615","PRR5","FM_09"
"fm",2,1022,844,"gene4332","MNDA","FM_18"
"fm",2,1022,845,"gene5775","PTPN4","FM_19"
"fm",2,1022,846,"gene3959","LGALS3BP","FM_06"
"fm",2,1022,847,"gene9334","B4GALT5","FM_06"
"fm",2,1022,848,"gene57674","RNF213","FM_01"
"fm",2,1022,849,"gene653361","NCF1","FM_12"
"fm",2,1022,850,"gene2739","GLO1","FM_07"
"fm",2,1022,851,"gene26140","TTLL3","FM_15"
"fm",2,1022,852,"gene27018","BEX3","FM_12"
"fm",2,1022,853,"gene912","CD1D","FM_01"
"fm",2,1022,854,"gene54549","SDK2","FM_03"
"fm",2,1022,855,"gene2625","GATA3","FM_09"
"fm",2,1022,856,"gene4809","SNU13","FM_05"
"fm",2,1022,857,"gene2215","FCGR3B","FM_05"
"fm",2,1022,858,"gene114822","RHPN1","FM_04"
"fm",2,1022,859,"gene962","CD48","FM_04"
"fm",2,1022,860,"gene8357","H3C10","FM_18"
"fm",2,1022,861,"gene221937","FOXK1","FM_02"
"fm",2,1022,862,"gene23423","TMED3","FM_05"
"fm",2,1022,863,"gene221037","JMJD1C","FM_02"
"fm",2,1022,864,"gene51650","MRPS33","FM_06"
"fm",2,1022,865,"gene868","CBLB","FM_02"
"fm",2,1022,866,"gene6732","SRPK1","FM_10"
"fm",2,1022,867,"gene4715","NDUFB9","FM_05"
"fm",2,1022,868,"gene6307","MSMO1","FM_15"
"fm",2,1022,869,"gene8519","IFITM1","FM_06"
"fm",2,1022,870,"gene6158","RPL28","FM_15"
"fm",2,1022,871,"gene161742","SPRED1","FM_13"
"fm",2,1022,872,"gene1154","CISH","FM_11"
"fm",2,1022,873,"gene8665","EIF3F","FM_02"
"fm",2,1022,874,"gene5197","PF4V1","FM_09"
"fm",2,1022,875,"gene4904","YBX1","FM_10"
"fm",2,1022,876,"gene80854","SETD7","FM_04"
"fm",2,1022,877,"gene7514","XPO1","FM_18"
"fm",2,1022,878,"gene706","TSPO","FM_14"
"fm",2,1022,879,"gene84159","ARID5B","FM_14"
"fm",2,1022,880,"gene5886","RAD23A","FM_13"
"fm",2,1022,881,"gene9651","PLCH2","FM_19"
"fm",2,1022,882,"gene80115","BAIAP2L2","FM_09"
"fm",2,1022,883,"gene7153","TOP2A","FM_06"
"fm",2,1022,884,"gene1628","DBP","FM_08"
"fm",2,1022,885,"gene3320","HSP90AA1","FM_01"
"fm",2,1022,886,"gene5800","PTPRO","FM_06"
"fm",2,1022,887,"gene55240","STEAP3","FM_12"
"fm",2,1022,888,"gene6150","MRPL23","FM_05"
"fm",2,1022,889,"gene8668","EIF3I","FM_03"
"fm",2,1022,890,"gene151636","DTX3L","FM_03"
"fm",2,1022,891,"gene290","ANPEP","FM_14"
"fm",2,1022,892,"gene7089","TLE2","FM_08"
"fm",2,1022,893,"gene54331","GNG2","FM_08"
"fm",2,1022,894,"gene54464","XRN1","FM_03"
"fm",2,1022,895,"gene728","C5AR1","FM_02"
"fm",2,1022,896,"gene4050","LTB","FM_11"
"fm",2,1022,897,"gene80201","HKDC1","FM_07"
"fm",2,1022,898,"gene11343","MGLL","FM_17"
"fm",2,1022,899,"gene22898","DENND3","FM_04"
"fm",2,1022,900,"gene64061","TSPYL2","FM_08"
"fm",2,1022,901,"gene1937","EEF1G","FM_17"
"fm",2,1022,902,"gene1269","CNR2","FM_11"
"fm",2,1022,903,"gene27335","EIF3K","FM_12"
"fm",2,1022,904,"gene10154","PLXNC1","FM_02"
"fm",2,1022,905,"gene1241","LTB4R","FM_05"
"fm",2,1022,906,"gene60489","APOBEC3G","FM_08"
"fm",2,1022,907,"gene51310","SLC22A17","FM_13"
"fm",2,1022,908,"gene10811","NOXA1","FM_01"
"fm",2,1022,909,"gene25885","POLR1A","FM_03"
"fm",2,1022,910,"gene1233","CCR4","FM_04"
"fm",2,1022,911,"gene57105","CYSLTR2","FM_08"
"fm",2,1022,912,"gene51747","LUC7L3","FM_01"
"fm",2,1022,913,"gene56937","PMEPA1","FM_14"
"fm",2,1022,914,"gene4509","MT-ATP8","FM_04"
"fm",2,1022,915,"gene4522","MTHFD1","FM_09"
"fm",2,1022,916,"gene7056","THBD","FM_10"
"fm",2,1022,917,"gene91749","SLC60A2","FM_05"
"fm",2,1022,918,"gene51320","MEX3C","FM_08"
"fm",2,1022,919,"gene2672","GFI1","FM_14"
"fm",2,1022,920,"gene8477","GPR65","FM_09"
"fm",2,1022,921,"gene216","ALDH1A1","FM_08"
"fm",2,1022,922,"gene10490","VTI1B","FM_06"
"fm",2,1022,923,"gene5351","PLOD1","FM_10"
"fm",2,1022,924,"gene9585","KIF20B","FM_06"
"fm",2,1022,925,"gene959","CD40LG","FM_17"
"fm",2,1022,926,"gene253782","CERS6","FM_11"
"fm",2,1022,927,"gene518","ATP5MC3","FM_06"
"fm",2,1022,928,"gene5411","PNN","FM_11"
"fm",2,1022,929,"gene2570","GABRR2","FM_13"
"fm",2,1022,930,"gene29116","MYLIP","FM_11"
"fm",2,1022,931,"gene10794","ZNF460","FM_19"
"fm",2,1022,932,"gene10970","CKAP4","FM_15"
"fm",2,1022,933,"gene79090","TRAPPC6A","FM_18"
"fm",2,1022,934,"gene6124","RPL4","FM_01"
"fm",2,1022,935,"gene932","MS4A3","FM_17"
"fm",2,1022,936,"gene55313","CPPED1","FM_11"
"fm",2,1022,937,"gene114882","OSBPL8","FM_01"
"fm",2,1022,938,"gene55701","ARHGEF40","FM_17"
"fm",2,1022,939,"gene610","HCN2","FM_16"
"fm",2,1022,940,"gene8863","PER3","FM_09"
"fm",2,1022,941,"gene3109","HLA-DMB","FM_05"
"fm",2,1022,942,"gene8313","AXIN2","FM_03"
"fm",2,1022,943,"gene83858","ATAD3B","FM_10"
"fm",2,1022,944,"gene11240","PADI2","FM_01"
"fm",2,1022,945,"gene1795","DOCK3","FM_01"
"fm",2,1022,946,"gene151306","GPBAR1","FM_08"
"fm",2,1022,947,"gene6132","RPL8","FM_09"
"fm",2,1022,948,"gene1514","CTSL","FM_11"
"fm",2,1022,949,"gene63891","RNF123","FM_01"
"fm",2,1022,950,"gene4172","MCM3","FM_17"
"fm",2,1022,951,"gene79143","MBOAT7","FM_18"
"fm",2,1022,952,"gene64772","ENGASE","FM_08"
"fm",2,1022,953,"gene25804","LSM4","FM_13"
"fm",2,1022,954,"gene29802","VPREB3","FM_07"
"fm",2,1022,955,"gene7433","VIPR1","FM_14"
"fm",2,1022,956,"gene1508","CTSB","FM_06"
"fm",2,1022,957,"gene1901","S1PR1","FM_01"
"fm",2,1022,958,"gene23530","NNT","FM_20"
"fm",2,1022,959,"gene79646","PANK3","FM_15"
"fm",2,1022,960,"gene89849","ATG16L2","FM_19"
"fm",2,1022,961,"gene7710","ZNF154","FM_10"
"fm",2,1022,962,"gene7027","TFDP1","FM_04"
"fm",2,1022,963,"gene2643","GCH1","FM_05"
"fm",2,1022,964,"gene200315","APOBEC3A","FM_07"
"fm",2,1022,965,"gene143884","CWF19L2","FM_01"
"fm",2,1022,966,"gene2948","GSTM4","FM_16"
"fm",2,1022,967,"gene9188","DDX21","FM_05"
"fm",2,1022,968,"gene4343","MOV10","FM_01"
"fm",2,1022,969,"gene219855","SLC37A2","FM_20"
"fm",2,1022,970,"gene1234","CCR5","FM_20"
"fm",2,1022,971,"gene51251","NT5C3A","FM_18"
"fm",2,1022,972,"gene3727","JUND","FM_20"
"fm",2,1022,973,"gene57449","PLEKHG5","FM_03"
"fm",2,1022,974,"gene7423","VEGFB","FM_14"
"fm",2,1022,975,"gene2026","ENO2","FM_12"
"fm",2,1022,976,"gene79414","LRFN3","FM_08"
"fm",2,1022,977,"gene120227","CYP2R1","FM_12"
"fm",2,1022,978,"gene975","CD81","FM_01"
"fm",2,1022,979,"gene9349","RPL23","FM_03"
"fm",2,1022,980,"gene84868","HAVCR2","FM_07"
"fm",2,1022,981,"gene23461","ABCA5","FM_12"
"fm",2,1022,982,"gene6122","RPL3","FM_01"
"fm",2,1022,983,"gene1435","CSF1","FM_03"
"fm",2,1022,984,"gene84418","CYSTM1","FM_11"
"fm",2,1022,985,"gene79930","DOK3","FM_12"
"fm",2,1022,986,"gene27336","HTATSF1","FM_01"
"fm",2,1022,987,"gene2833","CXCR3","FM_05"
"fm",2,1022,988,"gene338596","ST8SIA6","FM_09"
"fm",2,1022,989,"gene53822","FXYD7","FM_05"
"fm",2,1022,990,"gene51332","SPTBN5","FM_01"
"fm",2,1022,991,"gene56034","PDGFC","FM_03"
"fm",2,1022,992,"gene873","CBR1","FM_19"
"fm",2,1022,993,"gene9260","PDLIM7","FM_04"
"fm",2,1022,994,"gene26049","FAM169A","FM_14"
"fm",2,1022,995,"gene433","ASGR2","FM_02"
"fm",2,1022,996,"gene120892","LRRK2","FM_10"
"fm",2,1022,997,"gene3687","ITGAX","FM_19"
"fm",2,1022,998,"gene219","ALDH1B1","FM_11"
"fm",2,1022,999,"gene55252","ASXL2","FM_14"
"fm",2,1022,1000,"gene521","ATP5ME","FM_07"
"fm",3,1023,1,"gene246","ALOX15","FM_05"
"fm",3,1023,2,"gene212","ALAS2","FM_08"
"fm",3,1023,3,"gene1374","CPT1A","FM_20"
"fm",3,1023,4,"gene2289","FKBP5","FM_02"
"fm",3,1023,5,"gene3512","JCHAIN","FM_07"
"fm",3,1023,6,"gene54541","DDIT4","FM_03"
"fm",3,1023,7,"gene5187","PER1","FM_04"
"fm",3,1023,8,"gene3848","KRT1","FM_13"
"fm",3,1023,9,"gene6521","SLC4A1","FM_01"
"fm",3,1023,10,"gene6535","SLC6A8","FM_03"
"fm",3,1023,11,"gene27181","SIGLEC8","FM_08"
"fm",3,1023,12,"gene6622","SNCA","FM_09"
"fm",3,1023,13,"gene55437","STRADB","FM_16"
"fm",3,1023,14,"gene759","CA1","FM_06"
"fm",3,1023,15,"gene6710","SPTB","FM_02"
"fm",3,1023,16,"gene343171","OR2W3","FM_06"
"fm",3,1023,17,"gene4940","OAS3","FM_01"
"fm",3,1023,18,"gene5266","PI3","FM_08"
"fm",3,1023,19,"gene4635","MYL4","FM_01"
"fm",3,1023,20,"gene2766","GMPR","FM_12"
"fm",3,1023,21,"gene286","ANK1","FM_17"
"fm",3,1023,22,"gene55512","SMPD3","FM_08"
"fm",3,1023,23,"gene7111","TMOD1","FM_08"
"fm",3,1023,24,"gene1844","DUSP2","FM_01"
"fm",3,1023,25,"gene4057","LTF","FM_07"
"fm",3,1023,26,"gene10417","SPON2","FM_03"
"fm",3,1023,27,"gene249","ALPL","FM_08"
"fm",3,1023,28,"gene83888","FGFBP2","FM_01"
"fm",3,1023,29,"gene7704","ZBTB16","FM_15"
"fm",3,1023,30,"gene3568","IL5RA","FM_13"
"fm",3,1023,31,"gene7057","THBS1","FM_20"
"fm",3,1023,32,"gene2995","GYPC","FM_03"
"fm",3,1023,33,"gene4599","MX1","FM_05"
"fm",3,1023,34,"gene4811","NID1","FM_07"
"fm",3,1023,35,"gene4318","MMP9","FM_13"
"fm",3,1023,36,"gene5166","PDK4","FM_02"
"fm",3,1023,37,"gene2039","DMTN","FM_07"
"fm",3,1023,38,"gene51218","GLRX5","FM_02"
"fm",3,1023,39,"gene8660","IRS2","FM_04"
"fm",3,1023,40,"gene598","BCL2L1","FM_03"
"fm",3,1023,41,"gene2987","GUK1","FM_09"
"fm",3,1023,42,"gene11126","CD160","FM_01"
"fm",3,1023,43,"gene645","BLVRB","FM_06"
"fm",3,1023,44,"gene4541","MT-ND6","FM_08"
"fm",3,1023,45,"gene3437","IFIT3","FM_03"
"fm",3,1023,46,"gene3127","HLA-DRB5","FM_04"
"fm",3,1023,47,"gene2537","IFI6","FM_13"
"fm",3,1023,48,"gene51348","KLRF1","FM_17"
"fm",3,1023,49,"gene3119","HLA-DQB1","FM_04"
"fm",3,1023,50,"gene140","ADORA3","FM_07"
"fm",3,1023,51,"gene4784","NFIX","FM_06"
"fm",3,1023,52,"gene2999","GZMH","FM_09"
"fm",3,1023,53,"gene11251","PTGDR2","FM_08"
"fm",3,1023,54,"gene53637","S1PR5","FM_15"
"fm",3,1023,55,"gene4939","OAS2","FM_20"
"fm",3,1023,56,"gene1843","DUSP1","FM_07"
"fm",3,1023,57,"gene1052","CEBPD","FM_03"
"fm",3,1023,58,"gene573","BAG1","FM_10"
"fm",3,1023,59,"gene81567","TXNDC5","FM_06"
"fm",3,1023,60,"gene669","BPGM","FM_02"
"fm",3,1023,61,"gene788","SLC25A20","FM_06"
"fm",3,1023,62,"gene115362","GBP5","FM_06"
"fm",3,1023,63,"gene5909","RAP1GAP","FM_15"
"fm",3,1023,64,"gene3824","KLRD1","FM_07"
"fm",3,1023,65,"gene91543","RSAD2","FM_05"
"fm",3,1023,66,"gene3434","IFIT1","FM_03"
"fm",3,1023,67,"gene4061","LY6E","FM_01"
"fm",3,1023,68,"gene7097","TLR2","FM_08"
"fm",3,1023,69,"gene83715","ESPN","FM_05"
"fm",3,1023,70,"gene9636","ISG15","FM_01"
"fm",3,1023,71,"gene2235","FECH","FM_15"
"fm",3,1023,72,"gene10316","NMUR1","FM_03"
"fm",3,1023,73,"gene2633","GBP1","FM_05"
"fm",3,1023,74,"gene1668","DEFA3","FM_12"
"fm",3,1023,75,"gene3433","IFIT2","FM_07"
"fm",3,1023,76,"gene10644","IGF2BP2","FM_14"
"fm",3,1023,77,"gene687","KLF9","FM_17"
"fm",3,1023,78,"gene3949","LDLR","FM_06"
"fm",3,1023,79,"gene3029","HAGH","FM_11"
"fm",3,1023,80,"gene11098","PRSS23","FM_02"
"fm",3,1023,81,"gene10098","TSPAN5","FM_19"
"fm",3,1023,82,"gene54739","XAF1","FM_17"
"fm",3,1023,83,"gene3958","LGALS3","FM_12"
"fm",3,1023,84,"gene2322","FLT3","FM_01"
"fm",3,1023,85,"gene60675","PROK2","FM_12"
"fm",3,1023,86,"gene7280","TUBB2A","FM_01"
"fm",3,1023,87,"gene117157","SH2D1B","FM_02"
"fm",3,1023,88,"gene6772","STAT1","FM_07"
"fm",3,1023,89,"gene27087","B3GAT1","FM_07"
"fm",3,1023,90,"gene4684","NCAM1","FM_01"
"fm",3,1023,91,"gene5551","PRF1","FM_10"
"fm",3,1023,92,"gene23770","FKBP8","FM_01"
"fm",3,1023,93,"gene6563","SLC14A1","FM_14"
"fm",3,1023,94,"gene6170","RPL39","FM_05"
"fm",3,1023,95,"gene122618","PLD4","FM_12"
"fm",3,1023,96,"gene27090","ST6GALNAC4","FM_14"
"fm",3,1023,97,"gene84525","HOPX","FM_04"
"fm",3,1023,98,"gene1718","DHCR24","FM_08"
"fm",3,1023,99,"gene6351","CCL4","FM_12"
"fm",3,1023,100,"gene6189","RPS3A","FM_07"
"fm",3,1023,101,"gene4938","OAS1","FM_13"
"fm",3,1023,102,"gene25793","FBXO7","FM_10"
"fm",3,1023,103,"gene9902","MRC2","FM_18"
"fm",3,1023,104,"gene6614","SIGLEC1","FM_04"
"fm",3,1023,105,"gene665","BNIP3L","FM_20"
"fm",3,1023,106,"gene8651","SOCS1","FM_07"
"fm",3,1023,107,"gene9415","FADS2","FM_04"
"fm",3,1023,108,"gene115361","GBP4","FM_02"
"fm",3,1023,109,"gene10964","IFI44L","FM_09"
"fm",3,1023,110,"gene9734","HDAC9","FM_09"
"fm",3,1023,111,"gene10410","IFITM3","FM_05"
"fm",3,1023,112,"gene2935","GSPT1","FM_14"
"fm",3,1023,113,"gene10808","HSPH1","FM_13"
"fm",3,1023,114,"gene162466","PHOSPHO1","FM_03"
"fm",3,1023,115,"gene51094","ADIPOR1","FM_07"
"fm",3,1023,116,"gene10561","IFI44","FM_01"
"fm",3,1023,117,"gene25941","TPGS2","FM_03"
"fm",3,1023,118,"gene1299","COL9A3","FM_13"
"fm",3,1023,119,"gene9332","CD163","FM_19"
"fm",3,1023,120,"gene7049","TGFBR3","FM_02"
"fm",3,1023,121,"gene4603","MYBL1","FM_02"
"fm",3,1023,122,"gene30009","TBX21","FM_19"
"fm",3,1023,123,"gene51759","C9orf78","FM_10"
"fm",3,1023,124,"gene7088","TLE1","FM_13"
"fm",3,1023,125,"gene8843","HCAR3","FM_06"
"fm",3,1023,126,"gene84164","ASCC2","FM_04"
"fm",3,1023,127,"gene255488","RNF144B","FM_02"
"fm",3,1023,128,"gene1462","VCAN","FM_09"
"fm",3,1023,129,"gene9047","SH2D2A","FM_02"
"fm",3,1023,130,"gene10133","OPTN","FM_03"
"fm",3,1023,131,"gene997","CDC34","FM_01"
"fm",3,1023,132,"gene7314","UBB","FM_12"
"fm",3,1023,133,"gene5159","PDGFRB","FM_09"
"fm",3,1023,134,"gene51191","HERC5","FM_06"
"fm",3,1023,135,"gene26053","AUTS2","FM_17"
"fm",3,1023,136,"gene11213","IRAK3","FM_15"
"fm",3,1023,137,"gene4753","NELL2","FM_16"
"fm",3,1023,138,"gene241","ALOX5AP","FM_08"
"fm",3,1023,139,"gene8818","DPM2","FM_02"
"fm",3,1023,140,"gene5730","PTGDS","FM_12"
"fm",3,1023,141,"gene4897","NRCAM","FM_12"
"fm",3,1023,142,"gene266727","MDGA1","FM_17"
"fm",3,1023,143,"gene8644","AKR1C3","FM_07"
"fm",3,1023,144,"gene139189","DGKK","FM_07"
"fm",3,1023,145,"gene10398","MYL9","FM_01"
"fm",3,1023,146,"gene94240","EPSTI1","FM_12"
"fm",3,1023,147,"gene8131","NPRL3","FM_02"
"fm",3,1023,148,"gene2354","FOSB","FM_10"
"fm",3,1023,149,"gene54625","PARP14","FM_11"
"fm",3,1023,150,"gene26253","CLEC4E","FM_09"
"fm",3,1023,151,"gene166929","SGMS2","FM_02"
"fm",3,1023,152,"gene9619","ABCG1","FM_13"
"fm",3,1023,153,"gene10409","BASP1","FM_05"
"fm",3,1023,154,"gene2623","GATA1","FM_04"
"fm",3,1023,155,"gene948","CD36","FM_09"
"fm",3,1023,156,"gene3597","IL13RA1","FM_01"
"fm",3,1023,157,"gene5802","PTPRS","FM_17"
"fm",3,1023,158,"gene23569","PADI4","FM_18"
"fm",3,1023,159,"gene1831","TSC22D3","FM_06"
"fm",3,1023,160,"gene10578","GNLY","FM_01"
"fm",3,1023,161,"gene1088","CEACAM8","FM_01"
"fm",3,1023,162,"gene7453","WARS1","FM_11"
"fm",3,1023,163,"gene3992","FADS1","FM_07"
"fm",3,1023,164,"gene6279","S100A8","FM_14"
"fm",3,1023,165,"gene6768","ST14","FM_02"
"fm",3,1023,166,"gene147700","KLC3","FM_11"
"fm",3,1023,167,"gene2867","FFAR2","FM_20"
"fm",3,1023,168,"gene9021","SOCS3","FM_17"
"fm",3,1023,169,"gene6210","RPS15A","FM_01"
"fm",3,1023,170,"gene3674","ITGA2B","FM_06"
"fm",3,1023,171,"gene83547","RILP","FM_03"
"fm",3,1023,172,"gene729230","CCR2","FM_02"
"fm",3,1023,173,"gene5473","PPBP","FM_19"
"fm",3,1023,174,"gene3988","LIPA","FM_06"
"fm",3,1023,175,"gene7504","XK","FM_08"
"fm",3,1023,176,"gene3985","LIMK2","FM_01"
"fm",3,1023,177,"gene19","ABCA1","FM_05"
"fm",3,1023,178,"gene10498","CARM1","FM_05"
"fm",3,1023,179,"gene51465","UBE2J1","FM_14"
"fm",3,1023,180,"gene2064","ERBB2","FM_19"
"fm",3,1023,181,"gene3690","ITGB3","FM_04"
"fm",3,1023,182,"gene1066","CES1","FM_02"
"fm",3,1023,183,"gene342510","CD300E","FM_06"
"fm",3,1023,184,"gene2876","GPX1","FM_06"
"fm",3,1023,185,"gene5029","P2RY2","FM_01"
"fm",3,1023,186,"gene1236","CCR7","FM_06"
"fm",3,1023,187,"gene59269","HIVEP3","FM_17"
"fm",3,1023,188,"gene222487","ADGRG3","FM_11"
"fm",3,1023,189,"gene5037","PEBP1","FM_13"
"fm",3,1023,190,"gene4051","CYP4F3","FM_10"
"fm",3,1023,191,"gene23166","STAB1","FM_09"
"fm",3,1023,192,"gene3956","LGALS1","FM_01"
"fm",3,1023,193,"gene27244","SESN1","FM_10"
"fm",3,1023,194,"gene4066","LYL1","FM_04"
"fm",3,1023,195,"gene6283","S100A12","FM_04"
"fm",3,1023,196,"gene604","BCL6","FM_14"
"fm",3,1023,197,"gene3553","IL1B","FM_08"
"fm",3,1023,198,"gene9148","NEURL1","FM_03"
"fm",3,1023,199,"gene1240","CMKLR1","FM_07"
"fm",3,1023,200,"gene2180","ACSL1","FM_09"
"fm",3,1023,201,"gene8972","MGAM","FM_03"
"fm",3,1023,202,"gene1808","DPYSL2","FM_03"
"fm",3,1023,203,"gene2353","FOS","FM_18"
"fm",3,1023,204,"gene1521","CTSW","FM_04"
"fm",3,1023,205,"gene5920","PLAAT4","FM_02"
"fm",3,1023,206,"gene6319","SCD","FM_17"
"fm",3,1023,207,"gene973","CD79A","FM_07"
"fm",3,1023,208,"gene9256","TSPOAP1","FM_01"
"fm",3,1023,209,"gene4609","MYC","FM_08"
"fm",3,1023,210,"gene4145","MATK","FM_07"
"fm",3,1023,211,"gene10346","TRIM22","FM_08"
"fm",3,1023,212,"gene3117","HLA-DQA1","FM_10"
"fm",3,1023,213,"gene3934","LCN2","FM_01"
"fm",3,1023,214,"gene23608","MKRN1","FM_01"
"fm",3,1023,215,"gene9435","CHST2","FM_02"
"fm",3,1023,216,"gene1545","CYP1B1","FM_10"
"fm",3,1023,217,"gene92745","SLC38A5","FM_08"
"fm",3,1023,218,"gene2205","FCER1A","FM_05"
"fm",3,1023,219,"gene6133","RPL9","FM_08"
"fm",3,1023,220,"gene4035","LRP1","FM_15"
"fm",3,1023,221,"gene56994","CHPT1","FM_04"
"fm",3,1023,222,"gene338442","HCAR2","FM_06"
"fm",3,1023,223,"gene1053","CEBPE","FM_02"
"fm",3,1023,224,"gene5204","PFDN5","FM_04"
"fm",3,1023,225,"gene93010","B3GNT7","FM_20"
"fm",3,1023,226,"gene3759","KCNJ2","FM_17"
"fm",3,1023,227,"gene9510","ADAMTS1","FM_11"
"fm",3,1023,228,"gene3113","HLA-DPA1","FM_03"
"fm",3,1023,229,"gene10905","MAN1A2","FM_11"
"fm",3,1023,230,"gene3315","HSPB1","FM_01"
"fm",3,1023,231,"gene6193","RPS5","FM_05"
"fm",3,1023,232,"gene7001","PRDX2","FM_16"
"fm",3,1023,233,"gene10602","CDC42EP3","FM_15"
"fm",3,1023,234,"gene6285","S100B","FM_11"
"fm",3,1023,235,"gene196","AHR","FM_15"
"fm",3,1023,236,"gene1524","CX3CR1","FM_04"
"fm",3,1023,237,"gene9588","PRDX6","FM_13"
"fm",3,1023,238,"gene4311","MME","FM_02"
"fm",3,1023,239,"gene55831","EMC3","FM_14"
"fm",3,1023,240,"gene9935","MAFB","FM_10"
"fm",3,1023,241,"gene2015","ADGRE1","FM_14"
"fm",3,1023,242,"gene10435","CDC42EP2","FM_04"
"fm",3,1023,243,"gene2030","SLC29A1","FM_05"
"fm",3,1023,244,"gene4012","LNPEP","FM_09"
"fm",3,1023,245,"gene3162","HMOX1","FM_01"
"fm",3,1023,246,"gene51312","SLC25A37","FM_04"
"fm",3,1023,247,"gene2091","FBL","FM_11"
"fm",3,1023,248,"gene5196","PF4","FM_12"
"fm",3,1023,249,"gene3820","KLRB1","FM_07"
"fm",3,1023,250,"gene23129","PLXND1","FM_16"
"fm",3,1023,251,"gene59283","CACNG8","FM_12"
"fm",3,1023,252,"gene84034","EMILIN2","FM_12"
"fm",3,1023,253,"gene6231","RPS26","FM_08"
"fm",3,1023,254,"gene6235","RPS29","FM_14"
"fm",3,1023,255,"gene90480","GADD45GIP1","FM_10"
"fm",3,1023,256,"gene64407","RGS18","FM_13"
"fm",3,1023,257,"gene5144","PDE4D","FM_19"
"fm",3,1023,258,"gene84333","PCGF5","FM_04"
"fm",3,1023,259,"gene203","AK1","FM_09"
"fm",3,1023,260,"gene3560","IL2RB","FM_19"
"fm",3,1023,261,"gene5866","RAB3IL1","FM_19"
"fm",3,1023,262,"gene925","CD8A","FM_08"
"fm",3,1023,263,"gene939","CD27","FM_03"
"fm",3,1023,264,"gene1028","CDKN1C","FM_02"
"fm",3,1023,265,"gene11224","RPL35","FM_13"
"fm",3,1023,266,"gene7850","IL1R2","FM_06"
"fm",3,1023,267,"gene54438","GFOD1","FM_02"
"fm",3,1023,268,"gene7045","TGFBI","FM_08"
"fm",3,1023,269,"gene83716","CRISPLD2","FM_17"
"fm",3,1023,270,"gene5729","PTGDR","FM_06"
"fm",3,1023,271,"gene2791","GNG11","FM_09"
"fm",3,1023,272,"gene2812","GP1BB","FM_17"
"fm",3,1023,273,"gene3067","HDC","FM_16"
"fm",3,1023,274,"gene1595","CYP51A1","FM_08"
"fm",3,1023,275,"gene54543","TOMM7","FM_03"
"fm",3,1023,276,"gene116844","LRG1","FM_02"
"fm",3,1023,277,"gene7264","GFUS","FM_10"
"fm",3,1023,278,"gene83666","PARP9","FM_15"
"fm",3,1023,279,"gene6222","RPS18","FM_05"
"fm",3,1023,280,"gene9491","PSMF1","FM_18"
"fm",3,1023,281,"gene596","BCL2","FM_09"
"fm",3,1023,282,"gene6234","RPS28","FM_01"
"fm",3,1023,283,"gene2288","FKBP4","FM_03"
"fm",3,1023,284,"gene6590","SLPI","FM_01"
"fm",3,1023,285,"gene896","CCND3","FM_09"
"fm",3,1023,286,"gene3792","KEL","FM_11"
"fm",3,1023,287,"gene259197","NCR3","FM_03"
"fm",3,1023,288,"gene401258","RAB44","FM_02"
"fm",3,1023,289,"gene6208","RPS14","FM_06"
"fm",3,1023,290,"gene8685","MARCO","FM_05"
"fm",3,1023,291,"gene131870","NUDT16","FM_12"
"fm",3,1023,292,"gene8807","IL18RAP","FM_19"
"fm",3,1023,293,"gene27343","POLL","FM_07"
"fm",3,1023,294,"gene8671","SLC4A4","FM_10"
"fm",3,1023,295,"gene100133941","CD24","FM_15"
"fm",3,1023,296,"gene9997","SCO2","FM_18"
"fm",3,1023,297,"gene6510","SLC1A5","FM_02"
"fm",3,1023,298,"gene6708","SPTA1","FM_10"
"fm",3,1023,299,"gene8911","CACNA1I","FM_05"
"fm",3,1023,300,"gene57823","SLAMF7","FM_14"
"fm",3,1023,301,"gene9976","CLEC2B","FM_16"
"fm",3,1023,302,"gene6678","SPARC","FM_03"
"fm",3,1023,303,"gene6223","RPS19","FM_02"
"fm",3,1023,304,"gene1191","CLU","FM_13"
"fm",3,1023,305,"gene23365","ARHGEF12","FM_10"
"fm",3,1023,306,"gene6726","SRP9","FM_10"
"fm",3,1023,307,"gene3122","HLA-DRA","FM_07"
"fm",3,1023,308,"gene926","CD8B","FM_11"
"fm",3,1023,309,"gene6633","SNRPD2","FM_17"
"fm",3,1023,310,"gene81027","TUBB1","FM_06"
"fm",3,1023,311,"gene6773","STAT2","FM_08"
"fm",3,1023,312,"gene6281","S100A10","FM_18"
"fm",3,1023,313,"gene5997","RGS2","FM_16"
"fm",3,1023,314,"gene7226","TRPM2","FM_16"
"fm",3,1023,315,"gene129685","TAF8","FM_09"
"fm",3,1023,316,"gene8460","TPST1","FM_01"
"fm",3,1023,317,"gene4082","MARCKS","FM_14"
"fm",3,1023,318,"gene80097","MZT2B","FM_15"
"fm",3,1023,319,"gene22934","RPIA","FM_13"
"fm",3,1023,320,"gene4354","MPP1","FM_02"
"fm",3,1023,321,"gene388","RHOB","FM_15"
"fm",3,1023,322,"gene9246","UBE2L6","FM_08"
"fm",3,1023,323,"gene7852","CXCR4","FM_19"
"fm",3,1023,324,"gene80310","PDGFD","FM_12"
"fm",3,1023,325,"gene10622","POLR3G","FM_01"
"fm",3,1023,326,"gene10135","NAMPT","FM_19"
"fm",3,1023,327,"gene4778","NFE2","FM_16"
"fm",3,1023,328,"gene160364","CLEC12A","FM_03"
"fm",3,1023,329,"gene1912","PHC2","FM_01"
"fm",3,1023,330,"gene10663","CXCR6","FM_11"
"fm",3,1023,331,"gene9437","NCR1","FM_13"
"fm",3,1023,332,"gene84649","DGAT2","FM_09"
"fm",3,1023,333,"gene2624","GATA2","FM_06"
"fm",3,1023,334,"gene3326","HSP90AB1","FM_04"
"fm",3,1023,335,"gene5079","PAX5","FM_02"
"fm",3,1023,336,"gene5208","PFKFB2","FM_01"
"fm",3,1023,337,"gene353189","SLCO4C1","FM_09"
"fm",3,1023,338,"gene3945","LDHB","FM_16"
"fm",3,1023,339,"gene84174","SLA2","FM_04"
"fm",3,1023,340,"gene3821","KLRC1","FM_09"
"fm",3,1023,341,"gene356","FASLG","FM_04"
"fm",3,1023,342,"gene59352","LGR6","FM_06"
"fm",3,1023,343,"gene6201","RPS7","FM_05"
"fm",3,1023,344,"gene6164","RPL34","FM_09"
"fm",3,1023,345,"gene3921","RPSA","FM_04"
"fm",3,1023,346,"gene3576","CXCL8","FM_11"
"fm",3,1023,347,"gene6227","RPS21","FM_06"
"fm",3,1023,348,"gene7915","ALDH5A1","FM_04"
"fm",3,1023,349,"gene684","BST2","FM_08"
"fm",3,1023,350,"gene80781","COL18A1","FM_01"
"fm",3,1023,351,"gene6934","TCF7L2","FM_12"
"fm",3,1023,352,"gene338440","ANO9","FM_06"
"fm",3,1023,353,"gene80216","ALPK1","FM_12"
"fm",3,1023,354,"gene6515","SLC2A3","FM_13"
"fm",3,1023,355,"gene1933","EEF1B2","FM_16"
"fm",3,1023,356,"gene400916","CHCHD10","FM_10"
"fm",3,1023,357,"gene79689","STEAP4","FM_17"
"fm",3,1023,358,"gene726","CAPN5","FM_06"
"fm",3,1023,359,"gene729359","PLIN4","FM_06"
"fm",3,1023,360,"gene57610","RANBP10","FM_01"
"fm",3,1023,361,"gene4064","CD180","FM_01"
"fm",3,1023,362,"gene25873","RPL36","FM_11"
"fm",3,1023,363,"gene1847","DUSP5","FM_02"
"fm",3,1023,364,"gene8291","DYSF","FM_02"
"fm",3,1023,365,"gene51523","CXXC5","FM_08"
"fm",3,1023,366,"gene3070","HELLS","FM_05"
"fm",3,1023,367,"gene6036","RNASE2","FM_09"
"fm",3,1023,368,"gene11123","RCAN3","FM_15"
"fm",3,1023,369,"gene10581","IFITM2","FM_04"
"fm",3,1023,370,"gene50509","COL5A3","FM_07"
"fm",3,1023,371,"gene9975","NR1D2","FM_09"
"fm",3,1023,372,"gene5464","PPA1","FM_01"
"fm",3,1023,373,"gene140803","TRPM6","FM_05"
"fm",3,1023,374,"gene6846","XCL2","FM_05"
"fm",3,1023,375,"gene4537","MT-ND3","FM_03"
"fm",3,1023,376,"gene3490","IGFBP7","FM_06"
"fm",3,1023,377,"gene84766","CRACR2A","FM_09"
"fm",3,1023,378,"gene944","TNFSF8","FM_09"
"fm",3,1023,379,"gene366","AQP9","FM_12"
"fm",3,1023,380,"gene9934","P2RY14","FM_06"
"fm",3,1023,381,"gene7846","TUBA1A","FM_07"
"fm",3,1023,382,"gene6478","SIAH2","FM_11"
"fm",3,1023,383,"gene6171","RPL41","FM_16"
"fm",3,1023,384,"gene6152","RPL24","FM_01"
"fm",3,1023,385,"gene360","AQP3","FM_01"
"fm",3,1023,386,"gene2214","FCGR3A","FM_17"
"fm",3,1023,387,"gene3004","GZMM","FM_01"
"fm",3,1023,388,"gene5494","PPM1A","FM_08"
"fm",3,1023,389,"gene1232","CCR3","FM_07"
"fm",3,1023,390,"gene4953","ODC1","FM_07"
"fm",3,1023,391,"gene3274","HRH2","FM_06"
"fm",3,1023,392,"gene5577","PRKAR2B","FM_03"
"fm",3,1023,393,"gene9254","CACNA2D2","FM_18"
"fm",3,1023,394,"gene915","CD3D","FM_18"
"fm",3,1023,395,"gene3123","HLA-DRB1","FM_15"
"fm",3,1023,396,"gene154","ADRB2","FM_15"
"fm",3,1023,397,"gene929","CD14","FM_01"
"fm",3,1023,398,"gene3577","CXCR1","FM_08"
"fm",3,1023,399,"gene1880","GPR183","FM_01"
"fm",3,1023,400,"gene6204","RPS10","FM_02"
"fm",3,1023,401,"gene6224","RPS20","FM_08"
"fm",3,1023,402,"gene126231","ZNF573","FM_07"
"fm",3,1023,403,"gene57514","ARHGAP31","FM_04"
"fm",3,1023,404,"gene31","ACACA","FM_01"
"fm",3,1023,405,"gene1870","E2F2","FM_09"
"fm",3,1023,406,"gene10449","ACAA2","FM_02"
"fm",3,1023,407,"gene114907","FBXO32","FM_01"
"fm",3,1023,408,"gene6139","RPL17","FM_06"
"fm",3,1023,409,"gene79887","PLBD1","FM_02"
"fm",3,1023,410,"gene2793","GNGT2","FM_02"
"fm",3,1023,411,"gene2059","EPS8","FM_17"
"fm",3,1023,412,"gene8334","H2AC6","FM_15"
"fm",3,1023,413,"gene3613","IMPA2","FM_06"
"fm",3,1023,414,"gene170622","COMMD6","FM_05"
"fm",3,1023,415,"gene2550","GABBR1","FM_08"
"fm",3,1023,416,"gene3572","IL6ST","FM_02"
"fm",3,1023,417,"gene2950","GSTP1","FM_14"
"fm",3,1023,418,"gene2081","ERN1","FM_04"
"fm",3,1023,419,"gene4792","NFKBIA","FM_16"
"fm",3,1023,420,"gene9398","CD101","FM_08"
"fm",3,1023,421,"gene3028","HSD17B10","FM_01"
"fm",3,1023,422,"gene6241","RRM2","FM_20"
"fm",3,1023,423,"gene23401","FRAT2","FM_01"
"fm",3,1023,424,"gene8794","TNFRSF10C","FM_10"
"fm",3,1023,425,"gene22800","RRAS2","FM_18"
"fm",3,1023,426,"gene3398","ID2","FM_03"
"fm",3,1023,427,"gene4068","SH2D1A","FM_15"
"fm",3,1023,428,"gene6286","S100P","FM_02"
"fm",3,1023,429,"gene157285","PRAG1","FM_19"
"fm",3,1023,430,"gene3340","NDST1","FM_08"
"fm",3,1023,431,"gene85441","HELZ2","FM_12"
"fm",3,1023,432,"gene6144","RPL21","FM_10"
"fm",3,1023,433,"gene8638","OASL","FM_20"
"fm",3,1023,434,"gene54407","SLC38A2","FM_02"
"fm",3,1023,435,"gene81794","ADAMTS10","FM_04"
"fm",3,1023,436,"gene6272","SORT1","FM_09"
"fm",3,1023,437,"gene445582","POTEE","FM_10"
"fm",3,1023,438,"gene1345","COX6C","FM_11"
"fm",3,1023,439,"gene6146","RPL22","FM_11"
"fm",3,1023,440,"gene514","ATP5F1E","FM_14"
"fm",3,1023,441,"gene6155","RPL27","FM_04"
"fm",3,1023,442,"gene6160","RPL31","FM_04"
"fm",3,1023,443,"gene162966","ZNF600","FM_11"
"fm",3,1023,444,"gene3728","JUP","FM_05"
"fm",3,1023,445,"gene26289","AK5","FM_14"
"fm",3,1023,446,"gene2768","GNA12","FM_16"
"fm",3,1023,447,"gene26268","FBXO9","FM_17"
"fm",3,1023,448,"gene6647","SOD1","FM_16"
"fm",3,1023,449,"gene7320","UBE2B","FM_05"
"fm",3,1023,450,"gene3430","IFI35","FM_12"
"fm",3,1023,451,"gene389","RHOC","FM_10"
"fm",3,1023,452,"gene4261","CIITA","FM_01"
"fm",3,1023,453,"gene65018","PINK1","FM_06"
"fm",3,1023,454,"gene146850","PIK3R6","FM_11"
"fm",3,1023,455,"gene301","ANXA1","FM_05"
"fm",3,1023,456,"gene63893","UBE2O","FM_02"
"fm",3,1023,457,"gene6886","TAL1","FM_02"
"fm",3,1023,458,"gene54498","SMOX","FM_11"
"fm",3,1023,459,"gene57630","SH3RF1","FM_16"
"fm",3,1023,460,"gene1471","CST3","FM_01"
"fm",3,1023,461,"gene56005","MYDGF","FM_08"
"fm",3,1023,462,"gene8536","CAMK1","FM_19"
"fm",3,1023,463,"gene10219","KLRG1","FM_04"
"fm",3,1023,464,"gene5052","PRDX1","FM_08"
"fm",3,1023,465,"gene838","CASP5","FM_04"
"fm",3,1023,466,"gene682","BSG","FM_09"
"fm",3,1023,467,"gene3164","NR4A1","FM_12"
"fm",3,1023,468,"gene1475","CSTA","FM_05"
"fm",3,1023,469,"gene5610","EIF2AK2","FM_01"
"fm",3,1023,470,"gene6352","CCL5","FM_09"
"fm",3,1023,471,"gene2634","GBP2","FM_11"
"fm",3,1023,472,"gene5721","PSME2","FM_13"
"fm",3,1023,473,"gene127933","UHMK1","FM_03"
"fm",3,1023,474,"gene6168","RPL37A","FM_06"
"fm",3,1023,475,"gene3115","HLA-DPB1","FM_04"
"fm",3,1023,476,"gene8718","TNFRSF25","FM_18"
"fm",3,1023,477,"gene80727","TTYH3","FM_03"
"fm",3,1023,478,"gene221472","FGD2","FM_03"
"fm",3,1023,479,"gene1350","COX7C","FM_07"
"fm",3,1023,480,"gene6641","SNTB1","FM_18"
"fm",3,1023,481,"gene4900","NRGN","FM_01"
"fm",3,1023,482,"gene5141","PDE4A","FM_08"
"fm",3,1023,483,"gene5027","P2RX7","FM_04"
"fm",3,1023,484,"gene219333","USP12","FM_19"
"fm",3,1023,485,"gene302","ANXA2","FM_01"
"fm",3,1023,486,"gene4353","MPO","FM_07"
"fm",3,1023,487,"gene8724","SNX3","FM_18"
"fm",3,1023,488,"gene25801","GCA","FM_15"
"fm",3,1023,489,"gene968","CD68","FM_05"
"fm",3,1023,490,"gene122416","ANKRD9","FM_03"
"fm",3,1023,491,"gene2153","F5","FM_02"
"fm",3,1023,492,"gene9531","BAG3","FM_03"
"fm",3,1023,493,"gene23191","CYFIP1","FM_06"
"fm",3,1023,494,"gene8787","RGS9","FM_06"
"fm",3,1023,495,"gene6280","S100A9","FM_09"
"fm",3,1023,496,"gene54790","TET2","FM_16"
"fm",3,1023,497,"gene1116","CHI3L1","FM_04"
"fm",3,1023,498,"gene6194","RPS6","FM_15"
"fm",3,1023,499,"gene6154","RPL26","FM_09"
"fm",3,1023,500,"gene22914","KLRK1","FM_12"
"fm",3,1023,501,"gene1593","CYP27A1","FM_02"
"fm",3,1023,502,"gene91319","DERL3","FM_15"
"fm",3,1023,503,"gene3646","EIF3E","FM_08"
"fm",3,1023,504,"gene6206","RPS12","FM_11"
"fm",3,1023,505,"gene321","APBA2","FM_08"
"fm",3,1023,506,"gene7273","TTN","FM_03"
"fm",3,1023,507,"gene8875","VNN2","FM_16"
"fm",3,1023,508,"gene28996","HIPK2","FM_02"
"fm",3,1023,509,"gene1512","CTSH","FM_04"
"fm",3,1023,510,"gene25824","PRDX5","FM_07"
"fm",3,1023,511,"gene10963","STIP1","FM_01"
"fm",3,1023,512,"gene217","ALDH2","FM_02"
"fm",3,1023,513,"gene114879","OSBPL5","FM_11"
"fm",3,1023,514,"gene25956","SEC31B","FM_18"
"fm",3,1023,515,"gene3566","IL4R","FM_15"
"fm",3,1023,516,"gene4833","NME4","FM_08"
"fm",3,1023,517,"gene133522","PPARGC1B","FM_10"
"fm",3,1023,518,"gene5140","PDE3B","FM_01"
"fm",3,1023,519,"gene55432","YOD1","FM_04"
"fm",3,1023,520,"gene1675","CFD","FM_03"
"fm",3,1023,521,"gene23475","QPRT","FM_04"
"fm",3,1023,522,"gene330","BIRC3","FM_12"
"fm",3,1023,523,"gene3925","STMN1","FM_06"
"fm",3,1023,524,"gene3693","ITGB5","FM_13"
"fm",3,1023,525,"gene6175","RPLP0","FM_14"
"fm",3,1023,526,"gene6161","RPL32","FM_03"
"fm",3,1023,527,"gene7311","UBA52","FM_17"
"fm",3,1023,528,"gene4831","NME2","FM_18"
"fm",3,1023,529,"gene6141","RPL18","FM_10"
"fm",3,1023,530,"gene6713","SQLE","FM_06"
"fm",3,1023,531,"gene8905","AP1S2","FM_05"
"fm",3,1023,532,"gene4303","FOXO4","FM_06"
"fm",3,1023,533,"gene8669","EIF3J","FM_11"
"fm",3,1023,534,"gene146330","FBXL16","FM_04"
"fm",3,1023,535,"gene6165","RPL35A","FM_12"
"fm",3,1023,536,"gene4502","MT2A","FM_06"
"fm",3,1023,537,"gene22885","ABLIM3","FM_01"
"fm",3,1023,538,"gene513","ATP5F1D","FM_01"
"fm",3,1023,539,"gene51734","MSRB1","FM_18"
"fm",3,1023,540,"gene10871","CD300C","FM_08"
"fm",3,1023,541,"gene6228","RPS23","FM_14"
"fm",3,1023,542,"gene143686","SESN3","FM_08"
"fm",3,1023,543,"gene51024","FIS1","FM_14"
"fm",3,1023,544,"gene6191","RPS4X","FM_13"
"fm",3,1023,545,"gene2781","GNAZ","FM_09"
"fm",3,1023,546,"gene6001","RGS10","FM_03"
"fm",3,1023,547,"gene84874","ZNF514","FM_06"
"fm",3,1023,548,"gene84131","CEP78","FM_03"
"fm",3,1023,549,"gene4605","MYBL2","FM_02"
"fm",3,1023,550,"gene3822","KLRC2","FM_13"
"fm",3,1023,551,"gene8140","SLC7A5","FM_03"
"fm",3,1023,552,"gene2048","EPHB2","FM_03"
"fm",3,1023,553,"gene3394","IRF8","FM_03"
"fm",3,1023,554,"gene80139","ZNF703","FM_04"
"fm",3,1023,555,"gene5727","PTCH1","FM_02"
"fm",3,1023,556,"gene6721","SREBF2","FM_14"
"fm",3,1023,557,"gene6648","SOD2","FM_03"
"fm",3,1023,558,"gene5836","PYGL","FM_02"
"fm",3,1023,559,"gene2947","GSTM3","FM_02"
"fm",3,1023,560,"gene4345","CD200","FM_12"
"fm",3,1023,561,"gene151742","PPM1L","FM_15"
"fm",3,1023,562,"gene340205","TREML1","FM_02"
"fm",3,1023,563,"gene708","C1QBP","FM_16"
"fm",3,1023,564,"gene7169","TPM2","FM_03"
"fm",3,1023,565,"gene6202","RPS8","FM_17"
"fm",3,1023,566,"gene3480","IGF1R","FM_14"
"fm",3,1023,567,"gene66002","CYP4F12","FM_07"
"fm",3,1023,568,"gene388931","MFSD2B","FM_01"
"fm",3,1023,569,"gene133","ADM","FM_06"
"fm",3,1023,570,"gene6147","RPL23A","FM_12"
"fm",3,1023,571,"gene3579","CXCR2","FM_08"
"fm",3,1023,572,"gene6142","RPL18A","FM_01"
"fm",3,1023,573,"gene4282","MIF","FM_10"
"fm",3,1023,574,"gene3336","HSPE1","FM_06"
"fm",3,1023,575,"gene4773","NFATC2","FM_04"
"fm",3,1023,576,"gene2787","GNG5","FM_01"
"fm",3,1023,577,"gene10437","IFI30","FM_04"
"fm",3,1023,578,"gene161882","ZFPM1","FM_20"
"fm",3,1023,579,"gene2357","FPR1","FM_01"
"fm",3,1023,580,"gene6635","SNRPE","FM_01"
"fm",3,1023,581,"gene56975","FAM20C","FM_02"
"fm",3,1023,582,"gene2162","F13A1","FM_06"
"fm",3,1023,583,"gene9231","DLG5","FM_06"
"fm",3,1023,584,"gene10859","LILRB1","FM_10"
"fm",3,1023,585,"gene933","CD22","FM_12"
"fm",3,1023,586,"gene942","CD86","FM_20"
"fm",3,1023,587,"gene9145","SYNGR1","FM_20"
"fm",3,1023,588,"gene2058","EPRS1","FM_16"
"fm",3,1023,589,"gene6556","SLC11A1","FM_08"
"fm",3,1023,590,"gene6217","RPS16","FM_08"
"fm",3,1023,591,"gene80012","PHC3","FM_06"
"fm",3,1023,592,"gene2776","GNAQ","FM_08"
"fm",3,1023,593,"gene6169","RPL38","FM_06"
"fm",3,1023,594,"gene117155","CATSPER2","FM_12"
"fm",3,1023,595,"gene25946","ZNF385A","FM_06"
"fm",3,1023,596,"gene134429","STARD4","FM_02"
"fm",3,1023,597,"gene3556","IL1RAP","FM_15"
"fm",3,1023,598,"gene7128","TNFAIP3","FM_19"
"fm",3,1023,599,"gene6159","RPL29","FM_06"
"fm",3,1023,600,"gene9194","SLC16A7","FM_06"
"fm",3,1023,601,"gene275","AMT","FM_13"
"fm",3,1023,602,"gene5567","PRKACB","FM_03"
"fm",3,1023,603,"gene83988","NCALD","FM_07"
"fm",3,1023,604,"gene9580","SOX13","FM_01"
"fm",3,1023,605,"gene4708","NDUFB2","FM_13"
"fm",3,1023,606,"gene3575","IL7R","FM_19"
"fm",3,1023,607,"gene4830","NME1","FM_07"
"fm",3,1023,608,"gene27287","VENTX","FM_13"
"fm",3,1023,609,"gene55423","SIRPG","FM_07"
"fm",3,1023,610,"gene4646","MYO6","FM_14"
"fm",3,1023,611,"gene58477","SRPRB","FM_05"
"fm",3,1023,612,"gene6188","RPS3","FM_05"
"fm",3,1023,613,"gene54583","EGLN1","FM_20"
"fm",3,1023,614,"gene1163","CKS1B","FM_11"
"fm",3,1023,615,"gene5732","PTGER2","FM_07"
"fm",3,1023,616,"gene306","ANXA3","FM_08"
"fm",3,1023,617,"gene1043","CD52","FM_15"
"fm",3,1023,618,"gene7203","CCT3","FM_17"
"fm",3,1023,619,"gene2206","MS4A2","FM_07"
"fm",3,1023,620,"gene6173","RPL36A","FM_02"
"fm",3,1023,621,"gene79071","ELOVL6","FM_07"
"fm",3,1023,622,"gene6039","RNASE6","FM_20"
"fm",3,1023,623,"gene123","PLIN2","FM_06"
"fm",3,1023,624,"gene8541","PPFIA3","FM_14"
"fm",3,1023,625,"gene1890","TYMP","FM_06"
"fm",3,1023,626,"gene3386","ICAM4","FM_14"
"fm",3,1023,627,"gene3595","IL12RB2","FM_05"
"fm",3,1023,628,"gene9045","RPL14","FM_01"
"fm",3,1023,629,"gene55466","DNAJA4","FM_18"
"fm",3,1023,630,"gene5966","REL","FM_15"
"fm",3,1023,631,"gene54210","TREM1","FM_04"
"fm",3,1023,632,"gene4638","MYLK","FM_04"
"fm",3,1023,633,"gene3717","JAK2","FM_10"
"fm",3,1023,634,"gene2309","FOXO3","FM_16"
"fm",3,1023,635,"gene140807","KRT72","FM_17"
"fm",3,1023,636,"gene8320","EOMES","FM_11"
"fm",3,1023,637,"gene6207","RPS13","FM_04"
"fm",3,1023,638,"gene2201","FBN2","FM_01"
"fm",3,1023,639,"gene3486","IGFBP3","FM_18"
"fm",3,1023,640,"gene79834","PEAK1","FM_02"
"fm",3,1023,641,"gene57698","SHTN1","FM_01"
"fm",3,1023,642,"gene463","ZFHX3","FM_12"
"fm",3,1023,643,"gene6375","XCL1","FM_02"
"fm",3,1023,644,"gene57654","UVSSA","FM_05"
"fm",3,1023,645,"gene539","ATP5PO","FM_03"
"fm",3,1023,646,"gene597","BCL2A1","FM_06"
"fm",3,1023,647,"gene719","C3AR1","FM_10"
"fm",3,1023,648,"gene83999","KREMEN1","FM_16"
"fm",3,1023,649,"gene56172","ANKH","FM_01"
"fm",3,1023,650,"gene710","SERPING1","FM_13"
"fm",3,1023,651,"gene10462","CLEC10A","FM_03"
"fm",3,1023,652,"gene6209","RPS15","FM_05"
"fm",3,1023,653,"gene527","ATP6V0C","FM_05"
"fm",3,1023,654,"gene81030","ZBP1","FM_07"
"fm",3,1023,655,"gene6095","RORA","FM_17"
"fm",3,1023,656,"gene1051","CEBPB","FM_09"
"fm",3,1023,657,"gene6233","RPS27A","FM_03"
"fm",3,1023,658,"gene5901","RAN","FM_13"
"fm",3,1023,659,"gene9170","LPAR2","FM_09"
"fm",3,1023,660,"gene2317","FLNB","FM_09"
"fm",3,1023,661,"gene2203","FBP1","FM_07"
"fm",3,1023,662,"gene2017","CTTN","FM_01"
"fm",3,1023,663,"gene6218","RPS17","FM_14"
"fm",3,1023,664,"gene192286","HIGD2A","FM_06"
"fm",3,1023,665,"gene259173","ALS2CL","FM_05"
"fm",3,1023,666,"gene10549","PRDX4","FM_08"
"fm",3,1023,667,"gene23547","LILRA4","FM_01"
"fm",3,1023,668,"gene353","APRT","FM_05"
"fm",3,1023,669,"gene51389","RWDD1","FM_07"
"fm",3,1023,670,"gene100996939","PYURF","FM_19"
"fm",3,1023,671,"gene84992","PIGY","FM_18"
"fm",3,1023,672,"gene59285","CACNG6","FM_01"
"fm",3,1023,673,"gene940","CD28","FM_11"
"fm",3,1023,674,"gene760","CA2","FM_09"
"fm",3,1023,675,"gene2760","GM2A","FM_09"
"fm",3,1023,676,"gene8349","H2BC21","FM_05"
"fm",3,1023,677,"gene978","CDA","FM_02"
"fm",3,1023,678,"gene2790","GNG10","FM_02"
"fm",3,1023,679,"gene54843","SYTL2","FM_15"
"fm",3,1023,680,"gene10870","HCST","FM_01"
"fm",3,1023,681,"gene671","BPI","FM_02"
"fm",3,1023,682,"gene27102","EIF2AK1","FM_12"
"fm",3,1023,683,"gene3772","KCNJ15","FM_07"
"fm",3,1023,684,"gene1436","CSF1R","FM_01"
"fm",3,1023,685,"gene728294","D2HGDH","FM_05"
"fm",3,1023,686,"gene6167","RPL37","FM_09"
"fm",3,1023,687,"gene6134","RPL10","FM_13"
"fm",3,1023,688,"gene8714","ABCC3","FM_01"
"fm",3,1023,689,"gene6125","RPL5","FM_05"
"fm",3,1023,690,"gene56953","NT5M","FM_01"
"fm",3,1023,691,"gene8482","SEMA7A","FM_13"
"fm",3,1023,692,"gene64759","TNS3","FM_09"
"fm",3,1023,693,"gene90990","KIFC2","FM_15"
"fm",3,1023,694,"gene2194","FASN","FM_04"
"fm",3,1023,695,"gene4736","RPL10A","FM_16"
"fm",3,1023,696,"gene974","CD79B","FM_20"
"fm",3,1023,697,"gene4869","NPM1","FM_09"
"fm",3,1023,698,"gene5016","OVGP1","FM_01"
"fm",3,1023,699,"gene3590","IL11RA","FM_13"
"fm",3,1023,700,"gene23645","PPP1R15A","FM_07"
"fm",3,1023,701,"gene23677","SH3BP4","FM_01"
"fm",3,1023,702,"gene155066","ATP6V0E2","FM_03"
"fm",3,1023,703,"gene8993","PGLYRP1","FM_10"
"fm",3,1023,704,"gene4069","LYZ","FM_08"
"fm",3,1023,705,"gene1848","DUSP6","FM_16"
"fm",3,1023,706,"gene1717","DHCR7","FM_20"
"fm",3,1023,707,"gene55967","NDUFA12","FM_04"
"fm",3,1023,708,"gene30817","ADGRE2","FM_15"
"fm",3,1023,709,"gene643","CXCR5","FM_10"
"fm",3,1023,710,"gene10857","PGRMC1","FM_12"
"fm",3,1023,711,"gene1312","COMT","FM_07"
"fm",3,1023,712,"gene51386","EIF3L","FM_14"
"fm",3,1023,713,"gene1536","CYBB","FM_05"
"fm",3,1023,714,"gene8740","TNFSF14","FM_15"
"fm",3,1023,715,"gene27339","PRPF19","FM_01"
"fm",3,1023,716,"gene84443","FRMPD3","FM_10"
"fm",3,1023,717,"gene5621","PRNP","FM_02"
"fm",3,1023,718,"gene3903","LAIR1","FM_04"
"fm",3,1023,719,"gene3312","HSPA8","FM_04"
"fm",3,1023,720,"gene1803","DPP4","FM_08"
"fm",3,1023,721,"gene23586","RIGI","FM_15"
"fm",3,1023,722,"gene23327","NEDD4L","FM_17"
"fm",3,1023,723,"gene3091","HIF1A","FM_07"
"fm",3,1023,724,"gene57571","CARNS1","FM_05"
"fm",3,1023,725,"gene89790","SIGLEC10","FM_03"
"fm",3,1023,726,"gene8111","GPR68","FM_17"
"fm",3,1023,727,"gene4660","PPP1R12B","FM_14"
"fm",3,1023,728,"gene64425","POLR1E","FM_06"
"fm",3,1023,729,"gene10728","PTGES3","FM_04"
"fm",3,1023,730,"gene140809","SRXN1","FM_18"
"fm",3,1023,731,"gene23250","ATP11A","FM_16"
"fm",3,1023,732,"gene8821","INPP4B","FM_01"
"fm",3,1023,733,"gene57162","PELI1","FM_08"
"fm",3,1023,734,"gene6137","RPL13","FM_17"
"fm",3,1023,735,"gene4000","LMNA","FM_04"
"fm",3,1023,736,"gene5209","PFKFB3","FM_07"
"fm",3,1023,737,"gene56993","TOMM22","FM_03"
"fm",3,1023,738,"gene7090","TLE3","FM_05"
"fm",3,1023,739,"gene7494","XBP1","FM_10"
"fm",3,1023,740,"gene718","C3","FM_07"
"fm",3,1023,741,"gene64167","ERAP2","FM_04"
"fm",3,1023,742,"gene2149","F2R","FM_13"
"fm",3,1023,743,"gene81857","MED25","FM_14"
"fm",3,1023,744,"gene1891","ECH1","FM_09"
"fm",3,1023,745,"gene8673","VAMP8","FM_06"
"fm",3,1023,746,"gene6720","SREBF1","FM_10"
"fm",3,1023,747,"gene8607","RUVBL1","FM_08"
"fm",3,1023,748,"gene8682","PEA15","FM_15"
"fm",3,1023,749,"gene10055","SAE1","FM_16"
"fm",3,1023,750,"gene85439","STON2","FM_03"
"fm",3,1023,751,"gene10913","EDAR","FM_01"
"fm",3,1023,752,"gene6843","VAMP1","FM_02"
"fm",3,1023,753,"gene3557","IL1RN","FM_05"
"fm",3,1023,754,"gene5603","MAPK13","FM_09"
"fm",3,1023,755,"gene28984","RGCC","FM_11"
"fm",3,1023,756,"gene319101","KRT73","FM_04"
"fm",3,1023,757,"gene1296","COL8A2","FM_05"
"fm",3,1023,758,"gene27242","TNFRSF21","FM_03"
"fm",3,1023,759,"gene10051","SMC4","FM_05"
"fm",3,1023,760,"gene8780","RIOK3","FM_01"
"fm",3,1023,761,"gene55558","PLXNA3","FM_02"
"fm",3,1023,762,"gene6138","RPL15","FM_14"
"fm",3,1023,763,"gene55704","CCDC88A","FM_01"
"fm",3,1023,764,"gene6513","SLC2A1","FM_11"
"fm",3,1023,765,"gene1622","DBI","FM_07"
"fm",3,1023,766,"gene4171","MCM2","FM_10"
"fm",3,1023,767,"gene64981","MRPL34","FM_03"
"fm",3,1023,768,"gene23136","EPB41L3","FM_06"
"fm",3,1023,769,"gene9450","LY86","FM_07"
"fm",3,1023,770,"gene6176","RPLP1","FM_09"
"fm",3,1023,771,"gene23305","ACSL6","FM_05"
"fm",3,1023,772,"gene64386","MMP25","FM_08"
"fm",3,1023,773,"gene6230","RPS25","FM_02"
"fm",3,1023,774,"gene10276","NET1","FM_04"
"fm",3,1023,775,"gene80739","MPIG6B","FM_07"
"fm",3,1023,776,"gene10875","FGL2","FM_10"
"fm",3,1023,777,"gene56261","GPCPD1","FM_03"
"fm",3,1023,778,"gene24138","IFIT5","FM_03"
"fm",3,1023,779,"gene2053","EPHX2","FM_03"
"fm",3,1023,780,"gene80005","DOCK5","FM_01"
"fm",3,1023,781,"gene79888","LPCAT1","FM_07"
"fm",3,1023,782,"gene29107","NXT1","FM_10"
"fm",3,1023,783,"gene4193","MDM2","FM_06"
"fm",3,1023,784,"gene2358","FPR2","FM_08"
"fm",3,1023,785,"gene10161","LPAR6","FM_03"
"fm",3,1023,786,"gene9759","HDAC4","FM_15"
"fm",3,1023,787,"gene10654","PMVK","FM_11"
"fm",3,1023,788,"gene84254","CAMKK1","FM_04"
"fm",3,1023,789,"gene1378","CR1","FM_02"
"fm",3,1023,790,"gene10575","CCT4","FM_03"
"fm",3,1023,791,"gene53834","FGFRL1","FM_05"
"fm",3,1023,792,"gene3459","IFNGR1","FM_13"
"fm",3,1023,793,"gene22918","CD93","FM_09"
"fm",3,1023,794,"gene2281","FKBP1B","FM_18"
"fm",3,1023,795,"gene84628","NTNG2","FM_06"
"fm",3,1023,796,"gene94015","TTYH2","FM_05"
"fm",3,1023,797,"gene6923","ELOB","FM_16"
"fm",3,1023,798,"gene253260","RICTOR","FM_09"
"fm",3,1023,799,"gene7476","WNT7A","FM_05"
"fm",3,1023,800,"gene10516","FBLN5","FM_04"
"fm",3,1023,801,"gene917","CD3G","FM_08"
"fm",3,1023,802,"gene3014","H2AX","FM_05"
"fm",3,1023,803,"gene2197","FAU","FM_19"
"fm",3,1023,804,"gene5087","PBX1","FM_18"
"fm",3,1023,805,"gene5245","PHB1","FM_02"
"fm",3,1023,806,"gene10783","NEK6","FM_11"
"fm",3,1023,807,"gene55827","DCAF6","FM_03"
"fm",3,1023,808,"gene1032","CDKN2D","FM_16"
"fm",3,1023,809,"gene864","RUNX3","FM_20"
"fm",3,1023,810,"gene51176","LEF1","FM_05"
"fm",3,1023,811,"gene1230","CCR1","FM_11"
"fm",3,1023,812,"gene8542","APOL1","FM_14"
"fm",3,1023,813,"gene5296","PIK3R2","FM_14"
"fm",3,1023,814,"gene7381","UQCRB","FM_06"
"fm",3,1023,815,"gene4689","NCF4","FM_18"
"fm",3,1023,816,"gene6157","RPL27A","FM_04"
"fm",3,1023,817,"gene2199","FBLN2","FM_05"
"fm",3,1023,818,"gene7706","TRIM25","FM_04"
"fm",3,1023,819,"gene9241","NOG","FM_06"
"fm",3,1023,820,"gene123041","SLC24A4","FM_14"
"fm",3,1023,821,"gene9314","KLF4","FM_11"
"fm",3,1023,822,"gene8815","BANF1","FM_11"
"fm",3,1023,823,"gene26232","FBXO2","FM_12"
"fm",3,1023,824,"gene1019","CDK4","FM_14"
"fm",3,1023,825,"gene23433","RHOQ","FM_07"
"fm",3,1023,826,"gene64135","IFIH1","FM_01"
"fm",3,1023,827,"gene3094","HINT1","FM_02"
"fm",3,1023,828,"gene91584","PLXNA4","FM_04"
"fm",3,1023,829,"gene55112","DYNC2I1","FM_15"
"fm",3,1023,830,"gene8741","TNFSF13","FM_05"
"fm",3,1023,831,"gene7036","TFR2","FM_17"
"fm",3,1023,832,"gene51380","CSAD","FM_13"
"fm",3,1023,833,"gene2219","FCN1","FM_03"
"fm",3,1023,834,"gene5728","PTEN","FM_08"
"fm",3,1023,835,"gene4703","NEB","FM_14"
"fm",3,1023,836,"gene4092","SMAD7","FM_03"
"fm",3,1023,837,"gene1175","AP2S1","FM_05"
"fm",3,1023,838,"gene22836","RHOBTB3","FM_10"
"fm",3,1023,839,"gene23463","ICMT","FM_05"
"fm",3,1023,840,"gene59340","HRH4","FM_13"
"fm",3,1023,841,"gene3068","HDGF","FM_17"
"fm",3,1023,842,"gene6229","RPS24","FM_05"
"fm",3,1023,843,"gene55615","PRR5","FM_05"
"fm",3,1023,844,"gene4332","MNDA","FM_14"
"fm",3,1023,845,"gene5775","PTPN4","FM_01"
"fm",3,1023,846,"gene3959","LGALS3BP","FM_15"
"fm",3,1023,847,"gene9334","B4GALT5","FM_02"
"fm",3,1023,848,"gene57674","RNF213","FM_10"
"fm",3,1023,849,"gene653361","NCF1","FM_12"
"fm",3,1023,850,"gene2739","GLO1","FM_05"
"fm",3,1023,851,"gene26140","TTLL3","FM_14"
"fm",3,1023,852,"gene27018","BEX3","FM_17"
"fm",3,1023,853,"gene912","CD1D","FM_07"
"fm",3,1023,854,"gene54549","SDK2","FM_13"
"fm",3,1023,855,"gene2625","GATA3","FM_01"
"fm",3,1023,856,"gene4809","SNU13","FM_02"
"fm",3,1023,857,"gene2215","FCGR3B","FM_09"
"fm",3,1023,858,"gene114822","RHPN1","FM_13"
"fm",3,1023,859,"gene962","CD48","FM_15"
"fm",3,1023,860,"gene8357","H3C10","FM_07"
"fm",3,1023,861,"gene221937","FOXK1","FM_05"
"fm",3,1023,862,"gene23423","TMED3","FM_07"
"fm",3,1023,863,"gene221037","JMJD1C","FM_01"
"fm",3,1023,864,"gene51650","MRPS33","FM_03"
"fm",3,1023,865,"gene868","CBLB","FM_02"
"fm",3,1023,866,"gene6732","SRPK1","FM_07"
"fm",3,1023,867,"gene4715","NDUFB9","FM_03"
"fm",3,1023,868,"gene6307","MSMO1","FM_04"
"fm",3,1023,869,"gene8519","IFITM1","FM_07"
"fm",3,1023,870,"gene6158","RPL28","FM_03"
"fm",3,1023,871,"gene161742","SPRED1","FM_02"
"fm",3,1023,872,"gene1154","CISH","FM_04"
"fm",3,1023,873,"gene8665","EIF3F","FM_19"
"fm",3,1023,874,"gene5197","PF4V1","FM_12"
"fm",3,1023,875,"gene4904","YBX1","FM_11"
"fm",3,1023,876,"gene80854","SETD7","FM_12"
"fm",3,1023,877,"gene7514","XPO1","FM_02"
"fm",3,1023,878,"gene706","TSPO","FM_01"
"fm",3,1023,879,"gene84159","ARID5B","FM_05"
"fm",3,1023,880,"gene5886","RAD23A","FM_05"
"fm",3,1023,881,"gene9651","PLCH2","FM_03"
"fm",3,1023,882,"gene80115","BAIAP2L2","FM_12"
"fm",3,1023,883,"gene7153","TOP2A","FM_05"
"fm",3,1023,884,"gene1628","DBP","FM_02"
"fm",3,1023,885,"gene3320","HSP90AA1","FM_10"
"fm",3,1023,886,"gene5800","PTPRO","FM_05"
"fm",3,1023,887,"gene55240","STEAP3","FM_17"
"fm",3,1023,888,"gene6150","MRPL23","FM_10"
"fm",3,1023,889,"gene8668","EIF3I","FM_01"
"fm",3,1023,890,"gene151636","DTX3L","FM_03"
"fm",3,1023,891,"gene290","ANPEP","FM_07"
"fm",3,1023,892,"gene7089","TLE2","FM_12"
"fm",3,1023,893,"gene54331","GNG2","FM_05"
"fm",3,1023,894,"gene54464","XRN1","FM_08"
"fm",3,1023,895,"gene728","C5AR1","FM_07"
"fm",3,1023,896,"gene4050","LTB","FM_13"
"fm",3,1023,897,"gene80201","HKDC1","FM_14"
"fm",3,1023,898,"gene11343","MGLL","FM_11"
"fm",3,1023,899,"gene22898","DENND3","FM_08"
"fm",3,1023,900,"gene64061","TSPYL2","FM_05"
"fm",3,1023,901,"gene1937","EEF1G","FM_09"
"fm",3,1023,902,"gene1269","CNR2","FM_19"
"fm",3,1023,903,"gene27335","EIF3K","FM_04"
"fm",3,1023,904,"gene10154","PLXNC1","FM_03"
"fm",3,1023,905,"gene1241","LTB4R","FM_16"
"fm",3,1023,906,"gene60489","APOBEC3G","FM_19"
"fm",3,1023,907,"gene51310","SLC22A17","FM_12"
"fm",3,1023,908,"gene10811","NOXA1","FM_19"
"fm",3,1023,909,"gene25885","POLR1A","FM_11"
"fm",3,1023,910,"gene1233","CCR4","FM_08"
"fm",3,1023,911,"gene57105","CYSLTR2","FM_16"
"fm",3,1023,912,"gene51747","LUC7L3","FM_14"
"fm",3,1023,913,"gene56937","PMEPA1","FM_15"
"fm",3,1023,914,"gene4509","MT-ATP8","FM_13"
"fm",3,1023,915,"gene4522","MTHFD1","FM_10"
"fm",3,1023,916,"gene7056","THBD","FM_03"
"fm",3,1023,917,"gene91749","SLC60A2","FM_04"
"fm",3,1023,918,"gene51320","MEX3C","FM_11"
"fm",3,1023,919,"gene2672","GFI1","FM_01"
"fm",3,1023,920,"gene8477","GPR65","FM_08"
"fm",3,1023,921,"gene216","ALDH1A1","FM_11"
"fm",3,1023,922,"gene10490","VTI1B","FM_02"
"fm",3,1023,923,"gene5351","PLOD1","FM_04"
"fm",3,1023,924,"gene9585","KIF20B","FM_02"
"fm",3,1023,925,"gene959","CD40LG","FM_18"
"fm",3,1023,926,"gene253782","CERS6","FM_11"
"fm",3,1023,927,"gene518","ATP5MC3","FM_02"
"fm",3,1023,928,"gene5411","PNN","FM_16"
"fm",3,1023,929,"gene2570","GABRR2","FM_01"
"fm",3,1023,930,"gene29116","MYLIP","FM_02"
"fm",3,1023,931,"gene10794","ZNF460","FM_15"
"fm",3,1023,932,"gene10970","CKAP4","FM_03"
"fm",3,1023,933,"gene79090","TRAPPC6A","FM_06"
"fm",3,1023,934,"gene6124","RPL4","FM_04"
"fm",3,1023,935,"gene932","MS4A3","FM_02"
"fm",3,1023,936,"gene55313","CPPED1","FM_02"
"fm",3,1023,937,"gene114882","OSBPL8","FM_03"
"fm",3,1023,938,"gene55701","ARHGEF40","FM_16"
"fm",3,1023,939,"gene610","HCN2","FM_02"
"fm",3,1023,940,"gene8863","PER3","FM_03"
"fm",3,1023,941,"gene3109","HLA-DMB","FM_05"
"fm",3,1023,942,"gene8313","AXIN2","FM_15"
"fm",3,1023,943,"gene83858","ATAD3B","FM_12"
"fm",3,1023,944,"gene11240","PADI2","FM_14"
"fm",3,1023,945,"gene1795","DOCK3","FM_08"
"fm",3,1023,946,"gene151306","GPBAR1","FM_07"
"fm",3,1023,947,"gene6132","RPL8","FM_10"
"fm",3,1023,948,"gene1514","CTSL","FM_09"
"fm",3,1023,949,"gene63891","RNF123","FM_06"
"fm",3,1023,950,"gene4172","MCM3","FM_11"
"fm",3,1023,951,"gene79143","MBOAT7","FM_03"
"fm",3,1023,952,"gene64772","ENGASE","FM_02"
"fm",3,1023,953,"gene25804","LSM4","FM_07"
"fm",3,1023,954,"gene29802","VPREB3","FM_10"
"fm",3,1023,955,"gene7433","VIPR1","FM_07"
"fm",3,1023,956,"gene1508","CTSB","FM_16"
"fm",3,1023,957,"gene1901","S1PR1","FM_06"
"fm",3,1023,958,"gene23530","NNT","FM_01"
"fm",3,1023,959,"gene79646","PANK3","FM_08"
"fm",3,1023,960,"gene89849","ATG16L2","FM_18"
"fm",3,1023,961,"gene7710","ZNF154","FM_13"
"fm",3,1023,962,"gene7027","TFDP1","FM_19"
"fm",3,1023,963,"gene2643","GCH1","FM_02"
"fm",3,1023,964,"gene200315","APOBEC3A","FM_03"
"fm",3,1023,965,"gene143884","CWF19L2","FM_08"
"fm",3,1023,966,"gene2948","GSTM4","FM_04"
"fm",3,1023,967,"gene9188","DDX21","FM_02"
"fm",3,1023,968,"gene4343","MOV10","FM_15"
"fm",3,1023,969,"gene219855","SLC37A2","FM_10"
"fm",3,1023,970,"gene1234","CCR5","FM_10"
"fm",3,1023,971,"gene51251","NT5C3A","FM_14"
"fm",3,1023,972,"gene3727","JUND","FM_12"
"fm",3,1023,973,"gene57449","PLEKHG5","FM_06"
"fm",3,1023,974,"gene7423","VEGFB","FM_04"
"fm",3,1023,975,"gene2026","ENO2","FM_01"
"fm",3,1023,976,"gene79414","LRFN3","FM_07"
"fm",3,1023,977,"gene120227","CYP2R1","FM_18"
"fm",3,1023,978,"gene975","CD81","FM_07"
"fm",3,1023,979,"gene9349","RPL23","FM_13"
"fm",3,1023,980,"gene84868","HAVCR2","FM_07"
"fm",3,1023,981,"gene23461","ABCA5","FM_08"
"fm",3,1023,982,"gene6122","RPL3","FM_11"
"fm",3,1023,983,"gene1435","CSF1","FM_09"
"fm",3,1023,984,"gene84418","CYSTM1","FM_10"
"fm",3,1023,985,"gene79930","DOK3","FM_08"
"fm",3,1023,986,"gene27336","HTATSF1","FM_06"
"fm",3,1023,987,"gene2833","CXCR3","FM_19"
"fm",3,1023,988,"gene338596","ST8SIA6","FM_17"
"fm",3,1023,989,"gene53822","FXYD7","FM_05"
"fm",3,1023,990,"gene51332","SPTBN5","FM_07"
"fm",3,1023,991,"gene56034","PDGFC","FM_03"
"fm",3,1023,992,"gene873","CBR1","FM_08"
"fm",3,1023,993,"gene9260","PDLIM7","FM_12"
"fm",3,1023,994,"gene26049","FAM169A","FM_13"
"fm",3,1023,995,"gene433","ASGR2","FM_05"
"fm",3,1023,996,"gene120892","LRRK2","FM_04"
"fm",3,1023,997,"gene3687","ITGAX","FM_05"
"fm",3,1023,998,"gene219","ALDH1B1","FM_03"
"fm",3,1023,999,"gene55252","ASXL2","FM_17"
"fm",3,1023,1000,"gene521","ATP5ME","FM_01"
"fm",4,1024,1,"gene246","ALOX15","FM_01"
"fm",4,1024,2,"gene212","ALAS2","FM_08"
"fm",4,1024,3,"gene1374","CPT1A","FM_10"
"fm",4,1024,4,"gene2289","FKBP5","FM_12"
"fm",4,1024,5,"gene3512","JCHAIN","FM_02"
"fm",4,1024,6,"gene54541","DDIT4","FM_10"
"fm",4,1024,7,"gene5187","PER1","FM_03"
"fm",4,1024,8,"gene3848","KRT1","FM_20"
"fm",4,1024,9,"gene6521","SLC4A1","FM_15"
"fm",4,1024,10,"gene6535","SLC6A8","FM_15"
"fm",4,1024,11,"gene27181","SIGLEC8","FM_06"
"fm",4,1024,12,"gene6622","SNCA","FM_01"
"fm",4,1024,13,"gene55437","STRADB","FM_19"
"fm",4,1024,14,"gene759","CA1","FM_01"
"fm",4,1024,15,"gene6710","SPTB","FM_15"
"fm",4,1024,16,"gene343171","OR2W3","FM_01"
"fm",4,1024,17,"gene4940","OAS3","FM_02"
"fm",4,1024,18,"gene5266","PI3","FM_05"
"fm",4,1024,19,"gene4635","MYL4","FM_05"
"fm",4,1024,20,"gene2766","GMPR","FM_03"
"fm",4,1024,21,"gene286","ANK1","FM_10"
"fm",4,1024,22,"gene55512","SMPD3","FM_02"
"fm",4,1024,23,"gene7111","TMOD1","FM_16"
"fm",4,1024,24,"gene1844","DUSP2","FM_01"
"fm",4,1024,25,"gene4057","LTF","FM_02"
"fm",4,1024,26,"gene10417","SPON2","FM_08"
"fm",4,1024,27,"gene249","ALPL","FM_17"
"fm",4,1024,28,"gene83888","FGFBP2","FM_17"
"fm",4,1024,29,"gene7704","ZBTB16","FM_05"
"fm",4,1024,30,"gene3568","IL5RA","FM_03"
"fm",4,1024,31,"gene7057","THBS1","FM_07"
"fm",4,1024,32,"gene2995","GYPC","FM_10"
"fm",4,1024,33,"gene4599","MX1","FM_18"
"fm",4,1024,34,"gene4811","NID1","FM_04"
"fm",4,1024,35,"gene4318","MMP9","FM_05"
"fm",4,1024,36,"gene5166","PDK4","FM_01"
"fm",4,1024,37,"gene2039","DMTN","FM_02"
"fm",4,1024,38,"gene51218","GLRX5","FM_02"
"fm",4,1024,39,"gene8660","IRS2","FM_06"
"fm",4,1024,40,"gene598","BCL2L1","FM_16"
"fm",4,1024,41,"gene2987","GUK1","FM_12"
"fm",4,1024,42,"gene11126","CD160","FM_05"
"fm",4,1024,43,"gene645","BLVRB","FM_13"
"fm",4,1024,44,"gene4541","MT-ND6","FM_08"
"fm",4,1024,45,"gene3437","IFIT3","FM_01"
"fm",4,1024,46,"gene3127","HLA-DRB5","FM_02"
"fm",4,1024,47,"gene2537","IFI6","FM_04"
"fm",4,1024,48,"gene51348","KLRF1","FM_18"
"fm",4,1024,49,"gene3119","HLA-DQB1","FM_06"
"fm",4,1024,50,"gene140","ADORA3","FM_06"
"fm",4,1024,51,"gene4784","NFIX","FM_17"
"fm",4,1024,52,"gene2999","GZMH","FM_13"
"fm",4,1024,53,"gene11251","PTGDR2","FM_08"
"fm",4,1024,54,"gene53637","S1PR5","FM_09"
"fm",4,1024,55,"gene4939","OAS2","FM_01"
"fm",4,1024,56,"gene1843","DUSP1","FM_07"
"fm",4,1024,57,"gene1052","CEBPD","FM_14"
"fm",4,1024,58,"gene573","BAG1","FM_16"
"fm",4,1024,59,"gene81567","TXNDC5","FM_10"
"fm",4,1024,60,"gene669","BPGM","FM_08"
"fm",4,1024,61,"gene788","SLC25A20","FM_05"
"fm",4,1024,62,"gene115362","GBP5","FM_07"
"fm",4,1024,63,"gene5909","RAP1GAP","FM_18"
"fm",4,1024,64,"gene3824","KLRD1","FM_09"
"fm",4,1024,65,"gene91543","RSAD2","FM_08"
"fm",4,1024,66,"gene3434","IFIT1","FM_08"
"fm",4,1024,67,"gene4061","LY6E","FM_13"
"fm",4,1024,68,"gene7097","TLR2","FM_01"
"fm",4,1024,69,"gene83715","ESPN","FM_14"
"fm",4,1024,70,"gene9636","ISG15","FM_08"
"fm",4,1024,71,"gene2235","FECH","FM_07"
"fm",4,1024,72,"gene10316","NMUR1","FM_11"
"fm",4,1024,73,"gene2633","GBP1","FM_13"
"fm",4,1024,74,"gene1668","DEFA3","FM_09"
"fm",4,1024,75,"gene3433","IFIT2","FM_06"
"fm",4,1024,76,"gene10644","IGF2BP2","FM_14"
"fm",4,1024,77,"gene687","KLF9","FM_03"
"fm",4,1024,78,"gene3949","LDLR","FM_10"
"fm",4,1024,79,"gene3029","HAGH","FM_03"
"fm",4,1024,80,"gene11098","PRSS23","FM_11"
"fm",4,1024,81,"gene10098","TSPAN5","FM_19"
"fm",4,1024,82,"gene54739","XAF1","FM_03"
"fm",4,1024,83,"gene3958","LGALS3","FM_13"
"fm",4,1024,84,"gene2322","FLT3","FM_11"
"fm",4,1024,85,"gene60675","PROK2","FM_03"
"fm",4,1024,86,"gene7280","TUBB2A","FM_17"
"fm",4,1024,87,"gene117157","SH2D1B","FM_14"
"fm",4,1024,88,"gene6772","STAT1","FM_12"
"fm",4,1024,89,"gene27087","B3GAT1","FM_14"
"fm",4,1024,90,"gene4684","NCAM1","FM_16"
"fm",4,1024,91,"gene5551","PRF1","FM_02"
"fm",4,1024,92,"gene23770","FKBP8","FM_12"
"fm",4,1024,93,"gene6563","SLC14A1","FM_01"
"fm",4,1024,94,"gene6170","RPL39","FM_16"
"fm",4,1024,95,"gene122618","PLD4","FM_13"
"fm",4,1024,96,"gene27090","ST6GALNAC4","FM_09"
"fm",4,1024,97,"gene84525","HOPX","FM_01"
"fm",4,1024,98,"gene1718","DHCR24","FM_10"
"fm",4,1024,99,"gene6351","CCL4","FM_04"
"fm",4,1024,100,"gene6189","RPS3A","FM_05"
"fm",4,1024,101,"gene4938","OAS1","FM_07"
"fm",4,1024,102,"gene25793","FBXO7","FM_06"
"fm",4,1024,103,"gene9902","MRC2","FM_19"
"fm",4,1024,104,"gene6614","SIGLEC1","FM_10"
"fm",4,1024,105,"gene665","BNIP3L","FM_10"
"fm",4,1024,106,"gene8651","SOCS1","FM_19"
"fm",4,1024,107,"gene9415","FADS2","FM_06"
"fm",4,1024,108,"gene115361","GBP4","FM_12"
"fm",4,1024,109,"gene10964","IFI44L","FM_01"
"fm",4,1024,110,"gene9734","HDAC9","FM_17"
"fm",4,1024,111,"gene10410","IFITM3","FM_06"
"fm",4,1024,112,"gene2935","GSPT1","FM_03"
"fm",4,1024,113,"gene10808","HSPH1","FM_15"
"fm",4,1024,114,"gene162466","PHOSPHO1","FM_14"
"fm",4,1024,115,"gene51094","ADIPOR1","FM_04"
"fm",4,1024,116,"gene10561","IFI44","FM_16"
"fm",4,1024,117,"gene25941","TPGS2","FM_01"
"fm",4,1024,118,"gene1299","COL9A3","FM_11"
"fm",4,1024,119,"gene9332","CD163","FM_11"
"fm",4,1024,120,"gene7049","TGFBR3","FM_02"
"fm",4,1024,121,"gene4603","MYBL1","FM_05"
"fm",4,1024,122,"gene30009","TBX21","FM_01"
"fm",4,1024,123,"gene51759","C9orf78","FM_04"
"fm",4,1024,124,"gene7088","TLE1","FM_11"
"fm",4,1024,125,"gene8843","HCAR3","FM_13"
"fm",4,1024,126,"gene84164","ASCC2","FM_01"
"fm",4,1024,127,"gene255488","RNF144B","FM_02"
"fm",4,1024,128,"gene1462","VCAN","FM_02"
"fm",4,1024,129,"gene9047","SH2D2A","FM_06"
"fm",4,1024,130,"gene10133","OPTN","FM_12"
"fm",4,1024,131,"gene997","CDC34","FM_06"
"fm",4,1024,132,"gene7314","UBB","FM_09"
"fm",4,1024,133,"gene5159","PDGFRB","FM_11"
"fm",4,1024,134,"gene51191","HERC5","FM_09"
"fm",4,1024,135,"gene26053","AUTS2","FM_06"
"fm",4,1024,136,"gene11213","IRAK3","FM_14"
"fm",4,1024,137,"gene4753","NELL2","FM_09"
"fm",4,1024,138,"gene241","ALOX5AP","FM_14"
"fm",4,1024,139,"gene8818","DPM2","FM_13"
"fm",4,1024,140,"gene5730","PTGDS","FM_10"
"fm",4,1024,141,"gene4897","NRCAM","FM_05"
"fm",4,1024,142,"gene266727","MDGA1","FM_08"
"fm",4,1024,143,"gene8644","AKR1C3","FM_07"
"fm",4,1024,144,"gene139189","DGKK","FM_16"
"fm",4,1024,145,"gene10398","MYL9","FM_02"
"fm",4,1024,146,"gene94240","EPSTI1","FM_01"
"fm",4,1024,147,"gene8131","NPRL3","FM_11"
"fm",4,1024,148,"gene2354","FOSB","FM_04"
"fm",4,1024,149,"gene54625","PARP14","FM_16"
"fm",4,1024,150,"gene26253","CLEC4E","FM_14"
"fm",4,1024,151,"gene166929","SGMS2","FM_06"
"fm",4,1024,152,"gene9619","ABCG1","FM_05"
"fm",4,1024,153,"gene10409","BASP1","FM_01"
"fm",4,1024,154,"gene2623","GATA1","FM_07"
"fm",4,1024,155,"gene948","CD36","FM_02"
"fm",4,1024,156,"gene3597","IL13RA1","FM_15"
"fm",4,1024,157,"gene5802","PTPRS","FM_04"
"fm",4,1024,158,"gene23569","PADI4","FM_11"
"fm",4,1024,159,"gene1831","TSC22D3","FM_07"
"fm",4,1024,160,"gene10578","GNLY","FM_03"
"fm",4,1024,161,"gene1088","CEACAM8","FM_03"
"fm",4,1024,162,"gene7453","WARS1","FM_19"
"fm",4,1024,163,"gene3992","FADS1","FM_07"
"fm",4,1024,164,"gene6279","S100A8","FM_04"
"fm",4,1024,165,"gene6768","ST14","FM_07"
"fm",4,1024,166,"gene147700","KLC3","FM_10"
"fm",4,1024,167,"gene2867","FFAR2","FM_08"
"fm",4,1024,168,"gene9021","SOCS3","FM_12"
"fm",4,1024,169,"gene6210","RPS15A","FM_14"
"fm",4,1024,170,"gene3674","ITGA2B","FM_10"
"fm",4,1024,171,"gene83547","RILP","FM_01"
"fm",4,1024,172,"gene729230","CCR2","FM_13"
"fm",4,1024,173,"gene5473","PPBP","FM_02"
"fm",4,1024,174,"gene3988","LIPA","FM_08"
"fm",4,1024,175,"gene7504","XK","FM_18"
"fm",4,1024,176,"gene3985","LIMK2","FM_15"
"fm",4,1024,177,"gene19","ABCA1","FM_19"
"fm",4,1024,178,"gene10498","CARM1","FM_05"
"fm",4,1024,179,"gene51465","UBE2J1","FM_16"
"fm",4,1024,180,"gene2064","ERBB2","FM_05"
"fm",4,1024,181,"gene3690","ITGB3","FM_06"
"fm",4,1024,182,"gene1066","CES1","FM_01"
"fm",4,1024,183,"gene342510","CD300E","FM_10"
"fm",4,1024,184,"gene2876","GPX1","FM_20"
"fm",4,1024,185,"gene5029","P2RY2","FM_10"
"fm",4,1024,186,"gene1236","CCR7","FM_15"
"fm",4,1024,187,"gene59269","HIVEP3","FM_01"
"fm",4,1024,188,"gene222487","ADGRG3","FM_07"
"fm",4,1024,189,"gene5037","PEBP1","FM_01"
"fm",4,1024,190,"gene4051","CYP4F3","FM_01"
"fm",4,1024,191,"gene23166","STAB1","FM_04"
"fm",4,1024,192,"gene3956","LGALS1","FM_01"
"fm",4,1024,193,"gene27244","SESN1","FM_06"
"fm",4,1024,194,"gene4066","LYL1","FM_05"
"fm",4,1024,195,"gene6283","S100A12","FM_03"
"fm",4,1024,196,"gene604","BCL6","FM_17"
"fm",4,1024,197,"gene3553","IL1B","FM_04"
"fm",4,1024,198,"gene9148","NEURL1","FM_02"
"fm",4,1024,199,"gene1240","CMKLR1","FM_01"
"fm",4,1024,200,"gene2180","ACSL1","FM_14"
"fm",4,1024,201,"gene8972","MGAM","FM_08"
"fm",4,1024,202,"gene1808","DPYSL2","FM_11"
"fm",4,1024,203,"gene2353","FOS","FM_10"
"fm",4,1024,204,"gene1521","CTSW","FM_15"
"fm",4,1024,205,"gene5920","PLAAT4","FM_07"
"fm",4,1024,206,"gene6319","SCD","FM_01"
"fm",4,1024,207,"gene973","CD79A","FM_18"
"fm",4,1024,208,"gene9256","TSPOAP1","FM_04"
"fm",4,1024,209,"gene4609","MYC","FM_06"
"fm",4,1024,210,"gene4145","MATK","FM_02"
"fm",4,1024,211,"gene10346","TRIM22","FM_06"
"fm",4,1024,212,"gene3117","HLA-DQA1","FM_13"
"fm",4,1024,213,"gene3934","LCN2","FM_06"
"fm",4,1024,214,"gene23608","MKRN1","FM_01"
"fm",4,1024,215,"gene9435","CHST2","FM_01"
"fm",4,1024,216,"gene1545","CYP1B1","FM_11"
"fm",4,1024,217,"gene92745","SLC38A5","FM_04"
"fm",4,1024,218,"gene2205","FCER1A","FM_05"
"fm",4,1024,219,"gene6133","RPL9","FM_07"
"fm",4,1024,220,"gene4035","LRP1","FM_11"
"fm",4,1024,221,"gene56994","CHPT1","FM_01"
"fm",4,1024,222,"gene338442","HCAR2","FM_05"
"fm",4,1024,223,"gene1053","CEBPE","FM_06"
"fm",4,1024,224,"gene5204","PFDN5","FM_12"
"fm",4,1024,225,"gene93010","B3GNT7","FM_13"
"fm",4,1024,226,"gene3759","KCNJ2","FM_14"
"fm",4,1024,227,"gene9510","ADAMTS1","FM_12"
"fm",4,1024,228,"gene3113","HLA-DPA1","FM_10"
"fm",4,1024,229,"gene10905","MAN1A2","FM_03"
"fm",4,1024,230,"gene3315","HSPB1","FM_02"
"fm",4,1024,231,"gene6193","RPS5","FM_04"
"fm",4,1024,232,"gene7001","PRDX2","FM_06"
"fm",4,1024,233,"gene10602","CDC42EP3","FM_09"
"fm",4,1024,234,"gene6285","S100B","FM_03"
"fm",4,1024,235,"gene196","AHR","FM_10"
"fm",4,1024,236,"gene1524","CX3CR1","FM_09"
"fm",4,1024,237,"gene9588","PRDX6","FM_12"
"fm",4,1024,238,"gene4311","MME","FM_01"
"fm",4,1024,239,"gene55831","EMC3","FM_16"
"fm",4,1024,240,"gene9935","MAFB","FM_06"
"fm",4,1024,241,"gene2015","ADGRE1","FM_12"
"fm",4,1024,242,"gene10435","CDC42EP2","FM_06"
"fm",4,1024,243,"gene2030","SLC29A1","FM_14"
"fm",4,1024,244,"gene4012","LNPEP","FM_08"
"fm",4,1024,245,"gene3162","HMOX1","FM_01"
"fm",4,1024,246,"gene51312","SLC25A37","FM_12"
"fm",4,1024,247,"gene2091","FBL","FM_07"
"fm",4,1024,248,"gene5196","PF4","FM_08"
"fm",4,1024,249,"gene3820","KLRB1","FM_08"
"fm",4,1024,250,"gene23129","PLXND1","FM_08"
"fm",4,1024,251,"gene59283","CACNG8","FM_03"
"fm",4,1024,252,"gene84034","EMILIN2","FM_04"
"fm",4,1024,253,"gene6231","RPS26","FM_15"
"fm",4,1024,254,"gene6235","RPS29","FM_07"
"fm",4,1024,255,"gene90480","GADD45GIP1","FM_12"
"fm",4,1024,256,"gene64407","RGS18","FM_10"
"fm",4,1024,257,"gene5144","PDE4D","FM_08"
"fm",4,1024,258,"gene84333","PCGF5","FM_02"
"fm",4,1024,259,"gene203","AK1","FM_01"
"fm",4,1024,260,"gene3560","IL2RB","FM_05"
"fm",4,1024,261,"gene5866","RAB3IL1","FM_09"
"fm",4,1024,262,"gene925","CD8A","FM_04"
"fm",4,1024,263,"gene939","CD27","FM_06"
"fm",4,1024,264,"gene1028","CDKN1C","FM_04"
"fm",4,1024,265,"gene11224","RPL35","FM_03"
"fm",4,1024,266,"gene7850","IL1R2","FM_08"
"fm",4,1024,267,"gene54438","GFOD1","FM_18"
"fm",4,1024,268,"gene7045","TGFBI","FM_11"
"fm",4,1024,269,"gene83716","CRISPLD2","FM_05"
"fm",4,1024,270,"gene5729","PTGDR","FM_01"
"fm",4,1024,271,"gene2791","GNG11","FM_05"
"fm",4,1024,272,"gene2812","GP1BB","FM_04"
"fm",4,1024,273,"gene3067","HDC","FM_14"
"fm",4,1024,274,"gene1595","CYP51A1","FM_03"
"fm",4,1024,275,"gene54543","TOMM7","FM_13"
"fm",4,1024,276,"gene116844","LRG1","FM_12"
"fm",4,1024,277,"gene7264","GFUS","FM_03"
"fm",4,1024,278,"gene83666","PARP9","FM_01"
"fm",4,1024,279,"gene6222","RPS18","FM_08"
"fm",4,1024,280,"gene9491","PSMF1","FM_11"
"fm",4,1024,281,"gene596","BCL2","FM_04"
"fm",4,1024,282,"gene6234","RPS28","FM_08"
"fm",4,1024,283,"gene2288","FKBP4","FM_02"
"fm",4,1024,284,"gene6590","SLPI","FM_10"
"fm",4,1024,285,"gene896","CCND3","FM_08"
"fm",4,1024,286,"gene3792","KEL","FM_15"
"fm",4,1024,287,"gene259197","NCR3","FM_09"
"fm",4,1024,288,"gene401258","RAB44","FM_17"
"fm",4,1024,289,"gene6208","RPS14","FM_10"
"fm",4,1024,290,"gene8685","MARCO","FM_12"
"fm",4,1024,291,"gene131870","NUDT16","FM_07"
"fm",4,1024,292,"gene8807","IL18RAP","FM_09"
"fm",4,1024,293,"gene27343","POLL","FM_11"
"fm",4,1024,294,"gene8671","SLC4A4","FM_09"
"fm",4,1024,295,"gene100133941","CD24","FM_17"
"fm",4,1024,296,"gene9997","SCO2","FM_11"
"fm",4,1024,297,"gene6510","SLC1A5","FM_07"
"fm",4,1024,298,"gene6708","SPTA1","FM_16"
"fm",4,1024,299,"gene8911","CACNA1I","FM_14"
"fm",4,1024,300,"gene57823","SLAMF7","FM_16"
"fm",4,1024,301,"gene9976","CLEC2B","FM_15"
"fm",4,1024,302,"gene6678","SPARC","FM_05"
"fm",4,1024,303,"gene6223","RPS19","FM_09"
"fm",4,1024,304,"gene1191","CLU","FM_15"
"fm",4,1024,305,"gene23365","ARHGEF12","FM_02"
"fm",4,1024,306,"gene6726","SRP9","FM_15"
"fm",4,1024,307,"gene3122","HLA-DRA","FM_05"
"fm",4,1024,308,"gene926","CD8B","FM_01"
"fm",4,1024,309,"gene6633","SNRPD2","FM_20"
"fm",4,1024,310,"gene81027","TUBB1","FM_12"
"fm",4,1024,311,"gene6773","STAT2","FM_14"
"fm",4,1024,312,"gene6281","S100A10","FM_03"
"fm",4,1024,313,"gene5997","RGS2","FM_05"
"fm",4,1024,314,"gene7226","TRPM2","FM_09"
"fm",4,1024,315,"gene129685","TAF8","FM_09"
"fm",4,1024,316,"gene8460","TPST1","FM_14"
"fm",4,1024,317,"gene4082","MARCKS","FM_16"
"fm",4,1024,318,"gene80097","MZT2B","FM_16"
"fm",4,1024,319,"gene22934","RPIA","FM_19"
"fm",4,1024,320,"gene4354","MPP1","FM_18"
"fm",4,1024,321,"gene388","RHOB","FM_14"
"fm",4,1024,322,"gene9246","UBE2L6","FM_03"
"fm",4,1024,323,"gene7852","CXCR4","FM_03"
"fm",4,1024,324,"gene80310","PDGFD","FM_07"
"fm",4,1024,325,"gene10622","POLR3G","FM_14"
"fm",4,1024,326,"gene10135","NAMPT","FM_13"
"fm",4,1024,327,"gene4778","NFE2","FM_08"
"fm",4,1024,328,"gene160364","CLEC12A","FM_08"
"fm",4,1024,329,"gene1912","PHC2","FM_11"
"fm",4,1024,330,"gene10663","CXCR6","FM_17"
"fm",4,1024,331,"gene9437","NCR1","FM_03"
"fm",4,1024,332,"gene84649","DGAT2","FM_08"
"fm",4,1024,333,"gene2624","GATA2","FM_14"
"fm",4,1024,334,"gene3326","HSP90AB1","FM_13"
"fm",4,1024,335,"gene5079","PAX5","FM_01"
"fm",4,1024,336,"gene5208","PFKFB2","FM_08"
"fm",4,1024,337,"gene353189","SLCO4C1","FM_05"
"fm",4,1024,338,"gene3945","LDHB","FM_04"
"fm",4,1024,339,"gene84174","SLA2","FM_07"
"fm",4,1024,340,"gene3821","KLRC1","FM_01"
"fm",4,1024,341,"gene356","FASLG","FM_09"
"fm",4,1024,342,"gene59352","LGR6","FM_03"
"fm",4,1024,343,"gene6201","RPS7","FM_01"
"fm",4,1024,344,"gene6164","RPL34","FM_07"
"fm",4,1024,345,"gene3921","RPSA","FM_12"
"fm",4,1024,346,"gene3576","CXCL8","FM_12"
"fm",4,1024,347,"gene6227","RPS21","FM_19"
"fm",4,1024,348,"gene7915","ALDH5A1","FM_02"
"fm",4,1024,349,"gene684","BST2","FM_11"
"fm",4,1024,350,"gene80781","COL18A1","FM_09"
"fm",4,1024,351,"gene6934","TCF7L2","FM_03"
"fm",4,1024,352,"gene338440","ANO9","FM_18"
"fm",4,1024,353,"gene80216","ALPK1","FM_08"
"fm",4,1024,354,"gene6515","SLC2A3","FM_08"
"fm",4,1024,355,"gene1933","EEF1B2","FM_09"
"fm",4,1024,356,"gene400916","CHCHD10","FM_10"
"fm",4,1024,357,"gene79689","STEAP4","FM_14"
"fm",4,1024,358,"gene726","CAPN5","FM_14"
"fm",4,1024,359,"gene729359","PLIN4","FM_04"
"fm",4,1024,360,"gene57610","RANBP10","FM_03"
"fm",4,1024,361,"gene4064","CD180","FM_16"
"fm",4,1024,362,"gene25873","RPL36","FM_05"
"fm",4,1024,363,"gene1847","DUSP5","FM_15"
"fm",4,1024,364,"gene8291","DYSF","FM_03"
"fm",4,1024,365,"gene51523","CXXC5","FM_07"
"fm",4,1024,366,"gene3070","HELLS","FM_06"
"fm",4,1024,367,"gene6036","RNASE2","FM_09"
"fm",4,1024,368,"gene11123","RCAN3","FM_01"
"fm",4,1024,369,"gene10581","IFITM2","FM_02"
"fm",4,1024,370,"gene50509","COL5A3","FM_14"
"fm",4,1024,371,"gene9975","NR1D2","FM_14"
"fm",4,1024,372,"gene5464","PPA1","FM_13"
"fm",4,1024,373,"gene140803","TRPM6","FM_04"
"fm",4,1024,374,"gene6846","XCL2","FM_19"
"fm",4,1024,375,"gene4537","MT-ND3","FM_02"
"fm",4,1024,376,"gene3490","IGFBP7","FM_02"
"fm",4,1024,377,"gene84766","CRACR2A","FM_05"
"fm",4,1024,378,"gene944","TNFSF8","FM_02"
"fm",4,1024,379,"gene366","AQP9","FM_20"
"fm",4,1024,380,"gene9934","P2RY14","FM_05"
"fm",4,1024,381,"gene7846","TUBA1A","FM_02"
"fm",4,1024,382,"gene6478","SIAH2","FM_02"
"fm",4,1024,383,"gene6171","RPL41","FM_05"
"fm",4,1024,384,"gene6152","RPL24","FM_09"
"fm",4,1024,385,"gene360","AQP3","FM_08"
"fm",4,1024,386,"gene2214","FCGR3A","FM_09"
"fm",4,1024,387,"gene3004","GZMM","FM_07"
"fm",4,1024,388,"gene5494","PPM1A","FM_17"
"fm",4,1024,389,"gene1232","CCR3","FM_03"
"fm",4,1024,390,"gene4953","ODC1","FM_03"
"fm",4,1024,391,"gene3274","HRH2","FM_02"
"fm",4,1024,392,"gene5577","PRKAR2B","FM_01"
"fm",4,1024,393,"gene9254","CACNA2D2","FM_03"
"fm",4,1024,394,"gene915","CD3D","FM_02"
"fm",4,1024,395,"gene3123","HLA-DRB1","FM_17"
"fm",4,1024,396,"gene154","ADRB2","FM_05"
"fm",4,1024,397,"gene929","CD14","FM_01"
"fm",4,1024,398,"gene3577","CXCR1","FM_05"
"fm",4,1024,399,"gene1880","GPR183","FM_15"
"fm",4,1024,400,"gene6204","RPS10","FM_02"
"fm",4,1024,401,"gene6224","RPS20","FM_03"
"fm",4,1024,402,"gene126231","ZNF573","FM_20"
"fm",4,1024,403,"gene57514","ARHGAP31","FM_07"
"fm",4,1024,404,"gene31","ACACA","FM_09"
"fm",4,1024,405,"gene1870","E2F2","FM_07"
"fm",4,1024,406,"gene10449","ACAA2","FM_03"
"fm",4,1024,407,"gene114907","FBXO32","FM_05"
"fm",4,1024,408,"gene6139","RPL17","FM_03"
"fm",4,1024,409,"gene79887","PLBD1","FM_02"
"fm",4,1024,410,"gene2793","GNGT2","FM_20"
"fm",4,1024,411,"gene2059","EPS8","FM_01"
"fm",4,1024,412,"gene8334","H2AC6","FM_02"
"fm",4,1024,413,"gene3613","IMPA2","FM_08"
"fm",4,1024,414,"gene170622","COMMD6","FM_07"
"fm",4,1024,415,"gene2550","GABBR1","FM_10"
"fm",4,1024,416,"gene3572","IL6ST","FM_14"
"fm",4,1024,417,"gene2950","GSTP1","FM_06"
"fm",4,1024,418,"gene2081","ERN1","FM_13"
"fm",4,1024,419,"gene4792","NFKBIA","FM_11"
"fm",4,1024,420,"gene9398","CD101","FM_09"
"fm",4,1024,421,"gene3028","HSD17B10","FM_04"
"fm",4,1024,422,"gene6241","RRM2","FM_08"
"fm",4,1024,423,"gene23401","FRAT2","FM_04"
"fm",4,1024,424,"gene8794","TNFRSF10C","FM_02"
"fm",4,1024,425,"gene22800","RRAS2","FM_18"
"fm",4,1024,426,"gene3398","ID2","FM_04"
"fm",4,1024,427,"gene4068","SH2D1A","FM_18"
"fm",4,1024,428,"gene6286","S100P","FM_01"
"fm",4,1024,429,"gene157285","PRAG1","FM_01"
"fm",4,1024,430,"gene3340","NDST1","FM_06"
"fm",4,1024,431,"gene85441","HELZ2","FM_04"
"fm",4,1024,432,"gene6144","RPL21","FM_10"
"fm",4,1024,433,"gene8638","OASL","FM_14"
"fm",4,1024,434,"gene54407","SLC38A2","FM_05"
"fm",4,1024,435,"gene81794","ADAMTS10","FM_14"
"fm",4,1024,436,"gene6272","SORT1","FM_19"
"fm",4,1024,437,"gene445582","POTEE","FM_03"
"fm",4,1024,438,"gene1345","COX6C","FM_02"
"fm",4,1024,439,"gene6146","RPL22","FM_13"
"fm",4,1024,440,"gene514","ATP5F1E","FM_19"
"fm",4,1024,441,"gene6155","RPL27","FM_05"
"fm",4,1024,442,"gene6160","RPL31","FM_12"
"fm",4,1024,443,"gene162966","ZNF600","FM_04"
"fm",4,1024,444,"gene3728","JUP","FM_07"
"fm",4,1024,445,"gene26289","AK5","FM_04"
"fm",4,1024,446,"gene2768","GNA12","FM_20"
"fm",4,1024,447,"gene26268","FBXO9","FM_11"
"fm",4,1024,448,"gene6647","SOD1","FM_03"
"fm",4,1024,449,"gene7320","UBE2B","FM_07"
"fm",4,1024,450,"gene3430","IFI35","FM_01"
"fm",4,1024,451,"gene389","RHOC","FM_07"
"fm",4,1024,452,"gene4261","CIITA","FM_15"
"fm",4,1024,453,"gene65018","PINK1","FM_12"
"fm",4,1024,454,"gene146850","PIK3R6","FM_07"
"fm",4,1024,455,"gene301","ANXA1","FM_11"
"fm",4,1024,456,"gene63893","UBE2O","FM_01"
"fm",4,1024,457,"gene6886","TAL1","FM_11"
"fm",4,1024,458,"gene54498","SMOX","FM_07"
"fm",4,1024,459,"gene57630","SH3RF1","FM_05"
"fm",4,1024,460,"gene1471","CST3","FM_01"
"fm",4,1024,461,"gene56005","MYDGF","FM_03"
"fm",4,1024,462,"gene8536","CAMK1","FM_17"
"fm",4,1024,463,"gene10219","KLRG1","FM_14"
"fm",4,1024,464,"gene5052","PRDX1","FM_20"
"fm",4,1024,465,"gene838","CASP5","FM_03"
"fm",4,1024,466,"gene682","BSG","FM_06"
"fm",4,1024,467,"gene3164","NR4A1","FM_08"
"fm",4,1024,468,"gene1475","CSTA","FM_01"
"fm",4,1024,469,"gene5610","EIF2AK2","FM_07"
"fm",4,1024,470,"gene6352","CCL5","FM_11"
"fm",4,1024,471,"gene2634","GBP2","FM_16"
"fm",4,1024,472,"gene5721","PSME2","FM_04"
"fm",4,1024,473,"gene127933","UHMK1","FM_11"
"fm",4,1024,474,"gene6168","RPL37A","FM_19"
"fm",4,1024,475,"gene3115","HLA-DPB1","FM_12"
"fm",4,1024,476,"gene8718","TNFRSF25","FM_12"
"fm",4,1024,477,"gene80727","TTYH3","FM_06"
"fm",4,1024,478,"gene221472","FGD2","FM_05"
"fm",4,1024,479,"gene1350","COX7C","FM_15"
"fm",4,1024,480,"gene6641","SNTB1","FM_18"
"fm",4,1024,481,"gene4900","NRGN","FM_08"
"fm",4,1024,482,"gene5141","PDE4A","FM_01"
"fm",4,1024,483,"gene5027","P2RX7","FM_07"
"fm",4,1024,484,"gene219333","USP12","FM_03"
"fm",4,1024,485,"gene302","ANXA2","FM_14"
"fm",4,1024,486,"gene4353","MPO","FM_03"
"fm",4,1024,487,"gene8724","SNX3","FM_12"
"fm",4,1024,488,"gene25801","GCA","FM_05"
"fm",4,1024,489,"gene968","CD68","FM_04"
"fm",4,1024,490,"gene122416","ANKRD9","FM_14"
"fm",4,1024,491,"gene2153","F5","FM_01"
"fm",4,1024,492,"gene9531","BAG3","FM_03"
"fm",4,1024,493,"gene23191","CYFIP1","FM_06"
"fm",4,1024,494,"gene8787","RGS9","FM_09"
"fm",4,1024,495,"gene6280","S100A9","FM_12"
"fm",4,1024,496,"gene54790","TET2","FM_08"
"fm",4,1024,497,"gene1116","CHI3L1","FM_17"
"fm",4,1024,498,"gene6194","RPS6","FM_06"
"fm",4,1024,499,"gene6154","RPL26","FM_19"
"fm",4,1024,500,"gene22914","KLRK1","FM_12"
"fm",4,1024,501,"gene1593","CYP27A1","FM_01"
"fm",4,1024,502,"gene91319","DERL3","FM_17"
"fm",4,1024,503,"gene3646","EIF3E","FM_02"
"fm",4,1024,504,"gene6206","RPS12","FM_05"
"fm",4,1024,505,"gene321","APBA2","FM_08"
"fm",4,1024,506,"gene7273","TTN","FM_04"
"fm",4,1024,507,"gene8875","VNN2","FM_01"
"fm",4,1024,508,"gene28996","HIPK2","FM_17"
"fm",4,1024,509,"gene1512","CTSH","FM_15"
"fm",4,1024,510,"gene25824","PRDX5","FM_16"
"fm",4,1024,511,"gene10963","STIP1","FM_04"
"fm",4,1024,512,"gene217","ALDH2","FM_09"
"fm",4,1024,513,"gene114879","OSBPL5","FM_19"
"fm",4,1024,514,"gene25956","SEC31B","FM_02"
"fm",4,1024,515,"gene3566","IL4R","FM_09"
"fm",4,1024,516,"gene4833","NME4","FM_01"
"fm",4,1024,517,"gene133522","PPARGC1B","FM_06"
"fm",4,1024,518,"gene5140","PDE3B","FM_15"
"fm",4,1024,519,"gene55432","YOD1","FM_01"
"fm",4,1024,520,"gene1675","CFD","FM_08"
"fm",4,1024,521,"gene23475","QPRT","FM_02"
"fm",4,1024,522,"gene330","BIRC3","FM_03"
"fm",4,1024,523,"gene3925","STMN1","FM_04"
"fm",4,1024,524,"gene3693","ITGB5","FM_08"
"fm",4,1024,525,"gene6175","RPLP0","FM_02"
"fm",4,1024,526,"gene6161","RPL32","FM_17"
"fm",4,1024,527,"gene7311","UBA52","FM_05"
"fm",4,1024,528,"gene4831","NME2","FM_01"
"fm",4,1024,529,"gene6141","RPL18","FM_03"
"fm",4,1024,530,"gene6713","SQLE","FM_14"
"fm",4,1024,531,"gene8905","AP1S2","FM_11"
"fm",4,1024,532,"gene4303","FOXO4","FM_18"
"fm",4,1024,533,"gene8669","EIF3J","FM_03"
"fm",4,1024,534,"gene146330","FBXL16","FM_04"
"fm",4,1024,535,"gene6165","RPL35A","FM_09"
"fm",4,1024,536,"gene4502","MT2A","FM_07"
"fm",4,1024,537,"gene22885","ABLIM3","FM_04"
"fm",4,1024,538,"gene513","ATP5F1D","FM_09"
"fm",4,1024,539,"gene51734","MSRB1","FM_12"
"fm",4,1024,540,"gene10871","CD300C","FM_09"
"fm",4,1024,541,"gene6228","RPS23","FM_02"
"fm",4,1024,542,"gene143686","SESN3","FM_13"
"fm",4,1024,543,"gene51024","FIS1","FM_16"
"fm",4,1024,544,"gene6191","RPS4X","FM_07"
"fm",4,1024,545,"gene2781","GNAZ","FM_08"
"fm",4,1024,546,"gene6001","RGS10","FM_18"
"fm",4,1024,547,"gene84874","ZNF514","FM_05"
"fm",4,1024,548,"gene84131","CEP78","FM_13"
"fm",4,1024,549,"gene4605","MYBL2","FM_13"
"fm",4,1024,550,"gene3822","KLRC2","FM_10"
"fm",4,1024,551,"gene8140","SLC7A5","FM_11"
"fm",4,1024,552,"gene2048","EPHB2","FM_11"
"fm",4,1024,553,"gene3394","IRF8","FM_06"
"fm",4,1024,554,"gene80139","ZNF703","FM_09"
"fm",4,1024,555,"gene5727","PTCH1","FM_01"
"fm",4,1024,556,"gene6721","SREBF2","FM_15"
"fm",4,1024,557,"gene6648","SOD2","FM_14"
"fm",4,1024,558,"gene5836","PYGL","FM_01"
"fm",4,1024,559,"gene2947","GSTM3","FM_10"
"fm",4,1024,560,"gene4345","CD200","FM_18"
"fm",4,1024,561,"gene151742","PPM1L","FM_04"
"fm",4,1024,562,"gene340205","TREML1","FM_16"
"fm",4,1024,563,"gene708","C1QBP","FM_13"
"fm",4,1024,564,"gene7169","TPM2","FM_04"
"fm",4,1024,565,"gene6202","RPS8","FM_17"
"fm",4,1024,566,"gene3480","IGF1R","FM_10"
"fm",4,1024,567,"gene66002","CYP4F12","FM_07"
"fm",4,1024,568,"gene388931","MFSD2B","FM_13"
"fm",4,1024,569,"gene133","ADM","FM_07"
"fm",4,1024,570,"gene6147","RPL23A","FM_02"
"fm",4,1024,571,"gene3579","CXCR2","FM_13"
"fm",4,1024,572,"gene6142","RPL18A","FM_05"
"fm",4,1024,573,"gene4282","MIF","FM_15"
"fm",4,1024,574,"gene3336","HSPE1","FM_16"
"fm",4,1024,575,"gene4773","NFATC2","FM_01"
"fm",4,1024,576,"gene2787","GNG5","FM_11"
"fm",4,1024,577,"gene10437","IFI30","FM_12"
"fm",4,1024,578,"gene161882","ZFPM1","FM_13"
"fm",4,1024,579,"gene2357","FPR1","FM_20"
"fm",4,1024,580,"gene6635","SNRPE","FM_05"
"fm",4,1024,581,"gene56975","FAM20C","FM_02"
"fm",4,1024,582,"gene2162","F13A1","FM_06"
"fm",4,1024,583,"gene9231","DLG5","FM_09"
"fm",4,1024,584,"gene10859","LILRB1","FM_05"
"fm",4,1024,585,"gene933","CD22","FM_15"
"fm",4,1024,586,"gene942","CD86","FM_19"
"fm",4,1024,587,"gene9145","SYNGR1","FM_03"
"fm",4,1024,588,"gene2058","EPRS1","FM_08"
"fm",4,1024,589,"gene6556","SLC11A1","FM_06"
"fm",4,1024,590,"gene6217","RPS16","FM_18"
"fm",4,1024,591,"gene80012","PHC3","FM_16"
"fm",4,1024,592,"gene2776","GNAQ","FM_06"
"fm",4,1024,593,"gene6169","RPL38","FM_15"
"fm",4,1024,594,"gene117155","CATSPER2","FM_06"
"fm",4,1024,595,"gene25946","ZNF385A","FM_03"
"fm",4,1024,596,"gene134429","STARD4","FM_18"
"fm",4,1024,597,"gene3556","IL1RAP","FM_02"
"fm",4,1024,598,"gene7128","TNFAIP3","FM_01"
"fm",4,1024,599,"gene6159","RPL29","FM_06"
"fm",4,1024,600,"gene9194","SLC16A7","FM_05"
"fm",4,1024,601,"gene275","AMT","FM_04"
"fm",4,1024,602,"gene5567","PRKACB","FM_04"
"fm",4,1024,603,"gene83988","NCALD","FM_07"
"fm",4,1024,604,"gene9580","SOX13","FM_02"
"fm",4,1024,605,"gene4708","NDUFB2","FM_02"
"fm",4,1024,606,"gene3575","IL7R","FM_01"
"fm",4,1024,607,"gene4830","NME1","FM_05"
"fm",4,1024,608,"gene27287","VENTX","FM_16"
"fm",4,1024,609,"gene55423","SIRPG","FM_02"
"fm",4,1024,610,"gene4646","MYO6","FM_10"
"fm",4,1024,611,"gene58477","SRPRB","FM_16"
"fm",4,1024,612,"gene6188","RPS3","FM_01"
"fm",4,1024,613,"gene54583","EGLN1","FM_05"
"fm",4,1024,614,"gene1163","CKS1B","FM_10"
"fm",4,1024,615,"gene5732","PTGER2","FM_07"
"fm",4,1024,616,"gene306","ANXA3","FM_07"
"fm",4,1024,617,"gene1043","CD52","FM_06"
"fm",4,1024,618,"gene7203","CCT3","FM_09"
"fm",4,1024,619,"gene2206","MS4A2","FM_11"
"fm",4,1024,620,"gene6173","RPL36A","FM_01"
"fm",4,1024,621,"gene79071","ELOVL6","FM_06"
"fm",4,1024,622,"gene6039","RNASE6","FM_19"
"fm",4,1024,623,"gene123","PLIN2","FM_02"
"fm",4,1024,624,"gene8541","PPFIA3","FM_01"
"fm",4,1024,625,"gene1890","TYMP","FM_01"
"fm",4,1024,626,"gene3386","ICAM4","FM_02"
"fm",4,1024,627,"gene3595","IL12RB2","FM_05"
"fm",4,1024,628,"gene9045","RPL14","FM_08"
"fm",4,1024,629,"gene55466","DNAJA4","FM_13"
"fm",4,1024,630,"gene5966","REL","FM_06"
"fm",4,1024,631,"gene54210","TREM1","FM_10"
"fm",4,1024,632,"gene4638","MYLK","FM_04"
"fm",4,1024,633,"gene3717","JAK2","FM_04"
"fm",4,1024,634,"gene2309","FOXO3","FM_03"
"fm",4,1024,635,"gene140807","KRT72","FM_11"
"fm",4,1024,636,"gene8320","EOMES","FM_10"
"fm",4,1024,637,"gene6207","RPS13","FM_03"
"fm",4,1024,638,"gene2201","FBN2","FM_09"
"fm",4,1024,639,"gene3486","IGFBP3","FM_10"
"fm",4,1024,640,"gene79834","PEAK1","FM_07"
"fm",4,1024,641,"gene57698","SHTN1","FM_05"
"fm",4,1024,642,"gene463","ZFHX3","FM_04"
"fm",4,1024,643,"gene6375","XCL1","FM_07"
"fm",4,1024,644,"gene57654","UVSSA","FM_03"
"fm",4,1024,645,"gene539","ATP5PO","FM_09"
"fm",4,1024,646,"gene597","BCL2A1","FM_08"
"fm",4,1024,647,"gene719","C3AR1","FM_07"
"fm",4,1024,648,"gene83999","KREMEN1","FM_03"
"fm",4,1024,649,"gene56172","ANKH","FM_01"
"fm",4,1024,650,"gene710","SERPING1","FM_06"
"fm",4,1024,651,"gene10462","CLEC10A","FM_06"
"fm",4,1024,652,"gene6209","RPS15","FM_17"
"fm",4,1024,653,"gene527","ATP6V0C","FM_16"
"fm",4,1024,654,"gene81030","ZBP1","FM_08"
"fm",4,1024,655,"gene6095","RORA","FM_05"
"fm",4,1024,656,"gene1051","CEBPB","FM_11"
"fm",4,1024,657,"gene6233","RPS27A","FM_09"
"fm",4,1024,658,"gene5901","RAN","FM_10"
"fm",4,1024,659,"gene9170","LPAR2","FM_03"
"fm",4,1024,660,"gene2317","FLNB","FM_10"
"fm",4,1024,661,"gene2203","FBP1","FM_16"
"fm",4,1024,662,"gene2017","CTTN","FM_15"
"fm",4,1024,663,"gene6218","RPS17","FM_05"
"fm",4,1024,664,"gene192286","HIGD2A","FM_13"
"fm",4,1024,665,"gene259173","ALS2CL","FM_11"
"fm",4,1024,666,"gene10549","PRDX4","FM_13"
"fm",4,1024,667,"gene23547","LILRA4","FM_06"
"fm",4,1024,668,"gene353","APRT","FM_05"
"fm",4,1024,669,"gene51389","RWDD1","FM_07"
"fm",4,1024,670,"gene100996939","PYURF","FM_01"
"fm",4,1024,671,"gene84992","PIGY","FM_02"
"fm",4,1024,672,"gene59285","CACNG6","FM_05"
"fm",4,1024,673,"gene940","CD28","FM_01"
"fm",4,1024,674,"gene760","CA2","FM_14"
"fm",4,1024,675,"gene2760","GM2A","FM_16"
"fm",4,1024,676,"gene8349","H2BC21","FM_20"
"fm",4,1024,677,"gene978","CDA","FM_02"
"fm",4,1024,678,"gene2790","GNG10","FM_07"
"fm",4,1024,679,"gene54843","SYTL2","FM_09"
"fm",4,1024,680,"gene10870","HCST","FM_17"
"fm",4,1024,681,"gene671","BPI","FM_03"
"fm",4,1024,682,"gene27102","EIF2AK1","FM_04"
"fm",4,1024,683,"gene3772","KCNJ15","FM_07"
"fm",4,1024,684,"gene1436","CSF1R","FM_05"
"fm",4,1024,685,"gene728294","D2HGDH","FM_17"
"fm",4,1024,686,"gene6167","RPL37","FM_11"
"fm",4,1024,687,"gene6134","RPL10","FM_03"
"fm",4,1024,688,"gene8714","ABCC3","FM_09"
"fm",4,1024,689,"gene6125","RPL5","FM_10"
"fm",4,1024,690,"gene56953","NT5M","FM_12"
"fm",4,1024,691,"gene8482","SEMA7A","FM_02"
"fm",4,1024,692,"gene64759","TNS3","FM_05"
"fm",4,1024,693,"gene90990","KIFC2","FM_05"
"fm",4,1024,694,"gene2194","FASN","FM_01"
"fm",4,1024,695,"gene4736","RPL10A","FM_06"
"fm",4,1024,696,"gene974","CD79B","FM_06"
"fm",4,1024,697,"gene4869","NPM1","FM_05"
"fm",4,1024,698,"gene5016","OVGP1","FM_17"
"fm",4,1024,699,"gene3590","IL11RA","FM_17"
"fm",4,1024,700,"gene23645","PPP1R15A","FM_04"
"fm",4,1024,701,"gene23677","SH3BP4","FM_06"
"fm",4,1024,702,"gene155066","ATP6V0E2","FM_06"
"fm",4,1024,703,"gene8993","PGLYRP1","FM_03"
"fm",4,1024,704,"gene4069","LYZ","FM_08"
"fm",4,1024,705,"gene1848","DUSP6","FM_18"
"fm",4,1024,706,"gene1717","DHCR7","FM_02"
"fm",4,1024,707,"gene55967","NDUFA12","FM_06"
"fm",4,1024,708,"gene30817","ADGRE2","FM_04"
"fm",4,1024,709,"gene643","CXCR5","FM_04"
"fm",4,1024,710,"gene10857","PGRMC1","FM_06"
"fm",4,1024,711,"gene1312","COMT","FM_18"
"fm",4,1024,712,"gene51386","EIF3L","FM_02"
"fm",4,1024,713,"gene1536","CYBB","FM_04"
"fm",4,1024,714,"gene8740","TNFSF14","FM_02"
"fm",4,1024,715,"gene27339","PRPF19","FM_02"
"fm",4,1024,716,"gene84443","FRMPD3","FM_07"
"fm",4,1024,717,"gene5621","PRNP","FM_15"
"fm",4,1024,718,"gene3903","LAIR1","FM_10"
"fm",4,1024,719,"gene3312","HSPA8","FM_02"
"fm",4,1024,720,"gene1803","DPP4","FM_20"
"fm",4,1024,721,"gene23586","RIGI","FM_18"
"fm",4,1024,722,"gene23327","NEDD4L","FM_03"
"fm",4,1024,723,"gene3091","HIF1A","FM_19"
"fm",4,1024,724,"gene57571","CARNS1","FM_09"
"fm",4,1024,725,"gene89790","SIGLEC10","FM_13"
"fm",4,1024,726,"gene8111","GPR68","FM_13"
"fm",4,1024,727,"gene4660","PPP1R12B","FM_15"
"fm",4,1024,728,"gene64425","POLR1E","FM_12"
"fm",4,1024,729,"gene10728","PTGES3","FM_03"
"fm",4,1024,730,"gene140809","SRXN1","FM_02"
"fm",4,1024,731,"gene23250","ATP11A","FM_06"
"fm",4,1024,732,"gene8821","INPP4B","FM_12"
"fm",4,1024,733,"gene57162","PELI1","FM_06"
"fm",4,1024,734,"gene6137","RPL13","FM_02"
"fm",4,1024,735,"gene4000","LMNA","FM_01"
"fm",4,1024,736,"gene5209","PFKFB3","FM_01"
"fm",4,1024,737,"gene56993","TOMM22","FM_01"
"fm",4,1024,738,"gene7090","TLE3","FM_13"
"fm",4,1024,739,"gene7494","XBP1","FM_03"
"fm",4,1024,740,"gene718","C3","FM_10"
"fm",4,1024,741,"gene64167","ERAP2","FM_17"
"fm",4,1024,742,"gene2149","F2R","FM_11"
"fm",4,1024,743,"gene81857","MED25","FM_15"
"fm",4,1024,744,"gene1891","ECH1","FM_02"
"fm",4,1024,745,"gene8673","VAMP8","FM_08"
"fm",4,1024,746,"gene6720","SREBF1","FM_02"
"fm",4,1024,747,"gene8607","RUVBL1","FM_16"
"fm",4,1024,748,"gene8682","PEA15","FM_06"
"fm",4,1024,749,"gene10055","SAE1","FM_19"
"fm",4,1024,750,"gene85439","STON2","FM_04"
"fm",4,1024,751,"gene10913","EDAR","FM_14"
"fm",4,1024,752,"gene6843","VAMP1","FM_07"
"fm",4,1024,753,"gene3557","IL1RN","FM_06"
"fm",4,1024,754,"gene5603","MAPK13","FM_05"
"fm",4,1024,755,"gene28984","RGCC","FM_04"
"fm",4,1024,756,"gene319101","KRT73","FM_13"
"fm",4,1024,757,"gene1296","COL8A2","FM_05"
"fm",4,1024,758,"gene27242","TNFRSF21","FM_08"
"fm",4,1024,759,"gene10051","SMC4","FM_06"
"fm",4,1024,760,"gene8780","RIOK3","FM_01"
"fm",4,1024,761,"gene55558","PLXNA3","FM_01"
"fm",4,1024,762,"gene6138","RPL15","FM_03"
"fm",4,1024,763,"gene55704","CCDC88A","FM_01"
"fm",4,1024,764,"gene6513","SLC2A1","FM_10"
"fm",4,1024,765,"gene1622","DBI","FM_15"
"fm",4,1024,766,"gene4171","MCM2","FM_15"
"fm",4,1024,767,"gene64981","MRPL34","FM_13"
"fm",4,1024,768,"gene23136","EPB41L3","FM_18"
"fm",4,1024,769,"gene9450","LY86","FM_06"
"fm",4,1024,770,"gene6176","RPLP1","FM_01"
"fm",4,1024,771,"gene23305","ACSL6","FM_18"
"fm",4,1024,772,"gene64386","MMP25","FM_02"
"fm",4,1024,773,"gene6230","RPS25","FM_17"
"fm",4,1024,774,"gene10276","NET1","FM_16"
"fm",4,1024,775,"gene80739","MPIG6B","FM_01"
"fm",4,1024,776,"gene10875","FGL2","FM_15"
"fm",4,1024,777,"gene56261","GPCPD1","FM_02"
"fm",4,1024,778,"gene24138","IFIT5","FM_07"
"fm",4,1024,779,"gene2053","EPHX2","FM_04"
"fm",4,1024,780,"gene80005","DOCK5","FM_15"
"fm",4,1024,781,"gene79888","LPCAT1","FM_02"
"fm",4,1024,782,"gene29107","NXT1","FM_13"
"fm",4,1024,783,"gene4193","MDM2","FM_03"
"fm",4,1024,784,"gene2358","FPR2","FM_09"
"fm",4,1024,785,"gene10161","LPAR6","FM_13"
"fm",4,1024,786,"gene9759","HDAC4","FM_05"
"fm",4,1024,787,"gene10654","PMVK","FM_13"
"fm",4,1024,788,"gene84254","CAMKK1","FM_05"
"fm",4,1024,789,"gene1378","CR1","FM_06"
"fm",4,1024,790,"gene10575","CCT4","FM_01"
"fm",4,1024,791,"gene53834","FGFRL1","FM_02"
"fm",4,1024,792,"gene3459","IFNGR1","FM_12"
"fm",4,1024,793,"gene22918","CD93","FM_07"
"fm",4,1024,794,"gene2281","FKBP1B","FM_05"
"fm",4,1024,795,"gene84628","NTNG2","FM_03"
"fm",4,1024,796,"gene94015","TTYH2","FM_20"
"fm",4,1024,797,"gene6923","ELOB","FM_11"
"fm",4,1024,798,"gene253260","RICTOR","FM_03"
"fm",4,1024,799,"gene7476","WNT7A","FM_12"
"fm",4,1024,800,"gene10516","FBLN5","FM_17"
"fm",4,1024,801,"gene917","CD3G","FM_13"
"fm",4,1024,802,"gene3014","H2AX","FM_05"
"fm",4,1024,803,"gene2197","FAU","FM_05"
"fm",4,1024,804,"gene5087","PBX1","FM_09"
"fm",4,1024,805,"gene5245","PHB1","FM_11"
"fm",4,1024,806,"gene10783","NEK6","FM_04"
"fm",4,1024,807,"gene55827","DCAF6","FM_01"
"fm",4,1024,808,"gene1032","CDKN2D","FM_07"
"fm",4,1024,809,"gene864","RUNX3","FM_01"
"fm",4,1024,810,"gene51176","LEF1","FM_02"
"fm",4,1024,811,"gene1230","CCR1","FM_01"
"fm",4,1024,812,"gene8542","APOL1","FM_02"
"fm",4,1024,813,"gene5296","PIK3R2","FM_02"
"fm",4,1024,814,"gene7381","UQCRB","FM_08"
"fm",4,1024,815,"gene4689","NCF4","FM_20"
"fm",4,1024,816,"gene6157","RPL27A","FM_08"
"fm",4,1024,817,"gene2199","FBLN2","FM_17"
"fm",4,1024,818,"gene7706","TRIM25","FM_02"
"fm",4,1024,819,"gene9241","NOG","FM_08"
"fm",4,1024,820,"gene123041","SLC24A4","FM_07"
"fm",4,1024,821,"gene9314","KLF4","FM_08"
"fm",4,1024,822,"gene8815","BANF1","FM_05"
"fm",4,1024,823,"gene26232","FBXO2","FM_12"
"fm",4,1024,824,"gene1019","CDK4","FM_04"
"fm",4,1024,825,"gene23433","RHOQ","FM_02"
"fm",4,1024,826,"gene64135","IFIH1","FM_04"
"fm",4,1024,827,"gene3094","HINT1","FM_05"
"fm",4,1024,828,"gene91584","PLXNA4","FM_18"
"fm",4,1024,829,"gene55112","DYNC2I1","FM_04"
"fm",4,1024,830,"gene8741","TNFSF13","FM_04"
"fm",4,1024,831,"gene7036","TFR2","FM_20"
"fm",4,1024,832,"gene51380","CSAD","FM_01"
"fm",4,1024,833,"gene2219","FCN1","FM_04"
"fm",4,1024,834,"gene5728","PTEN","FM_11"
"fm",4,1024,835,"gene4703","NEB","FM_09"
"fm",4,1024,836,"gene4092","SMAD7","FM_10"
"fm",4,1024,837,"gene1175","AP2S1","FM_13"
"fm",4,1024,838,"gene22836","RHOBTB3","FM_04"
"fm",4,1024,839,"gene23463","ICMT","FM_01"
"fm",4,1024,840,"gene59340","HRH4","FM_05"
"fm",4,1024,841,"gene3068","HDGF","FM_02"
"fm",4,1024,842,"gene6229","RPS24","FM_03"
"fm",4,1024,843,"gene55615","PRR5","FM_01"
"fm",4,1024,844,"gene4332","MNDA","FM_03"
"fm",4,1024,845,"gene5775","PTPN4","FM_06"
"fm",4,1024,846,"gene3959","LGALS3BP","FM_09"
"fm",4,1024,847,"gene9334","B4GALT5","FM_17"
"fm",4,1024,848,"gene57674","RNF213","FM_12"
"fm",4,1024,849,"gene653361","NCF1","FM_08"
"fm",4,1024,850,"gene2739","GLO1","FM_03"
"fm",4,1024,851,"gene26140","TTLL3","FM_07"
"fm",4,1024,852,"gene27018","BEX3","FM_13"
"fm",4,1024,853,"gene912","CD1D","FM_08"
"fm",4,1024,854,"gene54549","SDK2","FM_09"
"fm",4,1024,855,"gene2625","GATA3","FM_15"
"fm",4,1024,856,"gene4809","SNU13","FM_01"
"fm",4,1024,857,"gene2215","FCGR3B","FM_06"
"fm",4,1024,858,"gene114822","RHPN1","FM_08"
"fm",4,1024,859,"gene962","CD48","FM_11"
"fm",4,1024,860,"gene8357","H3C10","FM_12"
"fm",4,1024,861,"gene221937","FOXK1","FM_10"
"fm",4,1024,862,"gene23423","TMED3","FM_06"
"fm",4,1024,863,"gene221037","JMJD1C","FM_06"
"fm",4,1024,864,"gene51650","MRPS33","FM_10"
"fm",4,1024,865,"gene868","CBLB","FM_01"
"fm",4,1024,866,"gene6732","SRPK1","FM_03"
"fm",4,1024,867,"gene4715","NDUFB9","FM_07"
"fm",4,1024,868,"gene6307","MSMO1","FM_04"
"fm",4,1024,869,"gene8519","IFITM1","FM_19"
"fm",4,1024,870,"gene6158","RPL28","FM_04"
"fm",4,1024,871,"gene161742","SPRED1","FM_11"
"fm",4,1024,872,"gene1154","CISH","FM_16"
"fm",4,1024,873,"gene8665","EIF3F","FM_01"
"fm",4,1024,874,"gene5197","PF4V1","FM_08"
"fm",4,1024,875,"gene4904","YBX1","FM_04"
"fm",4,1024,876,"gene80854","SETD7","FM_06"
"fm",4,1024,877,"gene7514","XPO1","FM_05"
"fm",4,1024,878,"gene706","TSPO","FM_01"
"fm",4,1024,879,"gene84159","ARID5B","FM_11"
"fm",4,1024,880,"gene5886","RAD23A","FM_12"
"fm",4,1024,881,"gene9651","PLCH2","FM_04"
"fm",4,1024,882,"gene80115","BAIAP2L2","FM_07"
"fm",4,1024,883,"gene7153","TOP2A","FM_08"
"fm",4,1024,884,"gene1628","DBP","FM_16"
"fm",4,1024,885,"gene3320","HSP90AA1","FM_07"
"fm",4,1024,886,"gene5800","PTPRO","FM_14"
"fm",4,1024,887,"gene55240","STEAP3","FM_09"
"fm",4,1024,888,"gene6150","MRPL23","FM_13"
"fm",4,1024,889,"gene8668","EIF3I","FM_09"
"fm",4,1024,890,"gene151636","DTX3L","FM_07"
"fm",4,1024,891,"gene290","ANPEP","FM_07"
"fm",4,1024,892,"gene7089","TLE2","FM_09"
"fm",4,1024,893,"gene54331","GNG2","FM_01"
"fm",4,1024,894,"gene54464","XRN1","FM_08"
"fm",4,1024,895,"gene728","C5AR1","FM_10"
"fm",4,1024,896,"gene4050","LTB","FM_06"
"fm",4,1024,897,"gene80201","HKDC1","FM_04"
"fm",4,1024,898,"gene11343","MGLL","FM_05"
"fm",4,1024,899,"gene22898","DENND3","FM_08"
"fm",4,1024,900,"gene64061","TSPYL2","FM_03"
"fm",4,1024,901,"gene1937","EEF1G","FM_09"
"fm",4,1024,902,"gene1269","CNR2","FM_07"
"fm",4,1024,903,"gene27335","EIF3K","FM_04"
"fm",4,1024,904,"gene10154","PLXNC1","FM_10"
"fm",4,1024,905,"gene1241","LTB4R","FM_03"
"fm",4,1024,906,"gene60489","APOBEC3G","FM_03"
"fm",4,1024,907,"gene51310","SLC22A17","FM_11"
"fm",4,1024,908,"gene10811","NOXA1","FM_14"
"fm",4,1024,909,"gene25885","POLR1A","FM_05"
"fm",4,1024,910,"gene1233","CCR4","FM_08"
"fm",4,1024,911,"gene57105","CYSLTR2","FM_02"
"fm",4,1024,912,"gene51747","LUC7L3","FM_20"
"fm",4,1024,913,"gene56937","PMEPA1","FM_02"
"fm",4,1024,914,"gene4509","MT-ATP8","FM_03"
"fm",4,1024,915,"gene4522","MTHFD1","FM_15"
"fm",4,1024,916,"gene7056","THBD","FM_18"
"fm",4,1024,917,"gene91749","SLC60A2","FM_06"
"fm",4,1024,918,"gene51320","MEX3C","FM_01"
"fm",4,1024,919,"gene2672","GFI1","FM_18"
"fm",4,1024,920,"gene8477","GPR65","FM_07"
"fm",4,1024,921,"gene216","ALDH1A1","FM_09"
"fm",4,1024,922,"gene10490","VTI1B","FM_05"
"fm",4,1024,923,"gene5351","PLOD1","FM_11"
"fm",4,1024,924,"gene9585","KIF20B","FM_08"
"fm",4,1024,925,"gene959","CD40LG","FM_06"
"fm",4,1024,926,"gene253782","CERS6","FM_15"
"fm",4,1024,927,"gene518","ATP5MC3","FM_01"
"fm",4,1024,928,"gene5411","PNN","FM_02"
"fm",4,1024,929,"gene2570","GABRR2","FM_12"
"fm",4,1024,930,"gene29116","MYLIP","FM_08"
"fm",4,1024,931,"gene10794","ZNF460","FM_10"
"fm",4,1024,932,"gene10970","CKAP4","FM_17"
"fm",4,1024,933,"gene79090","TRAPPC6A","FM_08"
"fm",4,1024,934,"gene6124","RPL4","FM_16"
"fm",4,1024,935,"gene932","MS4A3","FM_02"
"fm",4,1024,936,"gene55313","CPPED1","FM_15"
"fm",4,1024,937,"gene114882","OSBPL8","FM_05"
"fm",4,1024,938,"gene55701","ARHGEF40","FM_04"
"fm",4,1024,939,"gene610","HCN2","FM_15"
"fm",4,1024,940,"gene8863","PER3","FM_02"
"fm",4,1024,941,"gene3109","HLA-DMB","FM_12"
"fm",4,1024,942,"gene8313","AXIN2","FM_19"
"fm",4,1024,943,"gene83858","ATAD3B","FM_04"
"fm",4,1024,944,"gene11240","PADI2","FM_07"
"fm",4,1024,945,"gene1795","DOCK3","FM_02"
"fm",4,1024,946,"gene151306","GPBAR1","FM_12"
"fm",4,1024,947,"gene6132","RPL8","FM_19"
"fm",4,1024,948,"gene1514","CTSL","FM_07"
"fm",4,1024,949,"gene63891","RNF123","FM_01"
"fm",4,1024,950,"gene4172","MCM3","FM_07"
"fm",4,1024,951,"gene79143","MBOAT7","FM_10"
"fm",4,1024,952,"gene64772","ENGASE","FM_02"
"fm",4,1024,953,"gene25804","LSM4","FM_15"
"fm",4,1024,954,"gene29802","VPREB3","FM_15"
"fm",4,1024,955,"gene7433","VIPR1","FM_04"
"fm",4,1024,956,"gene1508","CTSB","FM_03"
"fm",4,1024,957,"gene1901","S1PR1","FM_03"
"fm",4,1024,958,"gene23530","NNT","FM_07"
"fm",4,1024,959,"gene79646","PANK3","FM_06"
"fm",4,1024,960,"gene89849","ATG16L2","FM_03"
"fm",4,1024,961,"gene7710","ZNF154","FM_19"
"fm",4,1024,962,"gene7027","TFDP1","FM_04"
"fm",4,1024,963,"gene2643","GCH1","FM_13"
"fm",4,1024,964,"gene200315","APOBEC3A","FM_01"
"fm",4,1024,965,"gene143884","CWF19L2","FM_17"
"fm",4,1024,966,"gene2948","GSTM4","FM_08"
"fm",4,1024,967,"gene9188","DDX21","FM_20"
"fm",4,1024,968,"gene4343","MOV10","FM_17"
"fm",4,1024,969,"gene219855","SLC37A2","FM_12"
"fm",4,1024,970,"gene1234","CCR5","FM_03"
"fm",4,1024,971,"gene51251","NT5C3A","FM_07"
"fm",4,1024,972,"gene3727","JUND","FM_08"
"fm",4,1024,973,"gene57449","PLEKHG5","FM_03"
"fm",4,1024,974,"gene7423","VEGFB","FM_17"
"fm",4,1024,975,"gene2026","ENO2","FM_03"
"fm",4,1024,976,"gene79414","LRFN3","FM_19"
"fm",4,1024,977,"gene120227","CYP2R1","FM_02"
"fm",4,1024,978,"gene975","CD81","FM_06"
"fm",4,1024,979,"gene9349","RPL23","FM_04"
"fm",4,1024,980,"gene84868","HAVCR2","FM_03"
"fm",4,1024,981,"gene23461","ABCA5","FM_06"
"fm",4,1024,982,"gene6122","RPL3","FM_16"
"fm",4,1024,983,"gene1435","CSF1","FM_14"
"fm",4,1024,984,"gene84418","CYSTM1","FM_12"
"fm",4,1024,985,"gene79930","DOK3","FM_04"
"fm",4,1024,986,"gene27336","HTATSF1","FM_02"
"fm",4,1024,987,"gene2833","CXCR3","FM_02"
"fm",4,1024,988,"gene338596","ST8SIA6","FM_02"
"fm",4,1024,989,"gene53822","FXYD7","FM_14"
"fm",4,1024,990,"gene51332","SPTBN5","FM_08"
"fm",4,1024,991,"gene56034","PDGFC","FM_17"
"fm",4,1024,992,"gene873","CBR1","FM_18"
"fm",4,1024,993,"gene9260","PDLIM7","FM_10"
"fm",4,1024,994,"gene26049","FAM169A","FM_14"
"fm",4,1024,995,"gene433","ASGR2","FM_02"
"fm",4,1024,996,"gene120892","LRRK2","FM_16"
"fm",4,1024,997,"gene3687","ITGAX","FM_19"
"fm",4,1024,998,"gene219","ALDH1B1","FM_07"
"fm",4,1024,999,"gene55252","ASXL2","FM_08"
"fm",4,1024,1000,"gene521","ATP5ME","FM_15"
"fm",5,1025,1,"gene246","ALOX15","FM_05"
"fm",5,1025,2,"gene212","ALAS2","FM_06"
"fm",5,1025,3,"gene1374","CPT1A","FM_12"
"fm",5,1025,4,"gene2289","FKBP5","FM_12"
"fm",5,1025,5,"gene3512","JCHAIN","FM_07"
"fm",5,1025,6,"gene54541","DDIT4","FM_03"
"fm",5,1025,7,"gene5187","PER1","FM_04"
"fm",5,1025,8,"gene3848","KRT1","FM_04"
"fm",5,1025,9,"gene6521","SLC4A1","FM_15"
"fm",5,1025,10,"gene6535","SLC6A8","FM_11"
"fm",5,1025,11,"gene27181","SIGLEC8","FM_08"
"fm",5,1025,12,"gene6622","SNCA","FM_07"
"fm",5,1025,13,"gene55437","STRADB","FM_19"
"fm",5,1025,14,"gene759","CA1","FM_17"
"fm",5,1025,15,"gene6710","SPTB","FM_06"
"fm",5,1025,16,"gene343171","OR2W3","FM_08"
"fm",5,1025,17,"gene4940","OAS3","FM_01"
"fm",5,1025,18,"gene5266","PI3","FM_07"
"fm",5,1025,19,"gene4635","MYL4","FM_11"
"fm",5,1025,20,"gene2766","GMPR","FM_03"
"fm",5,1025,21,"gene286","ANK1","FM_09"
"fm",5,1025,22,"gene55512","SMPD3","FM_16"
"fm",5,1025,23,"gene7111","TMOD1","FM_14"
"fm",5,1025,24,"gene1844","DUSP2","FM_07"
"fm",5,1025,25,"gene4057","LTF","FM_02"
"fm",5,1025,26,"gene10417","SPON2","FM_05"
"fm",5,1025,27,"gene249","ALPL","FM_14"
"fm",5,1025,28,"gene83888","FGFBP2","FM_19"
"fm",5,1025,29,"gene7704","ZBTB16","FM_03"
"fm",5,1025,30,"gene3568","IL5RA","FM_01"
"fm",5,1025,31,"gene7057","THBS1","FM_03"
"fm",5,1025,32,"gene2995","GYPC","FM_05"
"fm",5,1025,33,"gene4599","MX1","FM_03"
"fm",5,1025,34,"gene4811","NID1","FM_06"
"fm",5,1025,35,"gene4318","MMP9","FM_07"
"fm",5,1025,36,"gene5166","PDK4","FM_03"
"fm",5,1025,37,"gene2039","DMTN","FM_08"
"fm",5,1025,38,"gene51218","GLRX5","FM_02"
"fm",5,1025,39,"gene8660","IRS2","FM_02"
"fm",5,1025,40,"gene598","BCL2L1","FM_07"
"fm",5,1025,41,"gene2987","GUK1","FM_10"
"fm",5,1025,42,"gene11126","CD160","FM_12"
"fm",5,1025,43,"gene645","BLVRB","FM_05"
"fm",5,1025,44,"gene4541","MT-ND6","FM_06"
"fm",5,1025,45,"gene3437","IFIT3","FM_13"
"fm",5,1025,46,"gene3127","HLA-DRB5","FM_07"
"fm",5,1025,47,"gene2537","IFI6","FM_10"
"fm",5,1025,48,"gene51348","KLRF1","FM_01"
"fm",5,1025,49,"gene3119","HLA-DQB1","FM_18"
"fm",5,1025,50,"gene140","ADORA3","FM_06"
"fm",5,1025,51,"gene4784","NFIX","FM_16"
"fm",5,1025,52,"gene2999","GZMH","FM_07"
"fm",5,1025,53,"gene11251","PTGDR2","FM_19"
"fm",5,1025,54,"gene53637","S1PR5","FM_18"
"fm",5,1025,55,"gene4939","OAS2","FM_01"
"fm",5,1025,56,"gene1843","DUSP1","FM_08"
"fm",5,1025,57,"gene1052","CEBPD","FM_14"
"fm",5,1025,58,"gene573","BAG1","FM_09"
"fm",5,1025,59,"gene81567","TXNDC5","FM_06"
"fm",5,1025,60,"gene669","BPGM","FM_17"
"fm",5,1025,61,"gene788","SLC25A20","FM_01"
"fm",5,1025,62,"gene115362","GBP5","FM_08"
"fm",5,1025,63,"gene5909","RAP1GAP","FM_01"
"fm",5,1025,64,"gene3824","KLRD1","FM_06"
"fm",5,1025,65,"gene91543","RSAD2","FM_14"
"fm",5,1025,66,"gene3434","IFIT1","FM_06"
"fm",5,1025,67,"gene4061","LY6E","FM_13"
"fm",5,1025,68,"gene7097","TLR2","FM_09"
"fm",5,1025,69,"gene83715","ESPN","FM_10"
"fm",5,1025,70,"gene9636","ISG15","FM_10"
"fm",5,1025,71,"gene2235","FECH","FM_10"
"fm",5,1025,72,"gene10316","NMUR1","FM_20"
"fm",5,1025,73,"gene2633","GBP1","FM_06"
"fm",5,1025,74,"gene1668","DEFA3","FM_04"
"fm",5,1025,75,"gene3433","IFIT2","FM_06"
"fm",5,1025,76,"gene10644","IGF2BP2","FM_05"
"fm",5,1025,77,"gene687","KLF9","FM_01"
"fm",5,1025,78,"gene3949","LDLR","FM_01"
"fm",5,1025,79,"gene3029","HAGH","FM_02"
"fm",5,1025,80,"gene11098","PRSS23","FM_02"
"fm",5,1025,81,"gene10098","TSPAN5","FM_03"
"fm",5,1025,82,"gene54739","XAF1","FM_07"
"fm",5,1025,83,"gene3958","LGALS3","FM_06"
"fm",5,1025,84,"gene2322","FLT3","FM_05"
"fm",5,1025,85,"gene60675","PROK2","FM_09"
"fm",5,1025,86,"gene7280","TUBB2A","FM_08"
"fm",5,1025,87,"gene117157","SH2D1B","FM_15"
"fm",5,1025,88,"gene6772","STAT1","FM_09"
"fm",5,1025,89,"gene27087","B3GAT1","FM_19"
"fm",5,1025,90,"gene4684","NCAM1","FM_14"
"fm",5,1025,91,"gene5551","PRF1","FM_18"
"fm",5,1025,92,"gene23770","FKBP8","FM_06"
"fm",5,1025,93,"gene6563","SLC14A1","FM_17"
"fm",5,1025,94,"gene6170","RPL39","FM_03"
"fm",5,1025,95,"gene122618","PLD4","FM_04"
"fm",5,1025,96,"gene27090","ST6GALNAC4","FM_18"
"fm",5,1025,97,"gene84525","HOPX","FM_02"
"fm",5,1025,98,"gene1718","DHCR24","FM_07"
"fm",5,1025,99,"gene6351","CCL4","FM_16"
"fm",5,1025,100,"gene6189","RPS3A","FM_10"
"fm",5,1025,101,"gene4938","OAS1","FM_05"
"fm",5,1025,102,"gene25793","FBXO7","FM_04"
"fm",5,1025,103,"gene9902","MRC2","FM_06"
"fm",5,1025,104,"gene6614","SIGLEC1","FM_14"
"fm",5,1025,105,"gene665","BNIP3L","FM_04"
"fm",5,1025,106,"gene8651","SOCS1","FM_05"
"fm",5,1025,107,"gene9415","FADS2","FM_01"
"fm",5,1025,108,"gene115361","GBP4","FM_16"
"fm",5,1025,109,"gene10964","IFI44L","FM_02"
"fm",5,1025,110,"gene9734","HDAC9","FM_04"
"fm",5,1025,111,"gene10410","IFITM3","FM_01"
"fm",5,1025,112,"gene2935","GSPT1","FM_01"
"fm",5,1025,113,"gene10808","HSPH1","FM_05"
"fm",5,1025,114,"gene162466","PHOSPHO1","FM_06"
"fm",5,1025,115,"gene51094","ADIPOR1","FM_07"
"fm",5,1025,116,"gene10561","IFI44","FM_01"
"fm",5,1025,117,"gene25941","TPGS2","FM_04"
"fm",5,1025,118,"gene1299","COL9A3","FM_05"
"fm",5,1025,119,"gene9332","CD163","FM_13"
"fm",5,1025,120,"gene7049","TGFBR3","FM_04"
"fm",5,1025,121,"gene4603","MYBL1","FM_11"
"fm",5,1025,122,"gene30009","TBX21","FM_11"
"fm",5,1025,123,"gene51759","C9orf78","FM_04"
"fm",5,1025,124,"gene7088","TLE1","FM_15"
"fm",5,1025,125,"gene8843","HCAR3","FM_11"
"fm",5,1025,126,"gene84164","ASCC2","FM_04"
"fm",5,1025,127,"gene255488","RNF144B","FM_16"
"fm",5,1025,128,"gene1462","VCAN","FM_02"
"fm",5,1025,129,"gene9047","SH2D2A","FM_10"
"fm",5,1025,130,"gene10133","OPTN","FM_04"
"fm",5,1025,131,"gene997","CDC34","FM_01"
"fm",5,1025,132,"gene7314","UBB","FM_03"
"fm",5,1025,133,"gene5159","PDGFRB","FM_07"
"fm",5,1025,134,"gene51191","HERC5","FM_12"
"fm",5,1025,135,"gene26053","AUTS2","FM_09"
"fm",5,1025,136,"gene11213","IRAK3","FM_08"
"fm",5,1025,137,"gene4753","NELL2","FM_02"
"fm",5,1025,138,"gene241","ALOX5AP","FM_13"
"fm",5,1025,139,"gene8818","DPM2","FM_04"
"fm",5,1025,140,"gene5730","PTGDS","FM_02"
"fm",5,1025,141,"gene4897","NRCAM","FM_14"
"fm",5,1025,142,"gene266727","MDGA1","FM_11"
"fm",5,1025,143,"gene8644","AKR1C3","FM_08"
"fm",5,1025,144,"gene139189","DGKK","FM_03"
"fm",5,1025,145,"gene10398","MYL9","FM_04"
"fm",5,1025,146,"gene94240","EPSTI1","FM_12"
"fm",5,1025,147,"gene8131","NPRL3","FM_14"
"fm",5,1025,148,"gene2354","FOSB","FM_07"
"fm",5,1025,149,"gene54625","PARP14","FM_14"
"fm",5,1025,150,"gene26253","CLEC4E","FM_07"
"fm",5,1025,151,"gene166929","SGMS2","FM_11"
"fm",5,1025,152,"gene9619","ABCG1","FM_05"
"fm",5,1025,153,"gene10409","BASP1","FM_07"
"fm",5,1025,154,"gene2623","GATA1","FM_04"
"fm",5,1025,155,"gene948","CD36","FM_04"
"fm",5,1025,156,"gene3597","IL13RA1","FM_12"
"fm",5,1025,157,"gene5802","PTPRS","FM_03"
"fm",5,1025,158,"gene23569","PADI4","FM_13"
"fm",5,1025,159,"gene1831","TSC22D3","FM_02"
"fm",5,1025,160,"gene10578","GNLY","FM_01"
"fm",5,1025,161,"gene1088","CEACAM8","FM_02"
"fm",5,1025,162,"gene7453","WARS1","FM_04"
"fm",5,1025,163,"gene3992","FADS1","FM_01"
"fm",5,1025,164,"gene6279","S100A8","FM_01"
"fm",5,1025,165,"gene6768","ST14","FM_14"
"fm",5,1025,166,"gene147700","KLC3","FM_06"
"fm",5,1025,167,"gene2867","FFAR2","FM_05"
"fm",5,1025,168,"gene9021","SOCS3","FM_19"
"fm",5,1025,169,"gene6210","RPS15A","FM_14"
"fm",5,1025,170,"gene3674","ITGA2B","FM_05"
"fm",5,1025,171,"gene83547","RILP","FM_06"
"fm",5,1025,172,"gene729230","CCR2","FM_14"
"fm",5,1025,173,"gene5473","PPBP","FM_11"
"fm",5,1025,174,"gene3988","LIPA","FM_05"
"fm",5,1025,175,"gene7504","XK","FM_19"
"fm",5,1025,176,"gene3985","LIMK2","FM_17"
"fm",5,1025,177,"gene19","ABCA1","FM_08"
"fm",5,1025,178,"gene10498","CARM1","FM_18"
"fm",5,1025,179,"gene51465","UBE2J1","FM_20"
"fm",5,1025,180,"gene2064","ERBB2","FM_06"
"fm",5,1025,181,"gene3690","ITGB3","FM_01"
"fm",5,1025,182,"gene1066","CES1","FM_01"
"fm",5,1025,183,"gene342510","CD300E","FM_17"
"fm",5,1025,184,"gene2876","GPX1","FM_03"
"fm",5,1025,185,"gene5029","P2RY2","FM_01"
"fm",5,1025,186,"gene1236","CCR7","FM_12"
"fm",5,1025,187,"gene59269","HIVEP3","FM_15"
"fm",5,1025,188,"gene222487","ADGRG3","FM_09"
"fm",5,1025,189,"gene5037","PEBP1","FM_06"
"fm",5,1025,190,"gene4051","CYP4F3","FM_08"
"fm",5,1025,191,"gene23166","STAB1","FM_03"
"fm",5,1025,192,"gene3956","LGALS1","FM_09"
"fm",5,1025,193,"gene27244","SESN1","FM_06"
"fm",5,1025,194,"gene4066","LYL1","FM_02"
"fm",5,1025,195,"gene6283","S100A12","FM_06"
"fm",5,1025,196,"gene604","BCL6","FM_04"
"fm",5,1025,197,"gene3553","IL1B","FM_01"
"fm",5,1025,198,"gene9148","NEURL1","FM_07"
"fm",5,1025,199,"gene1240","CMKLR1","FM_03"
"fm",5,1025,200,"gene2180","ACSL1","FM_11"
"fm",5,1025,201,"gene8972","MGAM","FM_07"
"fm",5,1025,202,"gene1808","DPYSL2","FM_05"
"fm",5,1025,203,"gene2353","FOS","FM_08"
"fm",5,1025,204,"gene1521","CTSW","FM_11"
"fm",5,1025,205,"gene5920","PLAAT4","FM_08"
"fm",5,1025,206,"gene6319","SCD","FM_05"
"fm",5,1025,207,"gene973","CD79A","FM_12"
"fm",5,1025,208,"gene9256","TSPOAP1","FM_03"
"fm",5,1025,209,"gene4609","MYC","FM_13"
"fm",5,1025,210,"gene4145","MATK","FM_12"
"fm",5,1025,211,"gene10346","TRIM22","FM_04"
"fm",5,1025,212,"gene3117","HLA-DQA1","FM_11"
"fm",5,1025,213,"gene3934","LCN2","FM_18"
"fm",5,1025,214,"gene23608","MKRN1","FM_15"
"fm",5,1025,215,"gene9435","CHST2","FM_09"
"fm",5,1025,216,"gene1545","CYP1B1","FM_16"
"fm",5,1025,217,"gene92745","SLC38A5","FM_06"
"fm",5,1025,218,"gene2205","FCER1A","FM_01"
"fm",5,1025,219,"gene6133","RPL9","FM_14"
"fm",5,1025,220,"gene4035","LRP1","FM_12"
"fm",5,1025,221,"gene56994","CHPT1","FM_16"
"fm",5,1025,222,"gene338442","HCAR2","FM_18"
"fm",5,1025,223,"gene1053","CEBPE","FM_12"
"fm",5,1025,224,"gene5204","PFDN5","FM_07"
"fm",5,1025,225,"gene93010","B3GNT7","FM_12"
"fm",5,1025,226,"gene3759","KCNJ2","FM_07"
"fm",5,1025,227,"gene9510","ADAMTS1","FM_02"
"fm",5,1025,228,"gene3113","HLA-DPA1","FM_06"
"fm",5,1025,229,"gene10905","MAN1A2","FM_03"
"fm",5,1025,230,"gene3315","HSPB1","FM_14"
"fm",5,1025,231,"gene6193","RPS5","FM_07"
"fm",5,1025,232,"gene7001","PRDX2","FM_12"
"fm",5,1025,233,"gene10602","CDC42EP3","FM_14"
"fm",5,1025,234,"gene6285","S100B","FM_04"
"fm",5,1025,235,"gene196","AHR","FM_09"
"fm",5,1025,236,"gene1524","CX3CR1","FM_09"
"fm",5,1025,237,"gene9588","PRDX6","FM_04"
"fm",5,1025,238,"gene4311","MME","FM_20"
"fm",5,1025,239,"gene55831","EMC3","FM_03"
"fm",5,1025,240,"gene9935","MAFB","FM_03"
"fm",5,1025,241,"gene2015","ADGRE1","FM_11"
"fm",5,1025,242,"gene10435","CDC42EP2","FM_07"
"fm",5,1025,243,"gene2030","SLC29A1","FM_06"
"fm",5,1025,244,"gene4012","LNPEP","FM_02"
"fm",5,1025,245,"gene3162","HMOX1","FM_17"
"fm",5,1025,246,"gene51312","SLC25A37","FM_05"
"fm",5,1025,247,"gene2091","FBL","FM_04"
"fm",5,1025,248,"gene5196","PF4","FM_06"
"fm",5,1025,249,"gene3820","KLRB1","FM_08"
"fm",5,1025,250,"gene23129","PLXND1","FM_14"
"fm",5,1025,251,"gene59283","CACNG8","FM_19"
"fm",5,1025,252,"gene84034","EMILIN2","FM_16"
"fm",5,1025,253,"gene6231","RPS26","FM_02"
"fm",5,1025,254,"gene6235","RPS29","FM_13"
"fm",5,1025,255,"gene90480","GADD45GIP1","FM_05"
"fm",5,1025,256,"gene64407","RGS18","FM_01"
"fm",5,1025,257,"gene5144","PDE4D","FM_19"
"fm",5,1025,258,"gene84333","PCGF5","FM_12"
"fm",5,1025,259,"gene203","AK1","FM_03"
"fm",5,1025,260,"gene3560","IL2RB","FM_13"
"fm",5,1025,261,"gene5866","RAB3IL1","FM_02"
"fm",5,1025,262,"gene925","CD8A","FM_01"
"fm",5,1025,263,"gene939","CD27","FM_02"
"fm",5,1025,264,"gene1028","CDKN1C","FM_08"
"fm",5,1025,265,"gene11224","RPL35","FM_02"
"fm",5,1025,266,"gene7850","IL1R2","FM_08"
"fm",5,1025,267,"gene54438","GFOD1","FM_17"
"fm",5,1025,268,"gene7045","TGFBI","FM_16"
"fm",5,1025,269,"gene83716","CRISPLD2","FM_02"
"fm",5,1025,270,"gene5729","PTGDR","FM_15"
"fm",5,1025,271,"gene2791","GNG11","FM_12"
"fm",5,1025,272,"gene2812","GP1BB","FM_15"
"fm",5,1025,273,"gene3067","HDC","FM_01"
"fm",5,1025,274,"gene1595","CYP51A1","FM_17"
"fm",5,1025,275,"gene54543","TOMM7","FM_20"
"fm",5,1025,276,"gene116844","LRG1","FM_08"
"fm",5,1025,277,"gene7264","GFUS","FM_16"
"fm",5,1025,278,"gene83666","PARP9","FM_12"
"fm",5,1025,279,"gene6222","RPS18","FM_03"
"fm",5,1025,280,"gene9491","PSMF1","FM_02"
"fm",5,1025,281,"gene596","BCL2","FM_10"
"fm",5,1025,282,"gene6234","RPS28","FM_01"
"fm",5,1025,283,"gene2288","FKBP4","FM_03"
"fm",5,1025,284,"gene6590","SLPI","FM_01"
"fm",5,1025,285,"gene896","CCND3","FM_03"
"fm",5,1025,286,"gene3792","KEL","FM_16"
"fm",5,1025,287,"gene259197","NCR3","FM_01"
"fm",5,1025,288,"gene401258","RAB44","FM_03"
"fm",5,1025,289,"gene6208","RPS14","FM_01"
"fm",5,1025,290,"gene8685","MARCO","FM_13"
"fm",5,1025,291,"gene131870","NUDT16","FM_15"
"fm",5,1025,292,"gene8807","IL18RAP","FM_09"
"fm",5,1025,293,"gene27343","POLL","FM_01"
"fm",5,1025,294,"gene8671","SLC4A4","FM_06"
"fm",5,1025,295,"gene100133941","CD24","FM_11"
"fm",5,1025,296,"gene9997","SCO2","FM_05"
"fm",5,1025,297,"gene6510","SLC1A5","FM_12"
"fm",5,1025,298,"gene6708","SPTA1","FM_07"
"fm",5,1025,299,"gene8911","CACNA1I","FM_14"
"fm",5,1025,300,"gene57823","SLAMF7","FM_13"
"fm",5,1025,301,"gene9976","CLEC2B","FM_01"
"fm",5,1025,302,"gene6678","SPARC","FM_15"
"fm",5,1025,303,"gene6223","RPS19","FM_02"
"fm",5,1025,304,"gene1191","CLU","FM_07"
"fm",5,1025,305,"gene23365","ARHGEF12","FM_08"
"fm",5,1025,306,"gene6726","SRP9","FM_05"
"fm",5,1025,307,"gene3122","HLA-DRA","FM_08"
"fm",5,1025,308,"gene926","CD8B","FM_15"
"fm",5,1025,309,"gene6633","SNRPD2","FM_17"
"fm",5,1025,310,"gene81027","TUBB1","FM_15"
"fm",5,1025,311,"gene6773","STAT2","FM_02"
"fm",5,1025,312,"gene6281","S100A10","FM_13"
"fm",5,1025,313,"gene5997","RGS2","FM_16"
"fm",5,1025,314,"gene7226","TRPM2","FM_16"
"fm",5,1025,315,"gene129685","TAF8","FM_13"
"fm",5,1025,316,"gene8460","TPST1","FM_06"
"fm",5,1025,317,"gene4082","MARCKS","FM_11"
"fm",5,1025,318,"gene80097","MZT2B","FM_11"
"fm",5,1025,319,"gene22934","RPIA","FM_15"
"fm",5,1025,320,"gene4354","MPP1","FM_07"
"fm",5,1025,321,"gene388","RHOB","FM_10"
"fm",5,1025,322,"gene9246","UBE2L6","FM_07"
"fm",5,1025,323,"gene7852","CXCR4","FM_11"
"fm",5,1025,324,"gene80310","PDGFD","FM_17"
"fm",5,1025,325,"gene10622","POLR3G","FM_04"
"fm",5,1025,326,"gene10135","NAMPT","FM_15"
"fm",5,1025,327,"gene4778","NFE2","FM_03"
"fm",5,1025,328,"gene160364","CLEC12A","FM_02"
"fm",5,1025,329,"gene1912","PHC2","FM_13"
"fm",5,1025,330,"gene10663","CXCR6","FM_11"
"fm",5,1025,331,"gene9437","NCR1","FM_20"
"fm",5,1025,332,"gene84649","DGAT2","FM_03"
"fm",5,1025,333,"gene2624","GATA2","FM_09"
"fm",5,1025,334,"gene3326","HSP90AB1","FM_08"
"fm",5,1025,335,"gene5079","PAX5","FM_01"
"fm",5,1025,336,"gene5208","PFKFB2","FM_05"
"fm",5,1025,337,"gene353189","SLCO4C1","FM_03"
"fm",5,1025,338,"gene3945","LDHB","FM_17"
"fm",5,1025,339,"gene84174","SLA2","FM_11"
"fm",5,1025,340,"gene3821","KLRC1","FM_04"
"fm",5,1025,341,"gene356","FASLG","FM_04"
"fm",5,1025,342,"gene59352","LGR6","FM_19"
"fm",5,1025,343,"gene6201","RPS7","FM_08"
"fm",5,1025,344,"gene6164","RPL34","FM_02"
"fm",5,1025,345,"gene3921","RPSA","FM_09"
"fm",5,1025,346,"gene3576","CXCL8","FM_02"
"fm",5,1025,347,"gene6227","RPS21","FM_03"
"fm",5,1025,348,"gene7915","ALDH5A1","FM_06"
"fm",5,1025,349,"gene684","BST2","FM_01"
"fm",5,1025,350,"gene80781","COL18A1","FM_11"
"fm",5,1025,351,"gene6934","TCF7L2","FM_09"
"fm",5,1025,352,"gene338440","ANO9","FM_12"
"fm",5,1025,353,"gene80216","ALPK1","FM_04"
"fm",5,1025,354,"gene6515","SLC2A3","FM_05"
"fm",5,1025,355,"gene1933","EEF1B2","FM_13"
"fm",5,1025,356,"gene400916","CHCHD10","FM_11"
"fm",5,1025,357,"gene79689","STEAP4","FM_12"
"fm",5,1025,358,"gene726","CAPN5","FM_05"
"fm",5,1025,359,"gene729359","PLIN4","FM_07"
"fm",5,1025,360,"gene57610","RANBP10","FM_05"
"fm",5,1025,361,"gene4064","CD180","FM_02"
"fm",5,1025,362,"gene25873","RPL36","FM_13"
"fm",5,1025,363,"gene1847","DUSP5","FM_10"
"fm",5,1025,364,"gene8291","DYSF","FM_10"
"fm",5,1025,365,"gene51523","CXXC5","FM_15"
"fm",5,1025,366,"gene3070","HELLS","FM_05"
"fm",5,1025,367,"gene6036","RNASE2","FM_06"
"fm",5,1025,368,"gene11123","RCAN3","FM_08"
"fm",5,1025,369,"gene10581","IFITM2","FM_08"
"fm",5,1025,370,"gene50509","COL5A3","FM_17"
"fm",5,1025,371,"gene9975","NR1D2","FM_17"
"fm",5,1025,372,"gene5464","PPA1","FM_13"
"fm",5,1025,373,"gene140803","TRPM6","FM_02"
"fm",5,1025,374,"gene6846","XCL2","FM_16"
"fm",5,1025,375,"gene4537","MT-ND3","FM_09"
"fm",5,1025,376,"gene3490","IGFBP7","FM_15"
"fm",5,1025,377,"gene84766","CRACR2A","FM_05"
"fm",5,1025,378,"gene944","TNFSF8","FM_04"
"fm",5,1025,379,"gene366","AQP9","FM_03"
"fm",5,1025,380,"gene9934","P2RY14","FM_10"
"fm",5,1025,381,"gene7846","TUBA1A","FM_03"
"fm",5,1025,382,"gene6478","SIAH2","FM_01"
"fm",5,1025,383,"gene6171","RPL41","FM_01"
"fm",5,1025,384,"gene6152","RPL24","FM_03"
"fm",5,1025,385,"gene360","AQP3","FM_15"
"fm",5,1025,386,"gene2214","FCGR3A","FM_09"
"fm",5,1025,387,"gene3004","GZMM","FM_09"
"fm",5,1025,388,"gene5494","PPM1A","FM_07"
"fm",5,1025,389,"gene1232","CCR3","FM_07"
"fm",5,1025,390,"gene4953","ODC1","FM_14"
"fm",5,1025,391,"gene3274","HRH2","FM_01"
"fm",5,1025,392,"gene5577","PRKAR2B","FM_09"
"fm",5,1025,393,"gene9254","CACNA2D2","FM_09"
"fm",5,1025,394,"gene915","CD3D","FM_18"
"fm",5,1025,395,"gene3123","HLA-DRB1","FM_01"
"fm",5,1025,396,"gene154","ADRB2","FM_01"
"fm",5,1025,397,"gene929","CD14","FM_08"
"fm",5,1025,398,"gene3577","CXCR1","FM_17"
"fm",5,1025,399,"gene1880","GPR183","FM_08"
"fm",5,1025,400,"gene6204","RPS10","FM_01"
"fm",5,1025,401,"gene6224","RPS20","FM_06"
"fm",5,1025,402,"gene126231","ZNF573","FM_17"
"fm",5,1025,403,"gene57514","ARHGAP31","FM_10"
"fm",5,1025,404,"gene31","ACACA","FM_01"
"fm",5,1025,405,"gene1870","E2F2","FM_05"
"fm",5,1025,406,"gene10449","ACAA2","FM_12"
"fm",5,1025,407,"gene114907","FBXO32","FM_01"
"fm",5,1025,408,"gene6139","RPL17","FM_09"
"fm",5,1025,409,"gene79887","PLBD1","FM_08"
"fm",5,1025,410,"gene2793","GNGT2","FM_13"
"fm",5,1025,411,"gene2059","EPS8","FM_03"
"fm",5,1025,412,"gene8334","H2AC6","FM_01"
"fm",5,1025,413,"gene3613","IMPA2","FM_03"
"fm",5,1025,414,"gene170622","COMMD6","FM_16"
"fm",5,1025,415,"gene2550","GABBR1","FM_19"
"fm",5,1025,416,"gene3572","IL6ST","FM_08"
"fm",5,1025,417,"gene2950","GSTP1","FM_11"
"fm",5,1025,418,"gene2081","ERN1","FM_06"
"fm",5,1025,419,"gene4792","NFKBIA","FM_04"
"fm",5,1025,420,"gene9398","CD101","FM_01"
"fm",5,1025,421,"gene3028","HSD17B10","FM_17"
"fm",5,1025,422,"gene6241","RRM2","FM_16"
"fm",5,1025,423,"gene23401","FRAT2","FM_14"
"fm",5,1025,424,"gene8794","TNFRSF10C","FM_10"
"fm",5,1025,425,"gene22800","RRAS2","FM_04"
"fm",5,1025,426,"gene3398","ID2","FM_04"
"fm",5,1025,427,"gene4068","SH2D1A","FM_02"
"fm",5,1025,428,"gene6286","S100P","FM_01"
"fm",5,1025,429,"gene157285","PRAG1","FM_02"
"fm",5,1025,430,"gene3340","NDST1","FM_16"
"fm",5,1025,431,"gene85441","HELZ2","FM_07"
"fm",5,1025,432,"gene6144","RPL21","FM_18"
"fm",5,1025,433,"gene8638","OASL","FM_08"
"fm",5,1025,434,"gene54407","SLC38A2","FM_09"
"fm",5,1025,435,"gene81794","ADAMTS10","FM_01"
"fm",5,1025,436,"gene6272","SORT1","FM_15"
"fm",5,1025,437,"gene445582","POTEE","FM_02"
"fm",5,1025,438,"gene1345","COX6C","FM_11"
"fm",5,1025,439,"gene6146","RPL22","FM_18"
"fm",5,1025,440,"gene514","ATP5F1E","FM_19"
"fm",5,1025,441,"gene6155","RPL27","FM_05"
"fm",5,1025,442,"gene6160","RPL31","FM_04"
"fm",5,1025,443,"gene162966","ZNF600","FM_11"
"fm",5,1025,444,"gene3728","JUP","FM_09"
"fm",5,1025,445,"gene26289","AK5","FM_07"
"fm",5,1025,446,"gene2768","GNA12","FM_09"
"fm",5,1025,447,"gene26268","FBXO9","FM_12"
"fm",5,1025,448,"gene6647","SOD1","FM_02"
"fm",5,1025,449,"gene7320","UBE2B","FM_17"
"fm",5,1025,450,"gene3430","IFI35","FM_03"
"fm",5,1025,451,"gene389","RHOC","FM_12"
"fm",5,1025,452,"gene4261","CIITA","FM_12"
"fm",5,1025,453,"gene65018","PINK1","FM_07"
"fm",5,1025,454,"gene146850","PIK3R6","FM_10"
"fm",5,1025,455,"gene301","ANXA1","FM_05"
"fm",5,1025,456,"gene63893","UBE2O","FM_12"
"fm",5,1025,457,"gene6886","TAL1","FM_05"
"fm",5,1025,458,"gene54498","SMOX","FM_06"
"fm",5,1025,459,"gene57630","SH3RF1","FM_08"
"fm",5,1025,460,"gene1471","CST3","FM_16"
"fm",5,1025,461,"gene56005","MYDGF","FM_10"
"fm",5,1025,462,"gene8536","CAMK1","FM_14"
"fm",5,1025,463,"gene10219","KLRG1","FM_04"
"fm",5,1025,464,"gene5052","PRDX1","FM_10"
"fm",5,1025,465,"gene838","CASP5","FM_08"
"fm",5,1025,466,"gene682","BSG","FM_01"
"fm",5,1025,467,"gene3164","NR4A1","FM_16"
"fm",5,1025,468,"gene1475","CSTA","FM_02"
"fm",5,1025,469,"gene5610","EIF2AK2","FM_20"
"fm",5,1025,470,"gene6352","CCL5","FM_15"
"fm",5,1025,471,"gene2634","GBP2","FM_03"
"fm",5,1025,472,"gene5721","PSME2","FM_14"
"fm",5,1025,473,"gene127933","UHMK1","FM_05"
"fm",5,1025,474,"gene6168","RPL37A","FM_14"
"fm",5,1025,475,"gene3115","HLA-DPB1","FM_06"
"fm",5,1025,476,"gene8718","TNFRSF25","FM_10"
"fm",5,1025,477,"gene80727","TTYH3","FM_15"
"fm",5,1025,478,"gene221472","FGD2","FM_19"
"fm",5,1025,479,"gene1350","COX7C","FM_17"
"fm",5,1025,480,"gene6641","SNTB1","FM_06"
"fm",5,1025,481,"gene4900","NRGN","FM_03"
"fm",5,1025,482,"gene5141","PDE4A","FM_01"
"fm",5,1025,483,"gene5027","P2RX7","FM_09"
"fm",5,1025,484,"gene219333","USP12","FM_16"
"fm",5,1025,485,"gene302","ANXA2","FM_16"
"fm",5,1025,486,"gene4353","MPO","FM_01"
"fm",5,1025,487,"gene8724","SNX3","FM_09"
"fm",5,1025,488,"gene25801","GCA","FM_04"
"fm",5,1025,489,"gene968","CD68","FM_14"
"fm",5,1025,490,"gene122416","ANKRD9","FM_14"
"fm",5,1025,491,"gene2153","F5","FM_01"
"fm",5,1025,492,"gene9531","BAG3","FM_08"
"fm",5,1025,493,"gene23191","CYFIP1","FM_04"
"fm",5,1025,494,"gene8787","RGS9","FM_07"
"fm",5,1025,495,"gene6280","S100A9","FM_09"
"fm",5,1025,496,"gene54790","TET2","FM_12"
"fm",5,1025,497,"gene1116","CHI3L1","FM_02"
"fm",5,1025,498,"gene6194","RPS6","FM_01"
"fm",5,1025,499,"gene6154","RPL26","FM_18"
"fm",5,1025,500,"gene22914","KLRK1","FM_14"
"fm",5,1025,501,"gene1593","CYP27A1","FM_16"
"fm",5,1025,502,"gene91319","DERL3","FM_20"
"fm",5,1025,503,"gene3646","EIF3E","FM_06"
"fm",5,1025,504,"gene6206","RPS12","FM_04"
"fm",5,1025,505,"gene321","APBA2","FM_08"
"fm",5,1025,506,"gene7273","TTN","FM_04"
"fm",5,1025,507,"gene8875","VNN2","FM_06"
"fm",5,1025,508,"gene28996","HIPK2","FM_03"
"fm",5,1025,509,"gene1512","CTSH","FM_05"
"fm",5,1025,510,"gene25824","PRDX5","FM_15"
"fm",5,1025,511,"gene10963","STIP1","FM_05"
"fm",5,1025,512,"gene217","ALDH2","FM_04"
"fm",5,1025,513,"gene114879","OSBPL5","FM_05"
"fm",5,1025,514,"gene25956","SEC31B","FM_19"
"fm",5,1025,515,"gene3566","IL4R","FM_01"
"fm",5,1025,516,"gene4833","NME4","FM_03"
"fm",5,1025,517,"gene133522","PPARGC1B","FM_02"
"fm",5,1025,518,"gene5140","PDE3B","FM_09"
"fm",5,1025,519,"gene55432","YOD1","FM_02"
"fm",5,1025,520,"gene1675","CFD","FM_01"
"fm",5,1025,521,"gene23475","QPRT","FM_04"
"fm",5,1025,522,"gene330","BIRC3","FM_06"
"fm",5,1025,523,"gene3925","STMN1","FM_10"
"fm",5,1025,524,"gene3693","ITGB5","FM_10"
"fm",5,1025,525,"gene6175","RPLP0","FM_05"
"fm",5,1025,526,"gene6161","RPL32","FM_11"
"fm",5,1025,527,"gene7311","UBA52","FM_10"
"fm",5,1025,528,"gene4831","NME2","FM_04"
"fm",5,1025,529,"gene6141","RPL18","FM_05"
"fm",5,1025,530,"gene6713","SQLE","FM_03"
"fm",5,1025,531,"gene8905","AP1S2","FM_06"
"fm",5,1025,532,"gene4303","FOXO4","FM_14"
"fm",5,1025,533,"gene8669","EIF3J","FM_05"
"fm",5,1025,534,"gene146330","FBXL16","FM_06"
"fm",5,1025,535,"gene6165","RPL35A","FM_12"
"fm",5,1025,536,"gene4502","MT2A","FM_02"
"fm",5,1025,537,"gene22885","ABLIM3","FM_01"
"fm",5,1025,538,"gene513","ATP5F1D","FM_15"
"fm",5,1025,539,"gene51734","MSRB1","FM_07"
"fm",5,1025,540,"gene10871","CD300C","FM_11"
"fm",5,1025,541,"gene6228","RPS23","FM_07"
"fm",5,1025,542,"gene143686","SESN3","FM_04"
"fm",5,1025,543,"gene51024","FIS1","FM_04"
"fm",5,1025,544,"gene6191","RPS4X","FM_03"
"fm",5,1025,545,"gene2781","GNAZ","FM_06"
"fm",5,1025,546,"gene6001","RGS10","FM_20"
"fm",5,1025,547,"gene84874","ZNF514","FM_01"
"fm",5,1025,548,"gene84131","CEP78","FM_07"
"fm",5,1025,549,"gene4605","MYBL2","FM_01"
"fm",5,1025,550,"gene3822","KLRC2","FM_15"
"fm",5,1025,551,"gene8140","SLC7A5","FM_17"
"fm",5,1025,552,"gene2048","EPHB2","FM_13"
"fm",5,1025,553,"gene3394","IRF8","FM_04"
"fm",5,1025,554,"gene80139","ZNF703","FM_02"
"fm",5,1025,555,"gene5727","PTCH1","FM_03"
"fm",5,1025,556,"gene6721","SREBF2","FM_02"
"fm",5,1025,557,"gene6648","SOD2","FM_14"
"fm",5,1025,558,"gene5836","PYGL","FM_01"
"fm",5,1025,559,"gene2947","GSTM3","FM_07"
"fm",5,1025,560,"gene4345","CD200","FM_08"
"fm",5,1025,561,"gene151742","PPM1L","FM_18"
"fm",5,1025,562,"gene340205","TREML1","FM_02"
"fm",5,1025,563,"gene708","C1QBP","FM_01"
"fm",5,1025,564,"gene7169","TPM2","FM_08"
"fm",5,1025,565,"gene6202","RPS8","FM_05"
"fm",5,1025,566,"gene3480","IGF1R","FM_18"
"fm",5,1025,567,"gene66002","CYP4F12","FM_09"
"fm",5,1025,568,"gene388931","MFSD2B","FM_08"
"fm",5,1025,569,"gene133","ADM","FM_13"
"fm",5,1025,570,"gene6147","RPL23A","FM_05"
"fm",5,1025,571,"gene3579","CXCR2","FM_19"
"fm",5,1025,572,"gene6142","RPL18A","FM_02"
"fm",5,1025,573,"gene4282","MIF","FM_16"
"fm",5,1025,574,"gene3336","HSPE1","FM_10"
"fm",5,1025,575,"gene4773","NFATC2","FM_03"
"fm",5,1025,576,"gene2787","GNG5","FM_03"
"fm",5,1025,577,"gene10437","IFI30","FM_11"
"fm",5,1025,578,"gene161882","ZFPM1","FM_07"
"fm",5,1025,579,"gene2357","FPR1","FM_08"
"fm",5,1025,580,"gene6635","SNRPE","FM_01"
"fm",5,1025,581,"gene56975","FAM20C","FM_02"
"fm",5,1025,582,"gene2162","F13A1","FM_08"
"fm",5,1025,583,"gene9231","DLG5","FM_19"
"fm",5,1025,584,"gene10859","LILRB1","FM_07"
"fm",5,1025,585,"gene933","CD22","FM_07"
"fm",5,1025,586,"gene942","CD86","FM_15"
"fm",5,1025,587,"gene9145","SYNGR1","FM_02"
"fm",5,1025,588,"gene2058","EPRS1","FM_09"
"fm",5,1025,589,"gene6556","SLC11A1","FM_18"
"fm",5,1025,590,"gene6217","RPS16","FM_02"
"fm",5,1025,591,"gene80012","PHC3","FM_20"
"fm",5,1025,592,"gene2776","GNAQ","FM_03"
"fm",5,1025,593,"gene6169","RPL38","FM_14"
"fm",5,1025,594,"gene117155","CATSPER2","FM_13"
"fm",5,1025,595,"gene25946","ZNF385A","FM_10"
"fm",5,1025,596,"gene134429","STARD4","FM_13"
"fm",5,1025,597,"gene3556","IL1RAP","FM_06"
"fm",5,1025,598,"gene7128","TNFAIP3","FM_04"
"fm",5,1025,599,"gene6159","RPL29","FM_04"
"fm",5,1025,600,"gene9194","SLC16A7","FM_10"
"fm",5,1025,601,"gene275","AMT","FM_13"
"fm",5,1025,602,"gene5567","PRKACB","FM_07"
"fm",5,1025,603,"gene83988","NCALD","FM_15"
"fm",5,1025,604,"gene9580","SOX13","FM_09"
"fm",5,1025,605,"gene4708","NDUFB2","FM_16"
"fm",5,1025,606,"gene3575","IL7R","FM_11"
"fm",5,1025,607,"gene4830","NME1","FM_06"
"fm",5,1025,608,"gene27287","VENTX","FM_04"
"fm",5,1025,609,"gene55423","SIRPG","FM_12"
"fm",5,1025,610,"gene4646","MYO6","FM_10"
"fm",5,1025,611,"gene58477","SRPRB","FM_08"
"fm",5,1025,612,"gene6188","RPS3","FM_09"
"fm",5,1025,613,"gene54583","EGLN1","FM_20"
"fm",5,1025,614,"gene1163","CKS1B","FM_11"
"fm",5,1025,615,"gene5732","PTGER2","FM_10"
"fm",5,1025,616,"gene306","ANXA3","FM_03"
"fm",5,1025,617,"gene1043","CD52","FM_08"
"fm",5,1025,618,"gene7203","CCT3","FM_07"
"fm",5,1025,619,"gene2206","MS4A2","FM_18"
"fm",5,1025,620,"gene6173","RPL36A","FM_15"
"fm",5,1025,621,"gene79071","ELOVL6","FM_03"
"fm",5,1025,622,"gene6039","RNASE6","FM_08"
"fm",5,1025,623,"gene123","PLIN2","FM_09"
"fm",5,1025,624,"gene8541","PPFIA3","FM_03"
"fm",5,1025,625,"gene1890","TYMP","FM_02"
"fm",5,1025,626,"gene3386","ICAM4","FM_15"
"fm",5,1025,627,"gene3595","IL12RB2","FM_14"
"fm",5,1025,628,"gene9045","RPL14","FM_15"
"fm",5,1025,629,"gene55466","DNAJA4","FM_07"
"fm",5,1025,630,"gene5966","REL","FM_10"
"fm",5,1025,631,"gene54210","TREM1","FM_01"
"fm",5,1025,632,"gene4638","MYLK","FM_08"
"fm",5,1025,633,"gene3717","JAK2","FM_09"
"fm",5,1025,634,"gene2309","FOXO3","FM_15"
"fm",5,1025,635,"gene140807","KRT72","FM_01"
"fm",5,1025,636,"gene8320","EOMES","FM_05"
"fm",5,1025,637,"gene6207","RPS13","FM_07"
"fm",5,1025,638,"gene2201","FBN2","FM_06"
"fm",5,1025,639,"gene3486","IGFBP3","FM_15"
"fm",5,1025,640,"gene79834","PEAK1","FM_02"
"fm",5,1025,641,"gene57698","SHTN1","FM_17"
"fm",5,1025,642,"gene463","ZFHX3","FM_02"
"fm",5,1025,643,"gene6375","XCL1","FM_05"
"fm",5,1025,644,"gene57654","UVSSA","FM_05"
"fm",5,1025,645,"gene539","ATP5PO","FM_08"
"fm",5,1025,646,"gene597","BCL2A1","FM_02"
"fm",5,1025,647,"gene719","C3AR1","FM_01"
"fm",5,1025,648,"gene83999","KREMEN1","FM_16"
"fm",5,1025,649,"gene56172","ANKH","FM_07"
"fm",5,1025,650,"gene710","SERPING1","FM_01"
"fm",5,1025,651,"gene10462","CLEC10A","FM_12"
"fm",5,1025,652,"gene6209","RPS15","FM_01"
"fm",5,1025,653,"gene527","ATP6V0C","FM_01"
"fm",5,1025,654,"gene81030","ZBP1","FM_05"
"fm",5,1025,655,"gene6095","RORA","FM_19"
"fm",5,1025,656,"gene1051","CEBPB","FM_07"
"fm",5,1025,657,"gene6233","RPS27A","FM_10"
"fm",5,1025,658,"gene5901","RAN","FM_02"
"fm",5,1025,659,"gene9170","LPAR2","FM_04"
"fm",5,1025,660,"gene2317","FLNB","FM_07"
"fm",5,1025,661,"gene2203","FBP1","FM_06"
"fm",5,1025,662,"gene2017","CTTN","FM_07"
"fm",5,1025,663,"gene6218","RPS17","FM_02"
"fm",5,1025,664,"gene192286","HIGD2A","FM_03"
"fm",5,1025,665,"gene259173","ALS2CL","FM_01"
"fm",5,1025,666,"gene10549","PRDX4","FM_12"
"fm",5,1025,667,"gene23547","LILRA4","FM_06"
"fm",5,1025,668,"gene353","APRT","FM_17"
"fm",5,1025,669,"gene51389","RWDD1","FM_02"
"fm",5,1025,670,"gene100996939","PYURF","FM_11"
"fm",5,1025,671,"gene84992","PIGY","FM_05"
"fm",5,1025,672,"gene59285","CACNG6","FM_19"
"fm",5,1025,673,"gene940","CD28","FM_12"
"fm",5,1025,674,"gene760","CA2","FM_09"
"fm",5,1025,675,"gene2760","GM2A","FM_02"
"fm",5,1025,676,"gene8349","H2BC21","FM_02"
"fm",5,1025,677,"gene978","CDA","FM_11"
"fm",5,1025,678,"gene2790","GNG10","FM_02"
"fm",5,1025,679,"gene54843","SYTL2","FM_18"
"fm",5,1025,680,"gene10870","HCST","FM_04"
"fm",5,1025,681,"gene671","BPI","FM_08"
"fm",5,1025,682,"gene27102","EIF2AK1","FM_13"
"fm",5,1025,683,"gene3772","KCNJ15","FM_02"
"fm",5,1025,684,"gene1436","CSF1R","FM_07"
"fm",5,1025,685,"gene728294","D2HGDH","FM_01"
"fm",5,1025,686,"gene6167","RPL37","FM_01"
"fm",5,1025,687,"gene6134","RPL10","FM_08"
"fm",5,1025,688,"gene8714","ABCC3","FM_01"
"fm",5,1025,689,"gene6125","RPL5","FM_15"
"fm",5,1025,690,"gene56953","NT5M","FM_05"
"fm",5,1025,691,"gene8482","SEMA7A","FM_14"
"fm",5,1025,692,"gene64759","TNS3","FM_12"
"fm",5,1025,693,"gene90990","KIFC2","FM_07"
"fm",5,1025,694,"gene2194","FASN","FM_08"
"fm",5,1025,695,"gene4736","RPL10A","FM_06"
"fm",5,1025,696,"gene974","CD79B","FM_08"
"fm",5,1025,697,"gene4869","NPM1","FM_03"
"fm",5,1025,698,"gene5016","OVGP1","FM_02"
"fm",5,1025,699,"gene3590","IL11RA","FM_05"
"fm",5,1025,700,"gene23645","PPP1R15A","FM_17"
"fm",5,1025,701,"gene23677","SH3BP4","FM_08"
"fm",5,1025,702,"gene155066","ATP6V0E2","FM_09"
"fm",5,1025,703,"gene8993","PGLYRP1","FM_01"
"fm",5,1025,704,"gene4069","LYZ","FM_18"
"fm",5,1025,705,"gene1848","DUSP6","FM_01"
"fm",5,1025,706,"gene1717","DHCR7","FM_08"
"fm",5,1025,707,"gene55967","NDUFA12","FM_02"
"fm",5,1025,708,"gene30817","ADGRE2","FM_03"
"fm",5,1025,709,"gene643","CXCR5","FM_15"
"fm",5,1025,710,"gene10857","PGRMC1","FM_04"
"fm",5,1025,711,"gene1312","COMT","FM_10"
"fm",5,1025,712,"gene51386","EIF3L","FM_03"
"fm",5,1025,713,"gene1536","CYBB","FM_10"
"fm",5,1025,714,"gene8740","TNFSF14","FM_07"
"fm",5,1025,715,"gene27339","PRPF19","FM_09"
"fm",5,1025,716,"gene84443","FRMPD3","FM_03"
"fm",5,1025,717,"gene5621","PRNP","FM_11"
"fm",5,1025,718,"gene3903","LAIR1","FM_09"
"fm",5,1025,719,"gene3312","HSPA8","FM_11"
"fm",5,1025,720,"gene1803","DPP4","FM_18"
"fm",5,1025,721,"gene23586","RIGI","FM_03"
"fm",5,1025,722,"gene23327","NEDD4L","FM_16"
"fm",5,1025,723,"gene3091","HIF1A","FM_07"
"fm",5,1025,724,"gene57571","CARNS1","FM_03"
"fm",5,1025,725,"gene89790","SIGLEC10","FM_18"
"fm",5,1025,726,"gene8111","GPR68","FM_01"
"fm",5,1025,727,"gene4660","PPP1R12B","FM_01"
"fm",5,1025,728,"gene64425","POLR1E","FM_16"
"fm",5,1025,729,"gene10728","PTGES3","FM_01"
"fm",5,1025,730,"gene140809","SRXN1","FM_17"
"fm",5,1025,731,"gene23250","ATP11A","FM_08"
"fm",5,1025,732,"gene8821","INPP4B","FM_06"
"fm",5,1025,733,"gene57162","PELI1","FM_13"
"fm",5,1025,734,"gene6137","RPL13","FM_06"
"fm",5,1025,735,"gene4000","LMNA","FM_17"
"fm",5,1025,736,"gene5209","PFKFB3","FM_07"
"fm",5,1025,737,"gene56993","TOMM22","FM_17"
"fm",5,1025,738,"gene7090","TLE3","FM_04"
"fm",5,1025,739,"gene7494","XBP1","FM_03"
"fm",5,1025,740,"gene718","C3","FM_05"
"fm",5,1025,741,"gene64167","ERAP2","FM_03"
"fm",5,1025,742,"gene2149","F2R","FM_16"
"fm",5,1025,743,"gene81857","MED25","FM_19"
"fm",5,1025,744,"gene1891","ECH1","FM_06"
"fm",5,1025,745,"gene8673","VAMP8","FM_07"
"fm",5,1025,746,"gene6720","SREBF1","FM_08"
"fm",5,1025,747,"gene8607","RUVBL1","FM_04"
"fm",5,1025,748,"gene8682","PEA15","FM_19"
"fm",5,1025,749,"gene10055","SAE1","FM_05"
"fm",5,1025,750,"gene85439","STON2","FM_10"
"fm",5,1025,751,"gene10913","EDAR","FM_18"
"fm",5,1025,752,"gene6843","VAMP1","FM_04"
"fm",5,1025,753,"gene3557","IL1RN","FM_13"
"fm",5,1025,754,"gene5603","MAPK13","FM_02"
"fm",5,1025,755,"gene28984","RGCC","FM_03"
"fm",5,1025,756,"gene319101","KRT73","FM_12"
"fm",5,1025,757,"gene1296","COL8A2","FM_15"
"fm",5,1025,758,"gene27242","TNFRSF21","FM_11"
"fm",5,1025,759,"gene10051","SMC4","FM_02"
"fm",5,1025,760,"gene8780","RIOK3","FM_02"
"fm",5,1025,761,"gene55558","PLXNA3","FM_03"
"fm",5,1025,762,"gene6138","RPL15","FM_13"
"fm",5,1025,763,"gene55704","CCDC88A","FM_07"
"fm",5,1025,764,"gene6513","SLC2A1","FM_02"
"fm",5,1025,765,"gene1622","DBI","FM_07"
"fm",5,1025,766,"gene4171","MCM2","FM_15"
"fm",5,1025,767,"gene64981","MRPL34","FM_11"
"fm",5,1025,768,"gene23136","EPB41L3","FM_02"
"fm",5,1025,769,"gene9450","LY86","FM_01"
"fm",5,1025,770,"gene6176","RPLP1","FM_13"
"fm",5,1025,771,"gene23305","ACSL6","FM_01"
"fm",5,1025,772,"gene64386","MMP25","FM_17"
"fm",5,1025,773,"gene6230","RPS25","FM_04"
"fm",5,1025,774,"gene10276","NET1","FM_10"
"fm",5,1025,775,"gene80739","MPIG6B","FM_03"
"fm",5,1025,776,"gene10875","FGL2","FM_10"
"fm",5,1025,777,"gene56261","GPCPD1","FM_01"
"fm",5,1025,778,"gene24138","IFIT5","FM_09"
"fm",5,1025,779,"gene2053","EPHX2","FM_20"
"fm",5,1025,780,"gene80005","DOCK5","FM_07"
"fm",5,1025,781,"gene79888","LPCAT1","FM_12"
"fm",5,1025,782,"gene29107","NXT1","FM_19"
"fm",5,1025,783,"gene4193","MDM2","FM_17"
"fm",5,1025,784,"gene2358","FPR2","FM_16"
"fm",5,1025,785,"gene10161","LPAR6","FM_08"
"fm",5,1025,786,"gene9759","HDAC4","FM_09"
"fm",5,1025,787,"gene10654","PMVK","FM_20"
"fm",5,1025,788,"gene84254","CAMKK1","FM_05"
"fm",5,1025,789,"gene1378","CR1","FM_07"
"fm",5,1025,790,"gene10575","CCT4","FM_07"
"fm",5,1025,791,"gene53834","FGFRL1","FM_07"
"fm",5,1025,792,"gene3459","IFNGR1","FM_01"
"fm",5,1025,793,"gene22918","CD93","FM_06"
"fm",5,1025,794,"gene2281","FKBP1B","FM_19"
"fm",5,1025,795,"gene84628","NTNG2","FM_03"
"fm",5,1025,796,"gene94015","TTYH2","FM_16"
"fm",5,1025,797,"gene6923","ELOB","FM_17"
"fm",5,1025,798,"gene253260","RICTOR","FM_12"
"fm",5,1025,799,"gene7476","WNT7A","FM_04"
"fm",5,1025,800,"gene10516","FBLN5","FM_12"
"fm",5,1025,801,"gene917","CD3G","FM_10"
"fm",5,1025,802,"gene3014","H2AX","FM_15"
"fm",5,1025,803,"gene2197","FAU","FM_14"
"fm",5,1025,804,"gene5087","PBX1","FM_12"
"fm",5,1025,805,"gene5245","PHB1","FM_04"
"fm",5,1025,806,"gene10783","NEK6","FM_08"
"fm",5,1025,807,"gene55827","DCAF6","FM_04"
"fm",5,1025,808,"gene1032","CDKN2D","FM_02"
"fm",5,1025,809,"gene864","RUNX3","FM_06"
"fm",5,1025,810,"gene51176","LEF1","FM_05"
"fm",5,1025,811,"gene1230","CCR1","FM_10"
"fm",5,1025,812,"gene8542","APOL1","FM_07"
"fm",5,1025,813,"gene5296","PIK3R2","FM_05"
"fm",5,1025,814,"gene7381","UQCRB","FM_05"
"fm",5,1025,815,"gene4689","NCF4","FM_06"
"fm",5,1025,816,"gene6157","RPL27A","FM_18"
"fm",5,1025,817,"gene2199","FBLN2","FM_11"
"fm",5,1025,818,"gene7706","TRIM25","FM_09"
"fm",5,1025,819,"gene9241","NOG","FM_12"
"fm",5,1025,820,"gene123041","SLC24A4","FM_03"
"fm",5,1025,821,"gene9314","KLF4","FM_03"
"fm",5,1025,822,"gene8815","BANF1","FM_08"
"fm",5,1025,823,"gene26232","FBXO2","FM_04"
"fm",5,1025,824,"gene1019","CDK4","FM_07"
"fm",5,1025,825,"gene23433","RHOQ","FM_13"
"fm",5,1025,826,"gene64135","IFIH1","FM_06"
"fm",5,1025,827,"gene3094","HINT1","FM_03"
"fm",5,1025,828,"gene91584","PLXNA4","FM_16"
"fm",5,1025,829,"gene55112","DYNC2I1","FM_02"
"fm",5,1025,830,"gene8741","TNFSF13","FM_06"
"fm",5,1025,831,"gene7036","TFR2","FM_05"
"fm",5,1025,832,"gene51380","CSAD","FM_01"
"fm",5,1025,833,"gene2219","FCN1","FM_10"
"fm",5,1025,834,"gene5728","PTEN","FM_06"
"fm",5,1025,835,"gene4703","NEB","FM_09"
"fm",5,1025,836,"gene4092","SMAD7","FM_13"
"fm",5,1025,837,"gene1175","AP2S1","FM_16"
"fm",5,1025,838,"gene22836","RHOBTB3","FM_09"
"fm",5,1025,839,"gene23463","ICMT","FM_10"
"fm",5,1025,840,"gene59340","HRH4","FM_10"
"fm",5,1025,841,"gene3068","HDGF","FM_20"
"fm",5,1025,842,"gene6229","RPS24","FM_13"
"fm",5,1025,843,"gene55615","PRR5","FM_17"
"fm",5,1025,844,"gene4332","MNDA","FM_09"
"fm",5,1025,845,"gene5775","PTPN4","FM_04"
"fm",5,1025,846,"gene3959","LGALS3BP","FM_12"
"fm",5,1025,847,"gene9334","B4GALT5","FM_05"
"fm",5,1025,848,"gene57674","RNF213","FM_08"
"fm",5,1025,849,"gene653361","NCF1","FM_01"
"fm",5,1025,850,"gene2739","GLO1","FM_10"
"fm",5,1025,851,"gene26140","TTLL3","FM_02"
"fm",5,1025,852,"gene27018","BEX3","FM_06"
"fm",5,1025,853,"gene912","CD1D","FM_02"
"fm",5,1025,854,"gene54549","SDK2","FM_08"
"fm",5,1025,855,"gene2625","GATA3","FM_11"
"fm",5,1025,856,"gene4809","SNU13","FM_18"
"fm",5,1025,857,"gene2215","FCGR3B","FM_01"
"fm",5,1025,858,"gene114822","RHPN1","FM_10"
"fm",5,1025,859,"gene962","CD48","FM_03"
"fm",5,1025,860,"gene8357","H3C10","FM_08"
"fm",5,1025,861,"gene221937","FOXK1","FM_03"
"fm",5,1025,862,"gene23423","TMED3","FM_04"
"fm",5,1025,863,"gene221037","JMJD1C","FM_11"
"fm",5,1025,864,"gene51650","MRPS33","FM_06"
"fm",5,1025,865,"gene868","CBLB","FM_15"
"fm",5,1025,866,"gene6732","SRPK1","FM_01"
"fm",5,1025,867,"gene4715","NDUFB9","FM_10"
"fm",5,1025,868,"gene6307","MSMO1","FM_03"
"fm",5,1025,869,"gene8519","IFITM1","FM_06"
"fm",5,1025,870,"gene6158","RPL28","FM_17"
"fm",5,1025,871,"gene161742","SPRED1","FM_01"
"fm",5,1025,872,"gene1154","CISH","FM_02"
"fm",5,1025,873,"gene8665","EIF3F","FM_01"
"fm",5,1025,874,"gene5197","PF4V1","FM_11"
"fm",5,1025,875,"gene4904","YBX1","FM_03"
"fm",5,1025,876,"gene80854","SETD7","FM_14"
"fm",5,1025,877,"gene7514","XPO1","FM_04"
"fm",5,1025,878,"gene706","TSPO","FM_15"
"fm",5,1025,879,"gene84159","ARID5B","FM_01"
"fm",5,1025,880,"gene5886","RAD23A","FM_03"
"fm",5,1025,881,"gene9651","PLCH2","FM_05"
"fm",5,1025,882,"gene80115","BAIAP2L2","FM_09"
"fm",5,1025,883,"gene7153","TOP2A","FM_06"
"fm",5,1025,884,"gene1628","DBP","FM_02"
"fm",5,1025,885,"gene3320","HSP90AA1","FM_11"
"fm",5,1025,886,"gene5800","PTPRO","FM_10"
"fm",5,1025,887,"gene55240","STEAP3","FM_12"
"fm",5,1025,888,"gene6150","MRPL23","FM_01"
"fm",5,1025,889,"gene8668","EIF3I","FM_02"
"fm",5,1025,890,"gene151636","DTX3L","FM_14"
"fm",5,1025,891,"gene290","ANPEP","FM_06"
"fm",5,1025,892,"gene7089","TLE2","FM_02"
"fm",5,1025,893,"gene54331","GNG2","FM_08"
"fm",5,1025,894,"gene54464","XRN1","FM_11"
"fm",5,1025,895,"gene728","C5AR1","FM_10"
"fm",5,1025,896,"gene4050","LTB","FM_05"
"fm",5,1025,897,"gene80201","HKDC1","FM_14"
"fm",5,1025,898,"gene11343","MGLL","FM_10"
"fm",5,1025,899,"gene22898","DENND3","FM_02"
"fm",5,1025,900,"gene64061","TSPYL2","FM_20"
"fm",5,1025,901,"gene1937","EEF1G","FM_13"
"fm",5,1025,902,"gene1269","CNR2","FM_08"
"fm",5,1025,903,"gene27335","EIF3K","FM_02"
"fm",5,1025,904,"gene10154","PLXNC1","FM_14"
"fm",5,1025,905,"gene1241","LTB4R","FM_15"
"fm",5,1025,906,"gene60489","APOBEC3G","FM_03"
"fm",5,1025,907,"gene51310","SLC22A17","FM_08"
"fm",5,1025,908,"gene10811","NOXA1","FM_04"
"fm",5,1025,909,"gene25885","POLR1A","FM_08"
"fm",5,1025,910,"gene1233","CCR4","FM_10"
"fm",5,1025,911,"gene57105","CYSLTR2","FM_05"
"fm",5,1025,912,"gene51747","LUC7L3","FM_15"
"fm",5,1025,913,"gene56937","PMEPA1","FM_14"
"fm",5,1025,914,"gene4509","MT-ATP8","FM_01"
"fm",5,1025,915,"gene4522","MTHFD1","FM_05"
"fm",5,1025,916,"gene7056","THBD","FM_20"
"fm",5,1025,917,"gene91749","SLC60A2","FM_02"
"fm",5,1025,918,"gene51320","MEX3C","FM_13"
"fm",5,1025,919,"gene2672","GFI1","FM_14"
"fm",5,1025,920,"gene8477","GPR65","FM_02"
"fm",5,1025,921,"gene216","ALDH1A1","FM_14"
"fm",5,1025,922,"gene10490","VTI1B","FM_04"
"fm",5,1025,923,"gene5351","PLOD1","FM_05"
"fm",5,1025,924,"gene9585","KIF20B","FM_03"
"fm",5,1025,925,"gene959","CD40LG","FM_13"
"fm",5,1025,926,"gene253782","CERS6","FM_01"
"fm",5,1025,927,"gene518","ATP5MC3","FM_04"
"fm",5,1025,928,"gene5411","PNN","FM_07"
"fm",5,1025,929,"gene2570","GABRR2","FM_17"
"fm",5,1025,930,"gene29116","MYLIP","FM_19"
"fm",5,1025,931,"gene10794","ZNF460","FM_16"
"fm",5,1025,932,"gene10970","CKAP4","FM_03"
"fm",5,1025,933,"gene79090","TRAPPC6A","FM_05"
"fm",5,1025,934,"gene6124","RPL4","FM_14"
"fm",5,1025,935,"gene932","MS4A3","FM_05"
"fm",5,1025,936,"gene55313","CPPED1","FM_05"
"fm",5,1025,937,"gene114882","OSBPL8","FM_17"
"fm",5,1025,938,"gene55701","ARHGEF40","FM_11"
"fm",5,1025,939,"gene610","HCN2","FM_03"
"fm",5,1025,940,"gene8863","PER3","FM_02"
"fm",5,1025,941,"gene3109","HLA-DMB","FM_18"
"fm",5,1025,942,"gene8313","AXIN2","FM_05"
"fm",5,1025,943,"gene83858","ATAD3B","FM_02"
"fm",5,1025,944,"gene11240","PADI2","FM_19"
"fm",5,1025,945,"gene1795","DOCK3","FM_07"
"fm",5,1025,946,"gene151306","GPBAR1","FM_02"
"fm",5,1025,947,"gene6132","RPL8","FM_03"
"fm",5,1025,948,"gene1514","CTSL","FM_04"
"fm",5,1025,949,"gene63891","RNF123","FM_09"
"fm",5,1025,950,"gene4172","MCM3","FM_13"
"fm",5,1025,951,"gene79143","MBOAT7","FM_08"
"fm",5,1025,952,"gene64772","ENGASE","FM_04"
"fm",5,1025,953,"gene25804","LSM4","FM_13"
"fm",5,1025,954,"gene29802","VPREB3","FM_06"
"fm",5,1025,955,"gene7433","VIPR1","FM_05"
"fm",5,1025,956,"gene1508","CTSB","FM_06"
"fm",5,1025,957,"gene1901","S1PR1","FM_04"
"fm",5,1025,958,"gene23530","NNT","FM_13"
"fm",5,1025,959,"gene79646","PANK3","FM_06"
"fm",5,1025,960,"gene89849","ATG16L2","FM_08"
"fm",5,1025,961,"gene7710","ZNF154","FM_01"
"fm",5,1025,962,"gene7027","TFDP1","FM_11"
"fm",5,1025,963,"gene2643","GCH1","FM_12"
"fm",5,1025,964,"gene200315","APOBEC3A","FM_08"
"fm",5,1025,965,"gene143884","CWF19L2","FM_01"
"fm",5,1025,966,"gene2948","GSTM4","FM_05"
"fm",5,1025,967,"gene9188","DDX21","FM_02"
"fm",5,1025,968,"gene4343","MOV10","FM_18"
"fm",5,1025,969,"gene219855","SLC37A2","FM_02"
"fm",5,1025,970,"gene1234","CCR5","FM_03"
"fm",5,1025,971,"gene51251","NT5C3A","FM_06"
"fm",5,1025,972,"gene3727","JUND","FM_13"
"fm",5,1025,973,"gene57449","PLEKHG5","FM_01"
"fm",5,1025,974,"gene7423","VEGFB","FM_04"
"fm",5,1025,975,"gene2026","ENO2","FM_04"
"fm",5,1025,976,"gene79414","LRFN3","FM_02"
"fm",5,1025,977,"gene120227","CYP2R1","FM_18"
"fm",5,1025,978,"gene975","CD81","FM_08"
"fm",5,1025,979,"gene9349","RPL23","FM_02"
"fm",5,1025,980,"gene84868","HAVCR2","FM_06"
"fm",5,1025,981,"gene23461","ABCA5","FM_06"
"fm",5,1025,982,"gene6122","RPL3","FM_12"
"fm",5,1025,983,"gene1435","CSF1","FM_20"
"fm",5,1025,984,"gene84418","CYSTM1","FM_07"
"fm",5,1025,985,"gene79930","DOK3","FM_05"
"fm",5,1025,986,"gene27336","HTATSF1","FM_19"
"fm",5,1025,987,"gene2833","CXCR3","FM_06"
"fm",5,1025,988,"gene338596","ST8SIA6","FM_09"
"fm",5,1025,989,"gene53822","FXYD7","FM_13"
"fm",5,1025,990,"gene51332","SPTBN5","FM_05"
"fm",5,1025,991,"gene56034","PDGFC","FM_01"
"fm",5,1025,992,"gene873","CBR1","FM_13"
"fm",5,1025,993,"gene9260","PDLIM7","FM_13"
"fm",5,1025,994,"gene26049","FAM169A","FM_15"
"fm",5,1025,995,"gene433","ASGR2","FM_09"
"fm",5,1025,996,"gene120892","LRRK2","FM_07"
"fm",5,1025,997,"gene3687","ITGAX","FM_05"
"fm",5,1025,998,"gene219","ALDH1B1","FM_09"
"fm",5,1025,999,"gene55252","ASXL2","FM_04"
"fm",5,1025,1000,"gene521","ATP5ME","FM_01"
"curated",1,2021,1,"gene246","ALOX15","CUR_17"
"curated",1,2021,2,"gene212","ALAS2","CUR_10"
"curated",1,2021,3,"gene1374","CPT1A","CUR_05"
"curated",1,2021,4,"gene2289","FKBP5","CUR_14"
"curated",1,2021,5,"gene3512","JCHAIN","CUR_03"
"curated",1,2021,6,"gene54541","DDIT4","CUR_11"
"curated",1,2021,7,"gene5187","PER1","CUR_06"
"curated",1,2021,8,"gene3848","KRT1","CUR_08"
"curated",1,2021,9,"gene6521","SLC4A1","CUR_14"
"curated",1,2021,10,"gene6535","SLC6A8","CUR_11"
"curated",1,2021,11,"gene27181","SIGLEC8","CUR_01"
"curated",1,2021,12,"gene6622","SNCA","CUR_04"
"curated",1,2021,13,"gene55437","STRADB","CUR_04"
"curated",1,2021,14,"gene759","CA1","CUR_07"
"curated",1,2021,15,"gene6710","SPTB","CUR_18"
"curated",1,2021,16,"gene343171","OR2W3","CUR_04"
"curated",1,2021,17,"gene4940","OAS3","CUR_14"
"curated",1,2021,18,"gene5266","PI3","CUR_03"
"curated",1,2021,19,"gene4635","MYL4","CUR_14"
"curated",1,2021,20,"gene2766","GMPR","CUR_12"
"curated",1,2021,21,"gene286","ANK1","CUR_11"
"curated",1,2021,22,"gene55512","SMPD3","CUR_06"
"curated",1,2021,23,"gene7111","TMOD1","CUR_04"
"curated",1,2021,24,"gene1844","DUSP2","CUR_17"
"curated",1,2021,25,"gene4057","LTF","CUR_04"
"curated",1,2021,26,"gene10417","SPON2","CUR_05"
"curated",1,2021,27,"gene249","ALPL","CUR_12"
"curated",1,2021,28,"gene83888","FGFBP2","CUR_05"
"curated",1,2021,29,"gene7704","ZBTB16","CUR_07"
"curated",1,2021,30,"gene3568","IL5RA","CUR_13"
"curated",1,2021,31,"gene7057","THBS1","CUR_12"
"curated",1,2021,32,"gene2995","GYPC","CUR_08"
"curated",1,2021,33,"gene4599","MX1","CUR_06"
"curated",1,2021,34,"gene4811","NID1","CUR_04"
"curated",1,2021,35,"gene4318","MMP9","CUR_11"
"curated",1,2021,36,"gene5166","PDK4","CUR_06"
"curated",1,2021,37,"gene2039","DMTN","CUR_09"
"curated",1,2021,38,"gene51218","GLRX5","CUR_01"
"curated",1,2021,39,"gene8660","IRS2","CUR_05"
"curated",1,2021,40,"gene598","BCL2L1","CUR_06"
"curated",1,2021,41,"gene2987","GUK1","CUR_10"
"curated",1,2021,42,"gene11126","CD160","CUR_09"
"curated",1,2021,43,"gene645","BLVRB","CUR_03"
"curated",1,2021,44,"gene4541","MT-ND6","CUR_09"
"curated",1,2021,45,"gene3437","IFIT3","CUR_16"
"curated",1,2021,46,"gene3127","HLA-DRB5","CUR_12"
"curated",1,2021,47,"gene2537","IFI6","CUR_11"
"curated",1,2021,48,"gene51348","KLRF1","CUR_02"
"curated",1,2021,49,"gene3119","HLA-DQB1","CUR_04"
"curated",1,2021,50,"gene140","ADORA3","CUR_04"
"curated",1,2021,51,"gene4784","NFIX","CUR_05"
"curated",1,2021,52,"gene2999","GZMH","CUR_16"
"curated",1,2021,53,"gene11251","PTGDR2","CUR_04"
"curated",1,2021,54,"gene53637","S1PR5","CUR_15"
"curated",1,2021,55,"gene4939","OAS2","CUR_17"
"curated",1,2021,56,"gene1843","DUSP1","CUR_01"
"curated",1,2021,57,"gene1052","CEBPD","CUR_05"
"curated",1,2021,58,"gene573","BAG1","CUR_09"
"curated",1,2021,59,"gene81567","TXNDC5","CUR_14"
"curated",1,2021,60,"gene669","BPGM","CUR_02"
"curated",1,2021,61,"gene788","SLC25A20","CUR_09"
"curated",1,2021,62,"gene115362","GBP5","CUR_12"
"curated",1,2021,63,"gene5909","RAP1GAP","CUR_13"
"curated",1,2021,64,"gene3824","KLRD1","CUR_18"
"curated",1,2021,65,"gene91543","RSAD2","CUR_01"
"curated",1,2021,66,"gene3434","IFIT1","CUR_08"
"curated",1,2021,67,"gene4061","LY6E","CUR_01"
"curated",1,2021,68,"gene7097","TLR2","CUR_02"
"curated",1,2021,69,"gene83715","ESPN","CUR_10"
"curated",1,2021,70,"gene9636","ISG15","CUR_04"
"curated",1,2021,71,"gene2235","FECH","CUR_01"
"curated",1,2021,72,"gene10316","NMUR1","CUR_02"
"curated",1,2021,73,"gene2633","GBP1","CUR_11"
"curated",1,2021,74,"gene1668","DEFA3","CUR_13"
"curated",1,2021,75,"gene3433","IFIT2","CUR_11"
"curated",1,2021,76,"gene10644","IGF2BP2","CUR_07"
"curated",1,2021,77,"gene687","KLF9","CUR_17"
"curated",1,2021,78,"gene3949","LDLR","CUR_13"
"curated",1,2021,79,"gene3029","HAGH","CUR_05"
"curated",1,2021,80,"gene11098","PRSS23","CUR_06"
"curated",1,2021,81,"gene10098","TSPAN5","CUR_05"
"curated",1,2021,82,"gene54739","XAF1","CUR_15"
"curated",1,2021,83,"gene3958","LGALS3","CUR_01"
"curated",1,2021,84,"gene2322","FLT3","CUR_15"
"curated",1,2021,85,"gene60675","PROK2","CUR_06"
"curated",1,2021,86,"gene7280","TUBB2A","CUR_04"
"curated",1,2021,87,"gene117157","SH2D1B","CUR_02"
"curated",1,2021,88,"gene6772","STAT1","CUR_13"
"curated",1,2021,89,"gene27087","B3GAT1","CUR_01"
"curated",1,2021,90,"gene4684","NCAM1","CUR_14"
"curated",1,2021,91,"gene5551","PRF1","CUR_01"
"curated",1,2021,92,"gene23770","FKBP8","CUR_03"
"curated",1,2021,93,"gene6563","SLC14A1","CUR_15"
"curated",1,2021,94,"gene6170","RPL39","CUR_08"
"curated",1,2021,95,"gene122618","PLD4","CUR_04"
"curated",1,2021,96,"gene27090","ST6GALNAC4","CUR_12"
"curated",1,2021,97,"gene84525","HOPX","CUR_08"
"curated",1,2021,98,"gene1718","DHCR24","CUR_08"
"curated",1,2021,99,"gene6351","CCL4","CUR_03"
"curated",1,2021,100,"gene6189","RPS3A","CUR_13"
"curated",1,2021,101,"gene4938","OAS1","CUR_03"
"curated",1,2021,102,"gene25793","FBXO7","CUR_05"
"curated",1,2021,103,"gene9902","MRC2","CUR_08"
"curated",1,2021,104,"gene6614","SIGLEC1","CUR_05"
"curated",1,2021,105,"gene665","BNIP3L","CUR_03"
"curated",1,2021,106,"gene8651","SOCS1","CUR_05"
"curated",1,2021,107,"gene9415","FADS2","CUR_13"
"curated",1,2021,108,"gene115361","GBP4","CUR_04"
"curated",1,2021,109,"gene10964","IFI44L","CUR_03"
"curated",1,2021,110,"gene9734","HDAC9","CUR_15"
"curated",1,2021,111,"gene10410","IFITM3","CUR_07"
"curated",1,2021,112,"gene2935","GSPT1","CUR_10"
"curated",1,2021,113,"gene10808","HSPH1","CUR_14"
"curated",1,2021,114,"gene162466","PHOSPHO1","CUR_10"
"curated",1,2021,115,"gene51094","ADIPOR1","CUR_01"
"curated",1,2021,116,"gene10561","IFI44","CUR_16"
"curated",1,2021,117,"gene25941","TPGS2","CUR_02"
"curated",1,2021,118,"gene1299","COL9A3","CUR_01"
"curated",1,2021,119,"gene9332","CD163","CUR_05"
"curated",1,2021,120,"gene7049","TGFBR3","CUR_04"
"curated",1,2021,121,"gene4603","MYBL1","CUR_03"
"curated",1,2021,122,"gene30009","TBX21","CUR_05"
"curated",1,2021,123,"gene51759","C9orf78","CUR_11"
"curated",1,2021,124,"gene7088","TLE1","CUR_01"
"curated",1,2021,125,"gene8843","HCAR3","CUR_10"
"curated",1,2021,126,"gene84164","ASCC2","CUR_11"
"curated",1,2021,127,"gene255488","RNF144B","CUR_11"
"curated",1,2021,128,"gene1462","VCAN","CUR_14"
"curated",1,2021,129,"gene9047","SH2D2A","CUR_06"
"curated",1,2021,130,"gene10133","OPTN","CUR_15"
"curated",1,2021,131,"gene997","CDC34","CUR_18"
"curated",1,2021,132,"gene7314","UBB","CUR_06"
"curated",1,2021,133,"gene5159","PDGFRB","CUR_01"
"curated",1,2021,134,"gene51191","HERC5","CUR_03"
"curated",1,2021,135,"gene26053","AUTS2","CUR_04"
"curated",1,2021,136,"gene11213","IRAK3","CUR_14"
"curated",1,2021,137,"gene4753","NELL2","CUR_08"
"curated",1,2021,138,"gene241","ALOX5AP","CUR_03"
"curated",1,2021,139,"gene8818","DPM2","CUR_09"
"curated",1,2021,140,"gene5730","PTGDS","CUR_02"
"curated",1,2021,141,"gene4897","NRCAM","CUR_02"
"curated",1,2021,142,"gene266727","MDGA1","CUR_06"
"curated",1,2021,143,"gene8644","AKR1C3","CUR_08"
"curated",1,2021,144,"gene139189","DGKK","CUR_02"
"curated",1,2021,145,"gene10398","MYL9","CUR_17"
"curated",1,2021,146,"gene94240","EPSTI1","CUR_05"
"curated",1,2021,147,"gene8131","NPRL3","CUR_17"
"curated",1,2021,148,"gene2354","FOSB","CUR_01"
"curated",1,2021,149,"gene54625","PARP14","CUR_03"
"curated",1,2021,150,"gene26253","CLEC4E","CUR_01"
"curated",1,2021,151,"gene166929","SGMS2","CUR_06"
"curated",1,2021,152,"gene9619","ABCG1","CUR_05"
"curated",1,2021,153,"gene10409","BASP1","CUR_15"
"curated",1,2021,154,"gene2623","GATA1","CUR_13"
"curated",1,2021,155,"gene948","CD36","CUR_10"
"curated",1,2021,156,"gene3597","IL13RA1","CUR_01"
"curated",1,2021,157,"gene5802","PTPRS","CUR_12"
"curated",1,2021,158,"gene23569","PADI4","CUR_08"
"curated",1,2021,159,"gene1831","TSC22D3","CUR_18"
"curated",1,2021,160,"gene10578","GNLY","CUR_02"
"curated",1,2021,161,"gene1088","CEACAM8","CUR_06"
"curated",1,2021,162,"gene7453","WARS1","CUR_09"
"curated",1,2021,163,"gene3992","FADS1","CUR_02"
"curated",1,2021,164,"gene6279","S100A8","CUR_04"
"curated",1,2021,165,"gene6768","ST14","CUR_16"
"curated",1,2021,166,"gene147700","KLC3","CUR_09"
"curated",1,2021,167,"gene2867","FFAR2","CUR_03"
"curated",1,2021,168,"gene9021","SOCS3","CUR_04"
"curated",1,2021,169,"gene6210","RPS15A","CUR_03"
"curated",1,2021,170,"gene3674","ITGA2B","CUR_18"
"curated",1,2021,171,"gene83547","RILP","CUR_05"
"curated",1,2021,172,"gene729230","CCR2","CUR_02"
"curated",1,2021,173,"gene5473","PPBP","CUR_03"
"curated",1,2021,174,"gene3988","LIPA","CUR_11"
"curated",1,2021,175,"gene7504","XK","CUR_04"
"curated",1,2021,176,"gene3985","LIMK2","CUR_14"
"curated",1,2021,177,"gene19","ABCA1","CUR_03"
"curated",1,2021,178,"gene10498","CARM1","CUR_17"
"curated",1,2021,179,"gene51465","UBE2J1","CUR_04"
"curated",1,2021,180,"gene2064","ERBB2","CUR_19"
"curated",1,2021,181,"gene3690","ITGB3","CUR_01"
"curated",1,2021,182,"gene1066","CES1","CUR_02"
"curated",1,2021,183,"gene342510","CD300E","CUR_01"
"curated",1,2021,184,"gene2876","GPX1","CUR_02"
"curated",1,2021,185,"gene5029","P2RY2","CUR_09"
"curated",1,2021,186,"gene1236","CCR7","CUR_15"
"curated",1,2021,187,"gene59269","HIVEP3","CUR_04"
"curated",1,2021,188,"gene222487","ADGRG3","CUR_07"
"curated",1,2021,189,"gene5037","PEBP1","CUR_06"
"curated",1,2021,190,"gene4051","CYP4F3","CUR_14"
"curated",1,2021,191,"gene23166","STAB1","CUR_08"
"curated",1,2021,192,"gene3956","LGALS1","CUR_13"
"curated",1,2021,193,"gene27244","SESN1","CUR_02"
"curated",1,2021,194,"gene4066","LYL1","CUR_08"
"curated",1,2021,195,"gene6283","S100A12","CUR_16"
"curated",1,2021,196,"gene604","BCL6","CUR_18"
"curated",1,2021,197,"gene3553","IL1B","CUR_09"
"curated",1,2021,198,"gene9148","NEURL1","CUR_06"
"curated",1,2021,199,"gene1240","CMKLR1","CUR_05"
"curated",1,2021,200,"gene2180","ACSL1","CUR_02"
"curated",1,2021,201,"gene8972","MGAM","CUR_06"
"curated",1,2021,202,"gene1808","DPYSL2","CUR_06"
"curated",1,2021,203,"gene2353","FOS","CUR_03"
"curated",1,2021,204,"gene1521","CTSW","CUR_05"
"curated",1,2021,205,"gene5920","PLAAT4","CUR_01"
"curated",1,2021,206,"gene6319","SCD","CUR_01"
"curated",1,2021,207,"gene973","CD79A","CUR_16"
"curated",1,2021,208,"gene9256","TSPOAP1","CUR_04"
"curated",1,2021,209,"gene4609","MYC","CUR_10"
"curated",1,2021,210,"gene4145","MATK","CUR_06"
"curated",1,2021,211,"gene10346","TRIM22","CUR_02"
"curated",1,2021,212,"gene3117","HLA-DQA1","CUR_07"
"curated",1,2021,213,"gene3934","LCN2","CUR_02"
"curated",1,2021,214,"gene23608","MKRN1","CUR_01"
"curated",1,2021,215,"gene9435","CHST2","CUR_05"
"curated",1,2021,216,"gene1545","CYP1B1","CUR_13"
"curated",1,2021,217,"gene92745","SLC38A5","CUR_08"
"curated",1,2021,218,"gene2205","FCER1A","CUR_13"
"curated",1,2021,219,"gene6133","RPL9","CUR_01"
"curated",1,2021,220,"gene4035","LRP1","CUR_10"
"curated",1,2021,221,"gene56994","CHPT1","CUR_18"
"curated",1,2021,222,"gene338442","HCAR2","CUR_07"
"curated",1,2021,223,"gene1053","CEBPE","CUR_14"
"curated",1,2021,224,"gene5204","PFDN5","CUR_07"
"curated",1,2021,225,"gene93010","B3GNT7","CUR_15"
"curated",1,2021,226,"gene3759","KCNJ2","CUR_03"
"curated",1,2021,227,"gene9510","ADAMTS1","CUR_08"
"curated",1,2021,228,"gene3113","HLA-DPA1","CUR_05"
"curated",1,2021,229,"gene10905","MAN1A2","CUR_03"
"curated",1,2021,230,"gene3315","HSPB1","CUR_09"
"curated",1,2021,231,"gene6193","RPS5","CUR_16"
"curated",1,2021,232,"gene7001","PRDX2","CUR_11"
"curated",1,2021,233,"gene10602","CDC42EP3","CUR_06"
"curated",1,2021,234,"gene6285","S100B","CUR_03"
"curated",1,2021,235,"gene196","AHR","CUR_04"
"curated",1,2021,236,"gene1524","CX3CR1","CUR_10"
"curated",1,2021,237,"gene9588","PRDX6","CUR_04"
"curated",1,2021,238,"gene4311","MME","CUR_12"
"curated",1,2021,239,"gene55831","EMC3","CUR_06"
"curated",1,2021,240,"gene9935","MAFB","CUR_13"
"curated",1,2021,241,"gene2015","ADGRE1","CUR_14"
"curated",1,2021,242,"gene10435","CDC42EP2","CUR_17"
"curated",1,2021,243,"gene2030","SLC29A1","CUR_08"
"curated",1,2021,244,"gene4012","LNPEP","CUR_05"
"curated",1,2021,245,"gene3162","HMOX1","CUR_16"
"curated",1,2021,246,"gene51312","SLC25A37","CUR_19"
"curated",1,2021,247,"gene2091","FBL","CUR_12"
"curated",1,2021,248,"gene5196","PF4","CUR_02"
"curated",1,2021,249,"gene3820","KLRB1","CUR_01"
"curated",1,2021,250,"gene23129","PLXND1","CUR_16"
"curated",1,2021,251,"gene59283","CACNG8","CUR_18"
"curated",1,2021,252,"gene84034","EMILIN2","CUR_10"
"curated",1,2021,253,"gene6231","RPS26","CUR_17"
"curated",1,2021,254,"gene6235","RPS29","CUR_07"
"curated",1,2021,255,"gene90480","GADD45GIP1","CUR_17"
"curated",1,2021,256,"gene64407","RGS18","CUR_03"
"curated",1,2021,257,"gene5144","PDE4D","CUR_09"
"curated",1,2021,258,"gene84333","PCGF5","CUR_02"
"curated",1,2021,259,"gene203","AK1","CUR_10"
"curated",1,2021,260,"gene3560","IL2RB","CUR_16"
"curated",1,2021,261,"gene5866","RAB3IL1","CUR_03"
"curated",1,2021,262,"gene925","CD8A","CUR_10"
"curated",1,2021,263,"gene939","CD27","CUR_09"
"curated",1,2021,264,"gene1028","CDKN1C","CUR_05"
"curated",1,2021,265,"gene11224","RPL35","CUR_05"
"curated",1,2021,266,"gene7850","IL1R2","CUR_08"
"curated",1,2021,267,"gene54438","GFOD1","CUR_07"
"curated",1,2021,268,"gene7045","TGFBI","CUR_11"
"curated",1,2021,269,"gene83716","CRISPLD2","CUR_01"
"curated",1,2021,270,"gene5729","PTGDR","CUR_02"
"curated",1,2021,271,"gene2791","GNG11","CUR_02"
"curated",1,2021,272,"gene2812","GP1BB","CUR_19"
"curated",1,2021,273,"gene3067","HDC","CUR_unassigned"
"curated",1,2021,274,"gene1595","CYP51A1","CUR_03"
"curated",1,2021,275,"gene54543","TOMM7","CUR_05"
"curated",1,2021,276,"gene116844","LRG1","CUR_01"
"curated",1,2021,277,"gene7264","GFUS","CUR_18"
"curated",1,2021,278,"gene83666","PARP9","CUR_15"
"curated",1,2021,279,"gene6222","RPS18","CUR_17"
"curated",1,2021,280,"gene9491","PSMF1","CUR_03"
"curated",1,2021,281,"gene596","BCL2","CUR_02"
"curated",1,2021,282,"gene6234","RPS28","CUR_05"
"curated",1,2021,283,"gene2288","FKBP4","CUR_03"
"curated",1,2021,284,"gene6590","SLPI","CUR_01"
"curated",1,2021,285,"gene896","CCND3","CUR_10"
"curated",1,2021,286,"gene3792","KEL","CUR_04"
"curated",1,2021,287,"gene259197","NCR3","CUR_01"
"curated",1,2021,288,"gene401258","RAB44","CUR_05"
"curated",1,2021,289,"gene6208","RPS14","CUR_01"
"curated",1,2021,290,"gene8685","MARCO","CUR_01"
"curated",1,2021,291,"gene131870","NUDT16","CUR_04"
"curated",1,2021,292,"gene8807","IL18RAP","CUR_01"
"curated",1,2021,293,"gene27343","POLL","CUR_03"
"curated",1,2021,294,"gene8671","SLC4A4","CUR_18"
"curated",1,2021,295,"gene100133941","CD24","CUR_04"
"curated",1,2021,296,"gene9997","SCO2","CUR_12"
"curated",1,2021,297,"gene6510","SLC1A5","CUR_09"
"curated",1,2021,298,"gene6708","SPTA1","CUR_14"
"curated",1,2021,299,"gene8911","CACNA1I","CUR_02"
"curated",1,2021,300,"gene57823","SLAMF7","CUR_17"
"curated",1,2021,301,"gene9976","CLEC2B","CUR_04"
"curated",1,2021,302,"gene6678","SPARC","CUR_01"
"curated",1,2021,303,"gene6223","RPS19","CUR_05"
"curated",1,2021,304,"gene1191","CLU","CUR_06"
"curated",1,2021,305,"gene23365","ARHGEF12","CUR_05"
"curated",1,2021,306,"gene6726","SRP9","CUR_08"
"curated",1,2021,307,"gene3122","HLA-DRA","CUR_02"
"curated",1,2021,308,"gene926","CD8B","CUR_05"
"curated",1,2021,309,"gene6633","SNRPD2","CUR_01"
"curated",1,2021,310,"gene81027","TUBB1","CUR_02"
"curated",1,2021,311,"gene6773","STAT2","CUR_02"
"curated",1,2021,312,"gene6281","S100A10","CUR_12"
"curated",1,2021,313,"gene5997","RGS2","CUR_08"
"curated",1,2021,314,"gene7226","TRPM2","CUR_16"
"curated",1,2021,315,"gene129685","TAF8","CUR_15"
"curated",1,2021,316,"gene8460","TPST1","CUR_14"
"curated",1,2021,317,"gene4082","MARCKS","CUR_05"
"curated",1,2021,318,"gene80097","MZT2B","CUR_08"
"curated",1,2021,319,"gene22934","RPIA","CUR_10"
"curated",1,2021,320,"gene4354","MPP1","CUR_02"
"curated",1,2021,321,"gene388","RHOB","CUR_12"
"curated",1,2021,322,"gene9246","UBE2L6","CUR_13"
"curated",1,2021,323,"gene7852","CXCR4","CUR_13"
"curated",1,2021,324,"gene80310","PDGFD","CUR_14"
"curated",1,2021,325,"gene10622","POLR3G","CUR_07"
"curated",1,2021,326,"gene10135","NAMPT","CUR_12"
"curated",1,2021,327,"gene4778","NFE2","CUR_02"
"curated",1,2021,328,"gene160364","CLEC12A","CUR_05"
"curated",1,2021,329,"gene1912","PHC2","CUR_17"
"curated",1,2021,330,"gene10663","CXCR6","CUR_02"
"curated",1,2021,331,"gene9437","NCR1","CUR_03"
"curated",1,2021,332,"gene84649","DGAT2","CUR_06"
"curated",1,2021,333,"gene2624","GATA2","CUR_09"
"curated",1,2021,334,"gene3326","HSP90AB1","CUR_09"
"curated",1,2021,335,"gene5079","PAX5","CUR_11"
"curated",1,2021,336,"gene5208","PFKFB2","CUR_09"
"curated",1,2021,337,"gene353189","SLCO4C1","CUR_09"
"curated",1,2021,338,"gene3945","LDHB","CUR_12"
"curated",1,2021,339,"gene84174","SLA2","CUR_10"
"curated",1,2021,340,"gene3821","KLRC1","CUR_08"
"curated",1,2021,341,"gene356","FASLG","CUR_09"
"curated",1,2021,342,"gene59352","LGR6","CUR_14"
"curated",1,2021,343,"gene6201","RPS7","CUR_12"
"curated",1,2021,344,"gene6164","RPL34","CUR_14"
"curated",1,2021,345,"gene3921","RPSA","CUR_15"
"curated",1,2021,346,"gene3576","CXCL8","CUR_05"
"curated",1,2021,347,"gene6227","RPS21","CUR_02"
"curated",1,2021,348,"gene7915","ALDH5A1","CUR_06"
"curated",1,2021,349,"gene684","BST2","CUR_05"
"curated",1,2021,350,"gene80781","COL18A1","CUR_08"
"curated",1,2021,351,"gene6934","TCF7L2","CUR_16"
"curated",1,2021,352,"gene338440","ANO9","CUR_08"
"curated",1,2021,353,"gene80216","ALPK1","CUR_13"
"curated",1,2021,354,"gene6515","SLC2A3","CUR_05"
"curated",1,2021,355,"gene1933","EEF1B2","CUR_02"
"curated",1,2021,356,"gene400916","CHCHD10","CUR_07"
"curated",1,2021,357,"gene79689","STEAP4","CUR_01"
"curated",1,2021,358,"gene726","CAPN5","CUR_01"
"curated",1,2021,359,"gene729359","PLIN4","CUR_15"
"curated",1,2021,360,"gene57610","RANBP10","CUR_09"
"curated",1,2021,361,"gene4064","CD180","CUR_06"
"curated",1,2021,362,"gene25873","RPL36","CUR_03"
"curated",1,2021,363,"gene1847","DUSP5","CUR_09"
"curated",1,2021,364,"gene8291","DYSF","CUR_04"
"curated",1,2021,365,"gene51523","CXXC5","CUR_19"
"curated",1,2021,366,"gene3070","HELLS","CUR_12"
"curated",1,2021,367,"gene6036","RNASE2","CUR_18"
"curated",1,2021,368,"gene11123","RCAN3","CUR_01"
"curated",1,2021,369,"gene10581","IFITM2","CUR_03"
"curated",1,2021,370,"gene50509","COL5A3","CUR_06"
"curated",1,2021,371,"gene9975","NR1D2","CUR_05"
"curated",1,2021,372,"gene5464","PPA1","CUR_08"
"curated",1,2021,373,"gene140803","TRPM6","CUR_01"
"curated",1,2021,374,"gene6846","XCL2","CUR_08"
"curated",1,2021,375,"gene4537","MT-ND3","CUR_06"
"curated",1,2021,376,"gene3490","IGFBP7","CUR_09"
"curated",1,2021,377,"gene84766","CRACR2A","CUR_06"
"curated",1,2021,378,"gene944","TNFSF8","CUR_08"
"curated",1,2021,379,"gene366","AQP9","CUR_05"
"curated",1,2021,380,"gene9934","P2RY14","CUR_14"
"curated",1,2021,381,"gene7846","TUBA1A","CUR_02"
"curated",1,2021,382,"gene6478","SIAH2","CUR_04"
"curated",1,2021,383,"gene6171","RPL41","CUR_07"
"curated",1,2021,384,"gene6152","RPL24","CUR_10"
"curated",1,2021,385,"gene360","AQP3","CUR_15"
"curated",1,2021,386,"gene2214","FCGR3A","CUR_13"
"curated",1,2021,387,"gene3004","GZMM","CUR_06"
"curated",1,2021,388,"gene5494","PPM1A","CUR_11"
"curated",1,2021,389,"gene1232","CCR3","CUR_11"
"curated",1,2021,390,"gene4953","ODC1","CUR_10"
"curated",1,2021,391,"gene3274","HRH2","CUR_16"
"curated",1,2021,392,"gene5577","PRKAR2B","CUR_03"
"curated",1,2021,393,"gene9254","CACNA2D2","CUR_17"
"curated",1,2021,394,"gene915","CD3D","CUR_01"
"curated",1,2021,395,"gene3123","HLA-DRB1","CUR_13"
"curated",1,2021,396,"gene154","ADRB2","CUR_16"
"curated",1,2021,397,"gene929","CD14","CUR_17"
"curated",1,2021,398,"gene3577","CXCR1","CUR_11"
"curated",1,2021,399,"gene1880","GPR183","CUR_03"
"curated",1,2021,400,"gene6204","RPS10","CUR_02"
"curated",1,2021,401,"gene6224","RPS20","CUR_12"
"curated",1,2021,402,"gene126231","ZNF573","CUR_03"
"curated",1,2021,403,"gene57514","ARHGAP31","CUR_18"
"curated",1,2021,404,"gene31","ACACA","CUR_16"
"curated",1,2021,405,"gene1870","E2F2","CUR_07"
"curated",1,2021,406,"gene10449","ACAA2","CUR_15"
"curated",1,2021,407,"gene114907","FBXO32","CUR_13"
"curated",1,2021,408,"gene6139","RPL17","CUR_07"
"curated",1,2021,409,"gene79887","PLBD1","CUR_01"
"curated",1,2021,410,"gene2793","GNGT2","CUR_12"
"curated",1,2021,411,"gene2059","EPS8","CUR_13"
"curated",1,2021,412,"gene8334","H2AC6","CUR_03"
"curated",1,2021,413,"gene3613","IMPA2","CUR_01"
"curated",1,2021,414,"gene170622","COMMD6","CUR_16"
"curated",1,2021,415,"gene2550","GABBR1","CUR_04"
"curated",1,2021,416,"gene3572","IL6ST","CUR_16"
"curated",1,2021,417,"gene2950","GSTP1","CUR_02"
"curated",1,2021,418,"gene2081","ERN1","CUR_04"
"curated",1,2021,419,"gene4792","NFKBIA","CUR_01"
"curated",1,2021,420,"gene9398","CD101","CUR_06"
"curated",1,2021,421,"gene3028","HSD17B10","CUR_04"
"curated",1,2021,422,"gene6241","RRM2","CUR_01"
"curated",1,2021,423,"gene23401","FRAT2","CUR_01"
"curated",1,2021,424,"gene8794","TNFRSF10C","CUR_01"
"curated",1,2021,425,"gene22800","RRAS2","CUR_16"
"curated",1,2021,426,"gene3398","ID2","CUR_04"
"curated",1,2021,427,"gene4068","SH2D1A","CUR_13"
"curated",1,2021,428,"gene6286","S100P","CUR_10"
"curated",1,2021,429,"gene157285","PRAG1","CUR_02"
"curated",1,2021,430,"gene3340","NDST1","CUR_06"
"curated",1,2021,431,"gene85441","HELZ2","CUR_07"
"curated",1,2021,432,"gene6144","RPL21","CUR_08"
"curated",1,2021,433,"gene8638","OASL","CUR_05"
"curated",1,2021,434,"gene54407","SLC38A2","CUR_03"
"curated",1,2021,435,"gene81794","ADAMTS10","CUR_09"
"curated",1,2021,436,"gene6272","SORT1","CUR_01"
"curated",1,2021,437,"gene445582","POTEE","CUR_14"
"curated",1,2021,438,"gene1345","COX6C","CUR_16"
"curated",1,2021,439,"gene6146","RPL22","CUR_07"
"curated",1,2021,440,"gene514","ATP5F1E","CUR_17"
"curated",1,2021,441,"gene6155","RPL27","CUR_02"
"curated",1,2021,442,"gene6160","RPL31","CUR_13"
"curated",1,2021,443,"gene162966","ZNF600","CUR_18"
"curated",1,2021,444,"gene3728","JUP","CUR_01"
"curated",1,2021,445,"gene26289","AK5","CUR_09"
"curated",1,2021,446,"gene2768","GNA12","CUR_04"
"curated",1,2021,447,"gene26268","FBXO9","CUR_11"
"curated",1,2021,448,"gene6647","SOD1","CUR_07"
"curated",1,2021,449,"gene7320","UBE2B","CUR_03"
"curated",1,2021,450,"gene3430","IFI35","CUR_12"
"curated",1,2021,451,"gene389","RHOC","CUR_15"
"curated",1,2021,452,"gene4261","CIITA","CUR_02"
"curated",1,2021,453,"gene65018","PINK1","CUR_16"
"curated",1,2021,454,"gene146850","PIK3R6","CUR_08"
"curated",1,2021,455,"gene301","ANXA1","CUR_09"
"curated",1,2021,456,"gene63893","UBE2O","CUR_05"
"curated",1,2021,457,"gene6886","TAL1","CUR_11"
"curated",1,2021,458,"gene54498","SMOX","CUR_05"
"curated",1,2021,459,"gene57630","SH3RF1","CUR_01"
"curated",1,2021,460,"gene1471","CST3","CUR_01"
"curated",1,2021,461,"gene56005","MYDGF","CUR_02"
"curated",1,2021,462,"gene8536","CAMK1","CUR_03"
"curated",1,2021,463,"gene10219","KLRG1","CUR_17"
"curated",1,2021,464,"gene5052","PRDX1","CUR_02"
"curated",1,2021,465,"gene838","CASP5","CUR_12"
"curated",1,2021,466,"gene682","BSG","CUR_02"
"curated",1,2021,467,"gene3164","NR4A1","CUR_17"
"curated",1,2021,468,"gene1475","CSTA","CUR_06"
"curated",1,2021,469,"gene5610","EIF2AK2","CUR_13"
"curated",1,2021,470,"gene6352","CCL5","CUR_01"
"curated",1,2021,471,"gene2634","GBP2","CUR_05"
"curated",1,2021,472,"gene5721","PSME2","CUR_11"
"curated",1,2021,473,"gene127933","UHMK1","CUR_16"
"curated",1,2021,474,"gene6168","RPL37A","CUR_01"
"curated",1,2021,475,"gene3115","HLA-DPB1","CUR_06"
"curated",1,2021,476,"gene8718","TNFRSF25","CUR_12"
"curated",1,2021,477,"gene80727","TTYH3","CUR_03"
"curated",1,2021,478,"gene221472","FGD2","CUR_08"
"curated",1,2021,479,"gene1350","COX7C","CUR_04"
"curated",1,2021,480,"gene6641","SNTB1","CUR_19"
"curated",1,2021,481,"gene4900","NRGN","CUR_09"
"curated",1,2021,482,"gene5141","PDE4A","CUR_02"
"curated",1,2021,483,"gene5027","P2RX7","CUR_14"
"curated",1,2021,484,"gene219333","USP12","CUR_13"
"curated",1,2021,485,"gene302","ANXA2","CUR_06"
"curated",1,2021,486,"gene4353","MPO","CUR_10"
"curated",1,2021,487,"gene8724","SNX3","CUR_03"
"curated",1,2021,488,"gene25801","GCA","CUR_04"
"curated",1,2021,489,"gene968","CD68","CUR_03"
"curated",1,2021,490,"gene122416","ANKRD9","CUR_10"
"curated",1,2021,491,"gene2153","F5","CUR_01"
"curated",1,2021,492,"gene9531","BAG3","CUR_06"
"curated",1,2021,493,"gene23191","CYFIP1","CUR_09"
"curated",1,2021,494,"gene8787","RGS9","CUR_08"
"curated",1,2021,495,"gene6280","S100A9","CUR_03"
"curated",1,2021,496,"gene54790","TET2","CUR_18"
"curated",1,2021,497,"gene1116","CHI3L1","CUR_12"
"curated",1,2021,498,"gene6194","RPS6","CUR_14"
"curated",1,2021,499,"gene6154","RPL26","CUR_16"
"curated",1,2021,500,"gene22914","KLRK1","CUR_19"
"curated",1,2021,501,"gene1593","CYP27A1","CUR_17"
"curated",1,2021,502,"gene91319","DERL3","CUR_12"
"curated",1,2021,503,"gene3646","EIF3E","CUR_02"
"curated",1,2021,504,"gene6206","RPS12","CUR_15"
"curated",1,2021,505,"gene321","APBA2","CUR_06"
"curated",1,2021,506,"gene7273","TTN","CUR_06"
"curated",1,2021,507,"gene8875","VNN2","CUR_07"
"curated",1,2021,508,"gene28996","HIPK2","CUR_05"
"curated",1,2021,509,"gene1512","CTSH","CUR_15"
"curated",1,2021,510,"gene25824","PRDX5","CUR_12"
"curated",1,2021,511,"gene10963","STIP1","CUR_19"
"curated",1,2021,512,"gene217","ALDH2","CUR_02"
"curated",1,2021,513,"gene114879","OSBPL5","CUR_03"
"curated",1,2021,514,"gene25956","SEC31B","CUR_01"
"curated",1,2021,515,"gene3566","IL4R","CUR_11"
"curated",1,2021,516,"gene4833","NME4","CUR_02"
"curated",1,2021,517,"gene133522","PPARGC1B","CUR_10"
"curated",1,2021,518,"gene5140","PDE3B","CUR_10"
"curated",1,2021,519,"gene55432","YOD1","CUR_11"
"curated",1,2021,520,"gene1675","CFD","CUR_06"
"curated",1,2021,521,"gene23475","QPRT","CUR_15"
"curated",1,2021,522,"gene330","BIRC3","CUR_02"
"curated",1,2021,523,"gene3925","STMN1","CUR_04"
"curated",1,2021,524,"gene3693","ITGB5","CUR_17"
"curated",1,2021,525,"gene6175","RPLP0","CUR_09"
"curated",1,2021,526,"gene6161","RPL32","CUR_11"
"curated",1,2021,527,"gene7311","UBA52","CUR_05"
"curated",1,2021,528,"gene4831","NME2","CUR_19"
"curated",1,2021,529,"gene6141","RPL18","CUR_10"
"curated",1,2021,530,"gene6713","SQLE","CUR_13"
"curated",1,2021,531,"gene8905","AP1S2","CUR_02"
"curated",1,2021,532,"gene4303","FOXO4","CUR_01"
"curated",1,2021,533,"gene8669","EIF3J","CUR_05"
"curated",1,2021,534,"gene146330","FBXL16","CUR_18"
"curated",1,2021,535,"gene6165","RPL35A","CUR_05"
"curated",1,2021,536,"gene4502","MT2A","CUR_14"
"curated",1,2021,537,"gene22885","ABLIM3","CUR_18"
"curated",1,2021,538,"gene513","ATP5F1D","CUR_05"
"curated",1,2021,539,"gene51734","MSRB1","CUR_02"
"curated",1,2021,540,"gene10871","CD300C","CUR_13"
"curated",1,2021,541,"gene6228","RPS23","CUR_12"
"curated",1,2021,542,"gene143686","SESN3","CUR_06"
"curated",1,2021,543,"gene51024","FIS1","CUR_05"
"curated",1,2021,544,"gene6191","RPS4X","CUR_10"
"curated",1,2021,545,"gene2781","GNAZ","CUR_04"
"curated",1,2021,546,"gene6001","RGS10","CUR_04"
"curated",1,2021,547,"gene84874","ZNF514","CUR_10"
"curated",1,2021,548,"gene84131","CEP78","CUR_14"
"curated",1,2021,549,"gene4605","MYBL2","CUR_05"
"curated",1,2021,550,"gene3822","KLRC2","CUR_05"
"curated",1,2021,551,"gene8140","SLC7A5","CUR_04"
"curated",1,2021,552,"gene2048","EPHB2","CUR_07"
"curated",1,2021,553,"gene3394","IRF8","CUR_06"
"curated",1,2021,554,"gene80139","ZNF703","CUR_02"
"curated",1,2021,555,"gene5727","PTCH1","CUR_19"
"curated",1,2021,556,"gene6721","SREBF2","CUR_10"
"curated",1,2021,557,"gene6648","SOD2","CUR_07"
"curated",1,2021,558,"gene5836","PYGL","CUR_10"
"curated",1,2021,559,"gene2947","GSTM3","CUR_11"
"curated",1,2021,560,"gene4345","CD200","CUR_17"
"curated",1,2021,561,"gene151742","PPM1L","CUR_13"
"curated",1,2021,562,"gene340205","TREML1","CUR_05"
"curated",1,2021,563,"gene708","C1QBP","CUR_17"
"curated",1,2021,564,"gene7169","TPM2","CUR_02"
"curated",1,2021,565,"gene6202","RPS8","CUR_01"
"curated",1,2021,566,"gene3480","IGF1R","CUR_09"
"curated",1,2021,567,"gene66002","CYP4F12","CUR_01"
"curated",1,2021,568,"gene388931","MFSD2B","CUR_08"
"curated",1,2021,569,"gene133","ADM","CUR_07"
"curated",1,2021,570,"gene6147","RPL23A","CUR_09"
"curated",1,2021,571,"gene3579","CXCR2","CUR_07"
"curated",1,2021,572,"gene6142","RPL18A","CUR_02"
"curated",1,2021,573,"gene4282","MIF","CUR_unassigned"
"curated",1,2021,574,"gene3336","HSPE1","CUR_03"
"curated",1,2021,575,"gene4773","NFATC2","CUR_15"
"curated",1,2021,576,"gene2787","GNG5","CUR_07"
"curated",1,2021,577,"gene10437","IFI30","CUR_05"
"curated",1,2021,578,"gene161882","ZFPM1","CUR_01"
"curated",1,2021,579,"gene2357","FPR1","CUR_10"
"curated",1,2021,580,"gene6635","SNRPE","CUR_01"
"curated",1,2021,581,"gene56975","FAM20C","CUR_12"
"curated",1,2021,582,"gene2162","F13A1","CUR_08"
"curated",1,2021,583,"gene9231","DLG5","CUR_12"
"curated",1,2021,584,"gene10859","LILRB1","CUR_03"
"curated",1,2021,585,"gene933","CD22","CUR_07"
"curated",1,2021,586,"gene942","CD86","CUR_19"
"curated",1,2021,587,"gene9145","SYNGR1","CUR_01"
"curated",1,2021,588,"gene2058","EPRS1","CUR_11"
"curated",1,2021,589,"gene6556","SLC11A1","CUR_04"
"curated",1,2021,590,"gene6217","RPS16","CUR_03"
"curated",1,2021,591,"gene80012","PHC3","CUR_04"
"curated",1,2021,592,"gene2776","GNAQ","CUR_06"
"curated",1,2021,593,"gene6169","RPL38","CUR_17"
"curated",1,2021,594,"gene117155","CATSPER2","CUR_03"
"curated",1,2021,595,"gene25946","ZNF385A","CUR_08"
"curated",1,2021,596,"gene134429","STARD4","CUR_04"
"curated",1,2021,597,"gene3556","IL1RAP","CUR_11"
"curated",1,2021,598,"gene7128","TNFAIP3","CUR_12"
"curated",1,2021,599,"gene6159","RPL29","CUR_02"
"curated",1,2021,600,"gene9194","SLC16A7","CUR_13"
"curated",1,2021,601,"gene275","AMT","CUR_10"
"curated",1,2021,602,"gene5567","PRKACB","CUR_07"
"curated",1,2021,603,"gene83988","NCALD","CUR_11"
"curated",1,2021,604,"gene9580","SOX13","CUR_13"
"curated",1,2021,605,"gene4708","NDUFB2","CUR_07"
"curated",1,2021,606,"gene3575","IL7R","CUR_08"
"curated",1,2021,607,"gene4830","NME1","CUR_04"
"curated",1,2021,608,"gene27287","VENTX","CUR_14"
"curated",1,2021,609,"gene55423","SIRPG","CUR_07"
"curated",1,2021,610,"gene4646","MYO6","CUR_07"
"curated",1,2021,611,"gene58477","SRPRB","CUR_01"
"curated",1,2021,612,"gene6188","RPS3","CUR_16"
"curated",1,2021,613,"gene54583","EGLN1","CUR_02"
"curated",1,2021,614,"gene1163","CKS1B","CUR_16"
"curated",1,2021,615,"gene5732","PTGER2","CUR_03"
"curated",1,2021,616,"gene306","ANXA3","CUR_07"
"curated",1,2021,617,"gene1043","CD52","CUR_05"
"curated",1,2021,618,"gene7203","CCT3","CUR_07"
"curated",1,2021,619,"gene2206","MS4A2","CUR_01"
"curated",1,2021,620,"gene6173","RPL36A","CUR_09"
"curated",1,2021,621,"gene79071","ELOVL6","CUR_05"
"curated",1,2021,622,"gene6039","RNASE6","CUR_05"
"curated",1,2021,623,"gene123","PLIN2","CUR_04"
"curated",1,2021,624,"gene8541","PPFIA3","CUR_17"
"curated",1,2021,625,"gene1890","TYMP","CUR_11"
"curated",1,2021,626,"gene3386","ICAM4","CUR_09"
"curated",1,2021,627,"gene3595","IL12RB2","CUR_04"
"curated",1,2021,628,"gene9045","RPL14","CUR_07"
"curated",1,2021,629,"gene55466","DNAJA4","CUR_04"
"curated",1,2021,630,"gene5966","REL","CUR_01"
"curated",1,2021,631,"gene54210","TREM1","CUR_18"
"curated",1,2021,632,"gene4638","MYLK","CUR_03"
"curated",1,2021,633,"gene3717","JAK2","CUR_03"
"curated",1,2021,634,"gene2309","FOXO3","CUR_04"
"curated",1,2021,635,"gene140807","KRT72","CUR_12"
"curated",1,2021,636,"gene8320","EOMES","CUR_unassigned"
"curated",1,2021,637,"gene6207","RPS13","CUR_02"
"curated",1,2021,638,"gene2201","FBN2","CUR_06"
"curated",1,2021,639,"gene3486","IGFBP3","CUR_04"
"curated",1,2021,640,"gene79834","PEAK1","CUR_05"
"curated",1,2021,641,"gene57698","SHTN1","CUR_01"
"curated",1,2021,642,"gene463","ZFHX3","CUR_17"
"curated",1,2021,643,"gene6375","XCL1","CUR_04"
"curated",1,2021,644,"gene57654","UVSSA","CUR_15"
"curated",1,2021,645,"gene539","ATP5PO","CUR_01"
"curated",1,2021,646,"gene597","BCL2A1","CUR_10"
"curated",1,2021,647,"gene719","C3AR1","CUR_19"
"curated",1,2021,648,"gene83999","KREMEN1","CUR_06"
"curated",1,2021,649,"gene56172","ANKH","CUR_04"
"curated",1,2021,650,"gene710","SERPING1","CUR_04"
"curated",1,2021,651,"gene10462","CLEC10A","CUR_05"
"curated",1,2021,652,"gene6209","RPS15","CUR_03"
"curated",1,2021,653,"gene527","ATP6V0C","CUR_17"
"curated",1,2021,654,"gene81030","ZBP1","CUR_16"
"curated",1,2021,655,"gene6095","RORA","CUR_04"
"curated",1,2021,656,"gene1051","CEBPB","CUR_08"
"curated",1,2021,657,"gene6233","RPS27A","CUR_03"
"curated",1,2021,658,"gene5901","RAN","CUR_09"
"curated",1,2021,659,"gene9170","LPAR2","CUR_17"
"curated",1,2021,660,"gene2317","FLNB","CUR_10"
"curated",1,2021,661,"gene2203","FBP1","CUR_01"
"curated",1,2021,662,"gene2017","CTTN","CUR_07"
"curated",1,2021,663,"gene6218","RPS17","CUR_07"
"curated",1,2021,664,"gene192286","HIGD2A","CUR_01"
"curated",1,2021,665,"gene259173","ALS2CL","CUR_06"
"curated",1,2021,666,"gene10549","PRDX4","CUR_03"
"curated",1,2021,667,"gene23547","LILRA4","CUR_01"
"curated",1,2021,668,"gene353","APRT","CUR_01"
"curated",1,2021,669,"gene51389","RWDD1","CUR_01"
"curated",1,2021,670,"gene100996939","PYURF","CUR_02"
"curated",1,2021,671,"gene84992","PIGY","CUR_01"
"curated",1,2021,672,"gene59285","CACNG6","CUR_11"
"curated",1,2021,673,"gene940","CD28","CUR_03"
"curated",1,2021,674,"gene760","CA2","CUR_05"
"curated",1,2021,675,"gene2760","GM2A","CUR_01"
"curated",1,2021,676,"gene8349","H2BC21","CUR_15"
"curated",1,2021,677,"gene978","CDA","CUR_14"
"curated",1,2021,678,"gene2790","GNG10","CUR_01"
"curated",1,2021,679,"gene54843","SYTL2","CUR_02"
"curated",1,2021,680,"gene10870","HCST","CUR_03"
"curated",1,2021,681,"gene671","BPI","CUR_12"
"curated",1,2021,682,"gene27102","EIF2AK1","CUR_14"
"curated",1,2021,683,"gene3772","KCNJ15","CUR_08"
"curated",1,2021,684,"gene1436","CSF1R","CUR_02"
"curated",1,2021,685,"gene728294","D2HGDH","CUR_09"
"curated",1,2021,686,"gene6167","RPL37","CUR_07"
"curated",1,2021,687,"gene6134","RPL10","CUR_07"
"curated",1,2021,688,"gene8714","ABCC3","CUR_03"
"curated",1,2021,689,"gene6125","RPL5","CUR_10"
"curated",1,2021,690,"gene56953","NT5M","CUR_04"
"curated",1,2021,691,"gene8482","SEMA7A","CUR_03"
"curated",1,2021,692,"gene64759","TNS3","CUR_15"
"curated",1,2021,693,"gene90990","KIFC2","CUR_09"
"curated",1,2021,694,"gene2194","FASN","CUR_11"
"curated",1,2021,695,"gene4736","RPL10A","CUR_11"
"curated",1,2021,696,"gene974","CD79B","CUR_16"
"curated",1,2021,697,"gene4869","NPM1","CUR_15"
"curated",1,2021,698,"gene5016","OVGP1","CUR_09"
"curated",1,2021,699,"gene3590","IL11RA","CUR_01"
"curated",1,2021,700,"gene23645","PPP1R15A","CUR_09"
"curated",1,2021,701,"gene23677","SH3BP4","CUR_01"
"curated",1,2021,702,"gene155066","ATP6V0E2","CUR_08"
"curated",1,2021,703,"gene8993","PGLYRP1","CUR_13"
"curated",1,2021,704,"gene4069","LYZ","CUR_15"
"curated",1,2021,705,"gene1848","DUSP6","CUR_06"
"curated",1,2021,706,"gene1717","DHCR7","CUR_01"
"curated",1,2021,707,"gene55967","NDUFA12","CUR_07"
"curated",1,2021,708,"gene30817","ADGRE2","CUR_12"
"curated",1,2021,709,"gene643","CXCR5","CUR_10"
"curated",1,2021,710,"gene10857","PGRMC1","CUR_02"
"curated",1,2021,711,"gene1312","COMT","CUR_03"
"curated",1,2021,712,"gene51386","EIF3L","CUR_14"
"curated",1,2021,713,"gene1536","CYBB","CUR_10"
"curated",1,2021,714,"gene8740","TNFSF14","CUR_16"
"curated",1,2021,715,"gene27339","PRPF19","CUR_12"
"curated",1,2021,716,"gene84443","FRMPD3","CUR_07"
"curated",1,2021,717,"gene5621","PRNP","CUR_02"
"curated",1,2021,718,"gene3903","LAIR1","CUR_16"
"curated",1,2021,719,"gene3312","HSPA8","CUR_08"
"curated",1,2021,720,"gene1803","DPP4","CUR_02"
"curated",1,2021,721,"gene23586","RIGI","CUR_08"
"curated",1,2021,722,"gene23327","NEDD4L","CUR_16"
"curated",1,2021,723,"gene3091","HIF1A","CUR_03"
"curated",1,2021,724,"gene57571","CARNS1","CUR_11"
"curated",1,2021,725,"gene89790","SIGLEC10","CUR_14"
"curated",1,2021,726,"gene8111","GPR68","CUR_06"
"curated",1,2021,727,"gene4660","PPP1R12B","CUR_14"
"curated",1,2021,728,"gene64425","POLR1E","CUR_03"
"curated",1,2021,729,"gene10728","PTGES3","CUR_05"
"curated",1,2021,730,"gene140809","SRXN1","CUR_16"
"curated",1,2021,731,"gene23250","ATP11A","CUR_13"
"curated",1,2021,732,"gene8821","INPP4B","CUR_01"
"curated",1,2021,733,"gene57162","PELI1","CUR_03"
"curated",1,2021,734,"gene6137","RPL13","CUR_07"
"curated",1,2021,735,"gene4000","LMNA","CUR_02"
"curated",1,2021,736,"gene5209","PFKFB3","CUR_16"
"curated",1,2021,737,"gene56993","TOMM22","CUR_07"
"curated",1,2021,738,"gene7090","TLE3","CUR_15"
"curated",1,2021,739,"gene7494","XBP1","CUR_08"
"curated",1,2021,740,"gene718","C3","CUR_09"
"curated",1,2021,741,"gene64167","ERAP2","CUR_01"
"curated",1,2021,742,"gene2149","F2R","CUR_09"
"curated",1,2021,743,"gene81857","MED25","CUR_07"
"curated",1,2021,744,"gene1891","ECH1","CUR_11"
"curated",1,2021,745,"gene8673","VAMP8","CUR_19"
"curated",1,2021,746,"gene6720","SREBF1","CUR_14"
"curated",1,2021,747,"gene8607","RUVBL1","CUR_06"
"curated",1,2021,748,"gene8682","PEA15","CUR_18"
"curated",1,2021,749,"gene10055","SAE1","CUR_19"
"curated",1,2021,750,"gene85439","STON2","CUR_18"
"curated",1,2021,751,"gene10913","EDAR","CUR_05"
"curated",1,2021,752,"gene6843","VAMP1","CUR_09"
"curated",1,2021,753,"gene3557","IL1RN","CUR_13"
"curated",1,2021,754,"gene5603","MAPK13","CUR_01"
"curated",1,2021,755,"gene28984","RGCC","CUR_01"
"curated",1,2021,756,"gene319101","KRT73","CUR_01"
"curated",1,2021,757,"gene1296","COL8A2","CUR_10"
"curated",1,2021,758,"gene27242","TNFRSF21","CUR_06"
"curated",1,2021,759,"gene10051","SMC4","CUR_12"
"curated",1,2021,760,"gene8780","RIOK3","CUR_11"
"curated",1,2021,761,"gene55558","PLXNA3","CUR_11"
"curated",1,2021,762,"gene6138","RPL15","CUR_02"
"curated",1,2021,763,"gene55704","CCDC88A","CUR_01"
"curated",1,2021,764,"gene6513","SLC2A1","CUR_03"
"curated",1,2021,765,"gene1622","DBI","CUR_01"
"curated",1,2021,766,"gene4171","MCM2","CUR_08"
"curated",1,2021,767,"gene64981","MRPL34","CUR_03"
"curated",1,2021,768,"gene23136","EPB41L3","CUR_04"
"curated",1,2021,769,"gene9450","LY86","CUR_03"
"curated",1,2021,770,"gene6176","RPLP1","CUR_05"
"curated",1,2021,771,"gene23305","ACSL6","CUR_04"
"curated",1,2021,772,"gene64386","MMP25","CUR_05"
"curated",1,2021,773,"gene6230","RPS25","CUR_17"
"curated",1,2021,774,"gene10276","NET1","CUR_01"
"curated",1,2021,775,"gene80739","MPIG6B","CUR_08"
"curated",1,2021,776,"gene10875","FGL2","CUR_01"
"curated",1,2021,777,"gene56261","GPCPD1","CUR_09"
"curated",1,2021,778,"gene24138","IFIT5","CUR_07"
"curated",1,2021,779,"gene2053","EPHX2","CUR_06"
"curated",1,2021,780,"gene80005","DOCK5","CUR_07"
"curated",1,2021,781,"gene79888","LPCAT1","CUR_18"
"curated",1,2021,782,"gene29107","NXT1","CUR_15"
"curated",1,2021,783,"gene4193","MDM2","CUR_14"
"curated",1,2021,784,"gene2358","FPR2","CUR_03"
"curated",1,2021,785,"gene10161","LPAR6","CUR_13"
"curated",1,2021,786,"gene9759","HDAC4","CUR_02"
"curated",1,2021,787,"gene10654","PMVK","CUR_09"
"curated",1,2021,788,"gene84254","CAMKK1","CUR_08"
"curated",1,2021,789,"gene1378","CR1","CUR_03"
"curated",1,2021,790,"gene10575","CCT4","CUR_02"
"curated",1,2021,791,"gene53834","FGFRL1","CUR_06"
"curated",1,2021,792,"gene3459","IFNGR1","CUR_04"
"curated",1,2021,793,"gene22918","CD93","CUR_13"
"curated",1,2021,794,"gene2281","FKBP1B","CUR_03"
"curated",1,2021,795,"gene84628","NTNG2","CUR_01"
"curated",1,2021,796,"gene94015","TTYH2","CUR_05"
"curated",1,2021,797,"gene6923","ELOB","CUR_11"
"curated",1,2021,798,"gene253260","RICTOR","CUR_09"
"curated",1,2021,799,"gene7476","WNT7A","CUR_13"
"curated",1,2021,800,"gene10516","FBLN5","CUR_07"
"curated",1,2021,801,"gene917","CD3G","CUR_11"
"curated",1,2021,802,"gene3014","H2AX","CUR_05"
"curated",1,2021,803,"gene2197","FAU","CUR_02"
"curated",1,2021,804,"gene5087","PBX1","CUR_08"
"curated",1,2021,805,"gene5245","PHB1","CUR_03"
"curated",1,2021,806,"gene10783","NEK6","CUR_01"
"curated",1,2021,807,"gene55827","DCAF6","CUR_01"
"curated",1,2021,808,"gene1032","CDKN2D","CUR_06"
"curated",1,2021,809,"gene864","RUNX3","CUR_13"
"curated",1,2021,810,"gene51176","LEF1","CUR_06"
"curated",1,2021,811,"gene1230","CCR1","CUR_06"
"curated",1,2021,812,"gene8542","APOL1","CUR_03"
"curated",1,2021,813,"gene5296","PIK3R2","CUR_11"
"curated",1,2021,814,"gene7381","UQCRB","CUR_12"
"curated",1,2021,815,"gene4689","NCF4","CUR_12"
"curated",1,2021,816,"gene6157","RPL27A","CUR_15"
"curated",1,2021,817,"gene2199","FBLN2","CUR_19"
"curated",1,2021,818,"gene7706","TRIM25","CUR_01"
"curated",1,2021,819,"gene9241","NOG","CUR_01"
"curated",1,2021,820,"gene123041","SLC24A4","CUR_15"
"curated",1,2021,821,"gene9314","KLF4","CUR_04"
"curated",1,2021,822,"gene8815","BANF1","CUR_02"
"curated",1,2021,823,"gene26232","FBXO2","CUR_15"
"curated",1,2021,824,"gene1019","CDK4","CUR_03"
"curated",1,2021,825,"gene23433","RHOQ","CUR_13"
"curated",1,2021,826,"gene64135","IFIH1","CUR_07"
"curated",1,2021,827,"gene3094","HINT1","CUR_09"
"curated",1,2021,828,"gene91584","PLXNA4","CUR_17"
"curated",1,2021,829,"gene55112","DYNC2I1","CUR_14"
"curated",1,2021,830,"gene8741","TNFSF13","CUR_11"
"curated",1,2021,831,"gene7036","TFR2","CUR_07"
"curated",1,2021,832,"gene51380","CSAD","CUR_15"
"curated",1,2021,833,"gene2219","FCN1","CUR_10"
"curated",1,2021,834,"gene5728","PTEN","CUR_08"
"curated",1,2021,835,"gene4703","NEB","CUR_15"
"curated",1,2021,836,"gene4092","SMAD7","CUR_18"
"curated",1,2021,837,"gene1175","AP2S1","CUR_08"
"curated",1,2021,838,"gene22836","RHOBTB3","CUR_18"
"curated",1,2021,839,"gene23463","ICMT","CUR_06"
"curated",1,2021,840,"gene59340","HRH4","CUR_15"
"curated",1,2021,841,"gene3068","HDGF","CUR_04"
"curated",1,2021,842,"gene6229","RPS24","CUR_17"
"curated",1,2021,843,"gene55615","PRR5","CUR_02"
"curated",1,2021,844,"gene4332","MNDA","CUR_11"
"curated",1,2021,845,"gene5775","PTPN4","CUR_06"
"curated",1,2021,846,"gene3959","LGALS3BP","CUR_03"
"curated",1,2021,847,"gene9334","B4GALT5","CUR_01"
"curated",1,2021,848,"gene57674","RNF213","CUR_01"
"curated",1,2021,849,"gene653361","NCF1","CUR_03"
"curated",1,2021,850,"gene2739","GLO1","CUR_05"
"curated",1,2021,851,"gene26140","TTLL3","CUR_02"
"curated",1,2021,852,"gene27018","BEX3","CUR_01"
"curated",1,2021,853,"gene912","CD1D","CUR_16"
"curated",1,2021,854,"gene54549","SDK2","CUR_12"
"curated",1,2021,855,"gene2625","GATA3","CUR_13"
"curated",1,2021,856,"gene4809","SNU13","CUR_07"
"curated",1,2021,857,"gene2215","FCGR3B","CUR_06"
"curated",1,2021,858,"gene114822","RHPN1","CUR_01"
"curated",1,2021,859,"gene962","CD48","CUR_17"
"curated",1,2021,860,"gene8357","H3C10","CUR_01"
"curated",1,2021,861,"gene221937","FOXK1","CUR_05"
"curated",1,2021,862,"gene23423","TMED3","CUR_06"
"curated",1,2021,863,"gene221037","JMJD1C","CUR_16"
"curated",1,2021,864,"gene51650","MRPS33","CUR_10"
"curated",1,2021,865,"gene868","CBLB","CUR_10"
"curated",1,2021,866,"gene6732","SRPK1","CUR_02"
"curated",1,2021,867,"gene4715","NDUFB9","CUR_02"
"curated",1,2021,868,"gene6307","MSMO1","CUR_10"
"curated",1,2021,869,"gene8519","IFITM1","CUR_14"
"curated",1,2021,870,"gene6158","RPL28","CUR_15"
"curated",1,2021,871,"gene161742","SPRED1","CUR_05"
"curated",1,2021,872,"gene1154","CISH","CUR_18"
"curated",1,2021,873,"gene8665","EIF3F","CUR_04"
"curated",1,2021,874,"gene5197","PF4V1","CUR_08"
"curated",1,2021,875,"gene4904","YBX1","CUR_15"
"curated",1,2021,876,"gene80854","SETD7","CUR_04"
"curated",1,2021,877,"gene7514","XPO1","CUR_11"
"curated",1,2021,878,"gene706","TSPO","CUR_12"
"curated",1,2021,879,"gene84159","ARID5B","CUR_02"
"curated",1,2021,880,"gene5886","RAD23A","CUR_08"
"curated",1,2021,881,"gene9651","PLCH2","CUR_03"
"curated",1,2021,882,"gene80115","BAIAP2L2","CUR_12"
"curated",1,2021,883,"gene7153","TOP2A","CUR_12"
"curated",1,2021,884,"gene1628","DBP","CUR_16"
"curated",1,2021,885,"gene3320","HSP90AA1","CUR_02"
"curated",1,2021,886,"gene5800","PTPRO","CUR_09"
"curated",1,2021,887,"gene55240","STEAP3","CUR_06"
"curated",1,2021,888,"gene6150","MRPL23","CUR_17"
"curated",1,2021,889,"gene8668","EIF3I","CUR_10"
"curated",1,2021,890,"gene151636","DTX3L","CUR_19"
"curated",1,2021,891,"gene290","ANPEP","CUR_11"
"curated",1,2021,892,"gene7089","TLE2","CUR_03"
"curated",1,2021,893,"gene54331","GNG2","CUR_18"
"curated",1,2021,894,"gene54464","XRN1","CUR_13"
"curated",1,2021,895,"gene728","C5AR1","CUR_05"
"curated",1,2021,896,"gene4050","LTB","CUR_14"
"curated",1,2021,897,"gene80201","HKDC1","CUR_17"
"curated",1,2021,898,"gene11343","MGLL","CUR_19"
"curated",1,2021,899,"gene22898","DENND3","CUR_05"
"curated",1,2021,900,"gene64061","TSPYL2","CUR_13"
"curated",1,2021,901,"gene1937","EEF1G","CUR_05"
"curated",1,2021,902,"gene1269","CNR2","CUR_16"
"curated",1,2021,903,"gene27335","EIF3K","CUR_06"
"curated",1,2021,904,"gene10154","PLXNC1","CUR_07"
"curated",1,2021,905,"gene1241","LTB4R","CUR_04"
"curated",1,2021,906,"gene60489","APOBEC3G","CUR_03"
"curated",1,2021,907,"gene51310","SLC22A17","CUR_07"
"curated",1,2021,908,"gene10811","NOXA1","CUR_01"
"curated",1,2021,909,"gene25885","POLR1A","CUR_05"
"curated",1,2021,910,"gene1233","CCR4","CUR_03"
"curated",1,2021,911,"gene57105","CYSLTR2","CUR_08"
"curated",1,2021,912,"gene51747","LUC7L3","CUR_01"
"curated",1,2021,913,"gene56937","PMEPA1","CUR_02"
"curated",1,2021,914,"gene4509","MT-ATP8","CUR_02"
"curated",1,2021,915,"gene4522","MTHFD1","CUR_19"
"curated",1,2021,916,"gene7056","THBD","CUR_08"
"curated",1,2021,917,"gene91749","SLC60A2","CUR_09"
"curated",1,2021,918,"gene51320","MEX3C","CUR_04"
"curated",1,2021,919,"gene2672","GFI1","CUR_01"
"curated",1,2021,920,"gene8477","GPR65","CUR_04"
"curated",1,2021,921,"gene216","ALDH1A1","CUR_04"
"curated",1,2021,922,"gene10490","VTI1B","CUR_17"
"curated",1,2021,923,"gene5351","PLOD1","CUR_08"
"curated",1,2021,924,"gene9585","KIF20B","CUR_04"
"curated",1,2021,925,"gene959","CD40LG","CUR_06"
"curated",1,2021,926,"gene253782","CERS6","CUR_17"
"curated",1,2021,927,"gene518","ATP5MC3","CUR_15"
"curated",1,2021,928,"gene5411","PNN","CUR_12"
"curated",1,2021,929,"gene2570","GABRR2","CUR_06"
"curated",1,2021,930,"gene29116","MYLIP","CUR_04"
"curated",1,2021,931,"gene10794","ZNF460","CUR_10"
"curated",1,2021,932,"gene10970","CKAP4","CUR_13"
"curated",1,2021,933,"gene79090","TRAPPC6A","CUR_04"
"curated",1,2021,934,"gene6124","RPL4","CUR_18"
"curated",1,2021,935,"gene932","MS4A3","CUR_06"
"curated",1,2021,936,"gene55313","CPPED1","CUR_06"
"curated",1,2021,937,"gene114882","OSBPL8","CUR_01"
"curated",1,2021,938,"gene55701","ARHGEF40","CUR_12"
"curated",1,2021,939,"gene610","HCN2","CUR_08"
"curated",1,2021,940,"gene8863","PER3","CUR_03"
"curated",1,2021,941,"gene3109","HLA-DMB","CUR_09"
"curated",1,2021,942,"gene8313","AXIN2","CUR_03"
"curated",1,2021,943,"gene83858","ATAD3B","CUR_02"
"curated",1,2021,944,"gene11240","PADI2","CUR_05"
"curated",1,2021,945,"gene1795","DOCK3","CUR_16"
"curated",1,2021,946,"gene151306","GPBAR1","CUR_02"
"curated",1,2021,947,"gene6132","RPL8","CUR_15"
"curated",1,2021,948,"gene1514","CTSL","CUR_13"
"curated",1,2021,949,"gene63891","RNF123","CUR_17"
"curated",1,2021,950,"gene4172","MCM3","CUR_04"
"curated",1,2021,951,"gene79143","MBOAT7","CUR_13"
"curated",1,2021,952,"gene64772","ENGASE","CUR_12"
"curated",1,2021,953,"gene25804","LSM4","CUR_12"
"curated",1,2021,954,"gene29802","VPREB3","CUR_10"
"curated",1,2021,955,"gene7433","VIPR1","CUR_03"
"curated",1,2021,956,"gene1508","CTSB","CUR_11"
"curated",1,2021,957,"gene1901","S1PR1","CUR_02"
"curated",1,2021,958,"gene23530","NNT","CUR_14"
"curated",1,2021,959,"gene79646","PANK3","CUR_05"
"curated",1,2021,960,"gene89849","ATG16L2","CUR_01"
"curated",1,2021,961,"gene7710","ZNF154","CUR_02"
"curated",1,2021,962,"gene7027","TFDP1","CUR_07"
"curated",1,2021,963,"gene2643","GCH1","CUR_11"
"curated",1,2021,964,"gene200315","APOBEC3A","CUR_10"
"curated",1,2021,965,"gene143884","CWF19L2","CUR_13"
"curated",1,2021,966,"gene2948","GSTM4","CUR_14"
"curated",1,2021,967,"gene9188","DDX21","CUR_07"
"curated",1,2021,968,"gene4343","MOV10","CUR_14"
"curated",1,2021,969,"gene219855","SLC37A2","CUR_13"
"curated",1,2021,970,"gene1234","CCR5","CUR_01"
"curated",1,2021,971,"gene51251","NT5C3A","CUR_08"
"curated",1,2021,972,"gene3727","JUND","CUR_12"
"curated",1,2021,973,"gene57449","PLEKHG5","CUR_09"
"curated",1,2021,974,"gene7423","VEGFB","CUR_05"
"curated",1,2021,975,"gene2026","ENO2","CUR_10"
"curated",1,2021,976,"gene79414","LRFN3","CUR_07"
"curated",1,2021,977,"gene120227","CYP2R1","CUR_06"
"curated",1,2021,978,"gene975","CD81","CUR_10"
"curated",1,2021,979,"gene9349","RPL23","CUR_12"
"curated",1,2021,980,"gene84868","HAVCR2","CUR_04"
"curated",1,2021,981,"gene23461","ABCA5","CUR_02"
"curated",1,2021,982,"gene6122","RPL3","CUR_01"
"curated",1,2021,983,"gene1435","CSF1","CUR_06"
"curated",1,2021,984,"gene84418","CYSTM1","CUR_04"
"curated",1,2021,985,"gene79930","DOK3","CUR_11"
"curated",1,2021,986,"gene27336","HTATSF1","CUR_10"
"curated",1,2021,987,"gene2833","CXCR3","CUR_10"
"curated",1,2021,988,"gene338596","ST8SIA6","CUR_09"
"curated",1,2021,989,"gene53822","FXYD7","CUR_14"
"curated",1,2021,990,"gene51332","SPTBN5","CUR_05"
"curated",1,2021,991,"gene56034","PDGFC","CUR_01"
"curated",1,2021,992,"gene873","CBR1","CUR_04"
"curated",1,2021,993,"gene9260","PDLIM7","CUR_06"
"curated",1,2021,994,"gene26049","FAM169A","CUR_07"
"curated",1,2021,995,"gene433","ASGR2","CUR_06"
"curated",1,2021,996,"gene120892","LRRK2","CUR_11"
"curated",1,2021,997,"gene3687","ITGAX","CUR_04"
"curated",1,2021,998,"gene219","ALDH1B1","CUR_02"
"curated",1,2021,999,"gene55252","ASXL2","CUR_11"
"curated",1,2021,1000,"gene521","ATP5ME","CUR_04"
"curated",2,2022,1,"gene246","ALOX15","CUR_13"
"curated",2,2022,2,"gene212","ALAS2","CUR_08"
"curated",2,2022,3,"gene1374","CPT1A","CUR_15"
"curated",2,2022,4,"gene2289","FKBP5","CUR_18"
"curated",2,2022,5,"gene3512","JCHAIN","CUR_01"
"curated",2,2022,6,"gene54541","DDIT4","CUR_02"
"curated",2,2022,7,"gene5187","PER1","CUR_11"
"curated",2,2022,8,"gene3848","KRT1","CUR_04"
"curated",2,2022,9,"gene6521","SLC4A1","CUR_03"
"curated",2,2022,10,"gene6535","SLC6A8","CUR_13"
"curated",2,2022,11,"gene27181","SIGLEC8","CUR_06"
"curated",2,2022,12,"gene6622","SNCA","CUR_11"
"curated",2,2022,13,"gene55437","STRADB","CUR_02"
"curated",2,2022,14,"gene759","CA1","CUR_02"
"curated",2,2022,15,"gene6710","SPTB","CUR_03"
"curated",2,2022,16,"gene343171","OR2W3","CUR_08"
"curated",2,2022,17,"gene4940","OAS3","CUR_17"
"curated",2,2022,18,"gene5266","PI3","CUR_03"
"curated",2,2022,19,"gene4635","MYL4","CUR_14"
"curated",2,2022,20,"gene2766","GMPR","CUR_02"
"curated",2,2022,21,"gene286","ANK1","CUR_06"
"curated",2,2022,22,"gene55512","SMPD3","CUR_03"
"curated",2,2022,23,"gene7111","TMOD1","CUR_13"
"curated",2,2022,24,"gene1844","DUSP2","CUR_12"
"curated",2,2022,25,"gene4057","LTF","CUR_18"
"curated",2,2022,26,"gene10417","SPON2","CUR_06"
"curated",2,2022,27,"gene249","ALPL","CUR_13"
"curated",2,2022,28,"gene83888","FGFBP2","CUR_07"
"curated",2,2022,29,"gene7704","ZBTB16","CUR_08"
"curated",2,2022,30,"gene3568","IL5RA","CUR_12"
"curated",2,2022,31,"gene7057","THBS1","CUR_01"
"curated",2,2022,32,"gene2995","GYPC","CUR_04"
"curated",2,2022,33,"gene4599","MX1","CUR_03"
"curated",2,2022,34,"gene4811","NID1","CUR_05"
"curated",2,2022,35,"gene4318","MMP9","CUR_03"
"curated",2,2022,36,"gene5166","PDK4","CUR_04"
"curated",2,2022,37,"gene2039","DMTN","CUR_06"
"curated",2,2022,38,"gene51218","GLRX5","CUR_12"
"curated",2,2022,39,"gene8660","IRS2","CUR_03"
"curated",2,2022,40,"gene598","BCL2L1","CUR_04"
"curated",2,2022,41,"gene2987","GUK1","CUR_11"
"curated",2,2022,42,"gene11126","CD160","CUR_15"
"curated",2,2022,43,"gene645","BLVRB","CUR_07"
"curated",2,2022,44,"gene4541","MT-ND6","CUR_13"
"curated",2,2022,45,"gene3437","IFIT3","CUR_14"
"curated",2,2022,46,"gene3127","HLA-DRB5","CUR_12"
"curated",2,2022,47,"gene2537","IFI6","CUR_10"
"curated",2,2022,48,"gene51348","KLRF1","CUR_06"
"curated",2,2022,49,"gene3119","HLA-DQB1","CUR_11"
"curated",2,2022,50,"gene140","ADORA3","CUR_02"
"curated",2,2022,51,"gene4784","NFIX","CUR_11"
"curated",2,2022,52,"gene2999","GZMH","CUR_01"
"curated",2,2022,53,"gene11251","PTGDR2","CUR_07"
"curated",2,2022,54,"gene53637","S1PR5","CUR_04"
"curated",2,2022,55,"gene4939","OAS2","CUR_07"
"curated",2,2022,56,"gene1843","DUSP1","CUR_15"
"curated",2,2022,57,"gene1052","CEBPD","CUR_07"
"curated",2,2022,58,"gene573","BAG1","CUR_03"
"curated",2,2022,59,"gene81567","TXNDC5","CUR_18"
"curated",2,2022,60,"gene669","BPGM","CUR_09"
"curated",2,2022,61,"gene788","SLC25A20","CUR_03"
"curated",2,2022,62,"gene115362","GBP5","CUR_02"
"curated",2,2022,63,"gene5909","RAP1GAP","CUR_05"
"curated",2,2022,64,"gene3824","KLRD1","CUR_11"
"curated",2,2022,65,"gene91543","RSAD2","CUR_04"
"curated",2,2022,66,"gene3434","IFIT1","CUR_02"
"curated",2,2022,67,"gene4061","LY6E","CUR_03"
"curated",2,2022,68,"gene7097","TLR2","CUR_17"
"curated",2,2022,69,"gene83715","ESPN","CUR_10"
"curated",2,2022,70,"gene9636","ISG15","CUR_11"
"curated",2,2022,71,"gene2235","FECH","CUR_04"
"curated",2,2022,72,"gene10316","NMUR1","CUR_19"
"curated",2,2022,73,"gene2633","GBP1","CUR_19"
"curated",2,2022,74,"gene1668","DEFA3","CUR_02"
"curated",2,2022,75,"gene3433","IFIT2","CUR_04"
"curated",2,2022,76,"gene10644","IGF2BP2","CUR_06"
"curated",2,2022,77,"gene687","KLF9","CUR_14"
"curated",2,2022,78,"gene3949","LDLR","CUR_05"
"curated",2,2022,79,"gene3029","HAGH","CUR_01"
"curated",2,2022,80,"gene11098","PRSS23","CUR_19"
"curated",2,2022,81,"gene10098","TSPAN5","CUR_05"
"curated",2,2022,82,"gene54739","XAF1","CUR_18"
"curated",2,2022,83,"gene3958","LGALS3","CUR_01"
"curated",2,2022,84,"gene2322","FLT3","CUR_01"
"curated",2,2022,85,"gene60675","PROK2","CUR_03"
"curated",2,2022,86,"gene7280","TUBB2A","CUR_14"
"curated",2,2022,87,"gene117157","SH2D1B","CUR_13"
"curated",2,2022,88,"gene6772","STAT1","CUR_04"
"curated",2,2022,89,"gene27087","B3GAT1","CUR_04"
"curated",2,2022,90,"gene4684","NCAM1","CUR_08"
"curated",2,2022,91,"gene5551","PRF1","CUR_11"
"curated",2,2022,92,"gene23770","FKBP8","CUR_10"
"curated",2,2022,93,"gene6563","SLC14A1","CUR_06"
"curated",2,2022,94,"gene6170","RPL39","CUR_08"
"curated",2,2022,95,"gene122618","PLD4","CUR_01"
"curated",2,2022,96,"gene27090","ST6GALNAC4","CUR_01"
"curated",2,2022,97,"gene84525","HOPX","CUR_13"
"curated",2,2022,98,"gene1718","DHCR24","CUR_01"
"curated",2,2022,99,"gene6351","CCL4","CUR_17"
"curated",2,2022,100,"gene6189","RPS3A","CUR_15"
"curated",2,2022,101,"gene4938","OAS1","CUR_01"
"curated",2,2022,102,"gene25793","FBXO7","CUR_09"
"curated",2,2022,103,"gene9902","MRC2","CUR_06"
"curated",2,2022,104,"gene6614","SIGLEC1","CUR_02"
"curated",2,2022,105,"gene665","BNIP3L","CUR_05"
"curated",2,2022,106,"gene8651","SOCS1","CUR_17"
"curated",2,2022,107,"gene9415","FADS2","CUR_12"
"curated",2,2022,108,"gene115361","GBP4","CUR_11"
"curated",2,2022,109,"gene10964","IFI44L","CUR_03"
"curated",2,2022,110,"gene9734","HDAC9","CUR_01"
"curated",2,2022,111,"gene10410","IFITM3","CUR_06"
"curated",2,2022,112,"gene2935","GSPT1","CUR_17"
"curated",2,2022,113,"gene10808","HSPH1","CUR_03"
"curated",2,2022,114,"gene162466","PHOSPHO1","CUR_05"
"curated",2,2022,115,"gene51094","ADIPOR1","CUR_05"
"curated",2,2022,116,"gene10561","IFI44","CUR_11"
"curated",2,2022,117,"gene25941","TPGS2","CUR_18"
"curated",2,2022,118,"gene1299","COL9A3","CUR_04"
"curated",2,2022,119,"gene9332","CD163","CUR_02"
"curated",2,2022,120,"gene7049","TGFBR3","CUR_14"
"curated",2,2022,121,"gene4603","MYBL1","CUR_14"
"curated",2,2022,122,"gene30009","TBX21","CUR_03"
"curated",2,2022,123,"gene51759","C9orf78","CUR_06"
"curated",2,2022,124,"gene7088","TLE1","CUR_04"
"curated",2,2022,125,"gene8843","HCAR3","CUR_09"
"curated",2,2022,126,"gene84164","ASCC2","CUR_01"
"curated",2,2022,127,"gene255488","RNF144B","CUR_04"
"curated",2,2022,128,"gene1462","VCAN","CUR_09"
"curated",2,2022,129,"gene9047","SH2D2A","CUR_17"
"curated",2,2022,130,"gene10133","OPTN","CUR_03"
"curated",2,2022,131,"gene997","CDC34","CUR_01"
"curated",2,2022,132,"gene7314","UBB","CUR_01"
"curated",2,2022,133,"gene5159","PDGFRB","CUR_03"
"curated",2,2022,134,"gene51191","HERC5","CUR_17"
"curated",2,2022,135,"gene26053","AUTS2","CUR_14"
"curated",2,2022,136,"gene11213","IRAK3","CUR_10"
"curated",2,2022,137,"gene4753","NELL2","CUR_11"
"curated",2,2022,138,"gene241","ALOX5AP","CUR_08"
"curated",2,2022,139,"gene8818","DPM2","CUR_07"
"curated",2,2022,140,"gene5730","PTGDS","CUR_11"
"curated",2,2022,141,"gene4897","NRCAM","CUR_01"
"curated",2,2022,142,"gene266727","MDGA1","CUR_12"
"curated",2,2022,143,"gene8644","AKR1C3","CUR_17"
"curated",2,2022,144,"gene139189","DGKK","CUR_10"
"curated",2,2022,145,"gene10398","MYL9","CUR_14"
"curated",2,2022,146,"gene94240","EPSTI1","CUR_04"
"curated",2,2022,147,"gene8131","NPRL3","CUR_11"
"curated",2,2022,148,"gene2354","FOSB","CUR_05"
"curated",2,2022,149,"gene54625","PARP14","CUR_09"
"curated",2,2022,150,"gene26253","CLEC4E","CUR_09"
"curated",2,2022,151,"gene166929","SGMS2","CUR_13"
"curated",2,2022,152,"gene9619","ABCG1","CUR_05"
"curated",2,2022,153,"gene10409","BASP1","CUR_01"
"curated",2,2022,154,"gene2623","GATA1","CUR_08"
"curated",2,2022,155,"gene948","CD36","CUR_01"
"curated",2,2022,156,"gene3597","IL13RA1","CUR_06"
"curated",2,2022,157,"gene5802","PTPRS","CUR_02"
"curated",2,2022,158,"gene23569","PADI4","CUR_16"
"curated",2,2022,159,"gene1831","TSC22D3","CUR_16"
"curated",2,2022,160,"gene10578","GNLY","CUR_07"
"curated",2,2022,161,"gene1088","CEACAM8","CUR_12"
"curated",2,2022,162,"gene7453","WARS1","CUR_01"
"curated",2,2022,163,"gene3992","FADS1","CUR_04"
"curated",2,2022,164,"gene6279","S100A8","CUR_15"
"curated",2,2022,165,"gene6768","ST14","CUR_05"
"curated",2,2022,166,"gene147700","KLC3","CUR_03"
"curated",2,2022,167,"gene2867","FFAR2","CUR_06"
"curated",2,2022,168,"gene9021","SOCS3","CUR_03"
"curated",2,2022,169,"gene6210","RPS15A","CUR_11"
"curated",2,2022,170,"gene3674","ITGA2B","CUR_01"
"curated",2,2022,171,"gene83547","RILP","CUR_09"
"curated",2,2022,172,"gene729230","CCR2","CUR_10"
"curated",2,2022,173,"gene5473","PPBP","CUR_09"
"curated",2,2022,174,"gene3988","LIPA","CUR_04"
"curated",2,2022,175,"gene7504","XK","CUR_03"
"curated",2,2022,176,"gene3985","LIMK2","CUR_03"
"curated",2,2022,177,"gene19","ABCA1","CUR_02"
"curated",2,2022,178,"gene10498","CARM1","CUR_08"
"curated",2,2022,179,"gene51465","UBE2J1","CUR_01"
"curated",2,2022,180,"gene2064","ERBB2","CUR_03"
"curated",2,2022,181,"gene3690","ITGB3","CUR_11"
"curated",2,2022,182,"gene1066","CES1","CUR_10"
"curated",2,2022,183,"gene342510","CD300E","CUR_05"
"curated",2,2022,184,"gene2876","GPX1","CUR_07"
"curated",2,2022,185,"gene5029","P2RY2","CUR_01"
"curated",2,2022,186,"gene1236","CCR7","CUR_01"
"curated",2,2022,187,"gene59269","HIVEP3","CUR_18"
"curated",2,2022,188,"gene222487","ADGRG3","CUR_04"
"curated",2,2022,189,"gene5037","PEBP1","CUR_09"
"curated",2,2022,190,"gene4051","CYP4F3","CUR_14"
"curated",2,2022,191,"gene23166","STAB1","CUR_03"
"curated",2,2022,192,"gene3956","LGALS1","CUR_15"
"curated",2,2022,193,"gene27244","SESN1","CUR_15"
"curated",2,2022,194,"gene4066","LYL1","CUR_12"
"curated",2,2022,195,"gene6283","S100A12","CUR_08"
"curated",2,2022,196,"gene604","BCL6","CUR_16"
"curated",2,2022,197,"gene3553","IL1B","CUR_06"
"curated",2,2022,198,"gene9148","NEURL1","CUR_05"
"curated",2,2022,199,"gene1240","CMKLR1","CUR_12"
"curated",2,2022,200,"gene2180","ACSL1","CUR_11"
"curated",2,2022,201,"gene8972","MGAM","CUR_10"
"curated",2,2022,202,"gene1808","DPYSL2","CUR_10"
"curated",2,2022,203,"gene2353","FOS","CUR_03"
"curated",2,2022,204,"gene1521","CTSW","CUR_18"
"curated",2,2022,205,"gene5920","PLAAT4","CUR_06"
"curated",2,2022,206,"gene6319","SCD","CUR_17"
"curated",2,2022,207,"gene973","CD79A","CUR_11"
"curated",2,2022,208,"gene9256","TSPOAP1","CUR_15"
"curated",2,2022,209,"gene4609","MYC","CUR_05"
"curated",2,2022,210,"gene4145","MATK","CUR_10"
"curated",2,2022,211,"gene10346","TRIM22","CUR_03"
"curated",2,2022,212,"gene3117","HLA-DQA1","CUR_07"
"curated",2,2022,213,"gene3934","LCN2","CUR_05"
"curated",2,2022,214,"gene23608","MKRN1","CUR_19"
"curated",2,2022,215,"gene9435","CHST2","CUR_16"
"curated",2,2022,216,"gene1545","CYP1B1","CUR_01"
"curated",2,2022,217,"gene92745","SLC38A5","CUR_13"
"curated",2,2022,218,"gene2205","FCER1A","CUR_02"
"curated",2,2022,219,"gene6133","RPL9","CUR_09"
"curated",2,2022,220,"gene4035","LRP1","CUR_08"
"curated",2,2022,221,"gene56994","CHPT1","CUR_11"
"curated",2,2022,222,"gene338442","HCAR2","CUR_06"
"curated",2,2022,223,"gene1053","CEBPE","CUR_07"
"curated",2,2022,224,"gene5204","PFDN5","CUR_05"
"curated",2,2022,225,"gene93010","B3GNT7","CUR_02"
"curated",2,2022,226,"gene3759","KCNJ2","CUR_03"
"curated",2,2022,227,"gene9510","ADAMTS1","CUR_08"
"curated",2,2022,228,"gene3113","HLA-DPA1","CUR_12"
"curated",2,2022,229,"gene10905","MAN1A2","CUR_12"
"curated",2,2022,230,"gene3315","HSPB1","CUR_03"
"curated",2,2022,231,"gene6193","RPS5","CUR_06"
"curated",2,2022,232,"gene7001","PRDX2","CUR_01"
"curated",2,2022,233,"gene10602","CDC42EP3","CUR_02"
"curated",2,2022,234,"gene6285","S100B","CUR_04"
"curated",2,2022,235,"gene196","AHR","CUR_13"
"curated",2,2022,236,"gene1524","CX3CR1","CUR_15"
"curated",2,2022,237,"gene9588","PRDX6","CUR_01"
"curated",2,2022,238,"gene4311","MME","CUR_12"
"curated",2,2022,239,"gene55831","EMC3","CUR_03"
"curated",2,2022,240,"gene9935","MAFB","CUR_02"
"curated",2,2022,241,"gene2015","ADGRE1","CUR_06"
"curated",2,2022,242,"gene10435","CDC42EP2","CUR_17"
"curated",2,2022,243,"gene2030","SLC29A1","CUR_06"
"curated",2,2022,244,"gene4012","LNPEP","CUR_07"
"curated",2,2022,245,"gene3162","HMOX1","CUR_17"
"curated",2,2022,246,"gene51312","SLC25A37","CUR_16"
"curated",2,2022,247,"gene2091","FBL","CUR_07"
"curated",2,2022,248,"gene5196","PF4","CUR_03"
"curated",2,2022,249,"gene3820","KLRB1","CUR_06"
"curated",2,2022,250,"gene23129","PLXND1","CUR_13"
"curated",2,2022,251,"gene59283","CACNG8","CUR_08"
"curated",2,2022,252,"gene84034","EMILIN2","CUR_06"
"curated",2,2022,253,"gene6231","RPS26","CUR_03"
"curated",2,2022,254,"gene6235","RPS29","CUR_14"
"curated",2,2022,255,"gene90480","GADD45GIP1","CUR_03"
"curated",2,2022,256,"gene64407","RGS18","CUR_19"
"curated",2,2022,257,"gene5144","PDE4D","CUR_02"
"curated",2,2022,258,"gene84333","PCGF5","CUR_05"
"curated",2,2022,259,"gene203","AK1","CUR_12"
"curated",2,2022,260,"gene3560","IL2RB","CUR_02"
"curated",2,2022,261,"gene5866","RAB3IL1","CUR_08"
"curated",2,2022,262,"gene925","CD8A","CUR_03"
"curated",2,2022,263,"gene939","CD27","CUR_03"
"curated",2,2022,264,"gene1028","CDKN1C","CUR_10"
"curated",2,2022,265,"gene11224","RPL35","CUR_12"
"curated",2,2022,266,"gene7850","IL1R2","CUR_03"
"curated",2,2022,267,"gene54438","GFOD1","CUR_06"
"curated",2,2022,268,"gene7045","TGFBI","CUR_11"
"curated",2,2022,269,"gene83716","CRISPLD2","CUR_19"
"curated",2,2022,270,"gene5729","PTGDR","CUR_01"
"curated",2,2022,271,"gene2791","GNG11","CUR_06"
"curated",2,2022,272,"gene2812","GP1BB","CUR_02"
"curated",2,2022,273,"gene3067","HDC","CUR_04"
"curated",2,2022,274,"gene1595","CYP51A1","CUR_02"
"curated",2,2022,275,"gene54543","TOMM7","CUR_15"
"curated",2,2022,276,"gene116844","LRG1","CUR_04"
"curated",2,2022,277,"gene7264","GFUS","CUR_01"
"curated",2,2022,278,"gene83666","PARP9","CUR_18"
"curated",2,2022,279,"gene6222","RPS18","CUR_02"
"curated",2,2022,280,"gene9491","PSMF1","CUR_11"
"curated",2,2022,281,"gene596","BCL2","CUR_12"
"curated",2,2022,282,"gene6234","RPS28","CUR_03"
"curated",2,2022,283,"gene2288","FKBP4","CUR_02"
"curated",2,2022,284,"gene6590","SLPI","CUR_16"
"curated",2,2022,285,"gene896","CCND3","CUR_08"
"curated",2,2022,286,"gene3792","KEL","CUR_12"
"curated",2,2022,287,"gene259197","NCR3","CUR_12"
"curated",2,2022,288,"gene401258","RAB44","CUR_01"
"curated",2,2022,289,"gene6208","RPS14","CUR_13"
"curated",2,2022,290,"gene8685","MARCO","CUR_08"
"curated",2,2022,291,"gene131870","NUDT16","CUR_07"
"curated",2,2022,292,"gene8807","IL18RAP","CUR_17"
"curated",2,2022,293,"gene27343","POLL","CUR_14"
"curated",2,2022,294,"gene8671","SLC4A4","CUR_14"
"curated",2,2022,295,"gene100133941","CD24","CUR_11"
"curated",2,2022,296,"gene9997","SCO2","CUR_18"
"curated",2,2022,297,"gene6510","SLC1A5","CUR_10"
"curated",2,2022,298,"gene6708","SPTA1","CUR_01"
"curated",2,2022,299,"gene8911","CACNA1I","CUR_03"
"curated",2,2022,300,"gene57823","SLAMF7","CUR_01"
"curated",2,2022,301,"gene9976","CLEC2B","CUR_12"
"curated",2,2022,302,"gene6678","SPARC","CUR_16"
"curated",2,2022,303,"gene6223","RPS19","CUR_16"
"curated",2,2022,304,"gene1191","CLU","CUR_06"
"curated",2,2022,305,"gene23365","ARHGEF12","CUR_02"
"curated",2,2022,306,"gene6726","SRP9","CUR_07"
"curated",2,2022,307,"gene3122","HLA-DRA","CUR_05"
"curated",2,2022,308,"gene926","CD8B","CUR_12"
"curated",2,2022,309,"gene6633","SNRPD2","CUR_05"
"curated",2,2022,310,"gene81027","TUBB1","CUR_01"
"curated",2,2022,311,"gene6773","STAT2","CUR_04"
"curated",2,2022,312,"gene6281","S100A10","CUR_06"
"curated",2,2022,313,"gene5997","RGS2","CUR_05"
"curated",2,2022,314,"gene7226","TRPM2","CUR_03"
"curated",2,2022,315,"gene129685","TAF8","CUR_04"
"curated",2,2022,316,"gene8460","TPST1","CUR_17"
"curated",2,2022,317,"gene4082","MARCKS","CUR_07"
"curated",2,2022,318,"gene80097","MZT2B","CUR_04"
"curated",2,2022,319,"gene22934","RPIA","CUR_04"
"curated",2,2022,320,"gene4354","MPP1","CUR_15"
"curated",2,2022,321,"gene388","RHOB","CUR_16"
"curated",2,2022,322,"gene9246","UBE2L6","CUR_07"
"curated",2,2022,323,"gene7852","CXCR4","CUR_04"
"curated",2,2022,324,"gene80310","PDGFD","CUR_12"
"curated",2,2022,325,"gene10622","POLR3G","CUR_12"
"curated",2,2022,326,"gene10135","NAMPT","CUR_11"
"curated",2,2022,327,"gene4778","NFE2","CUR_06"
"curated",2,2022,328,"gene160364","CLEC12A","CUR_02"
"curated",2,2022,329,"gene1912","PHC2","CUR_19"
"curated",2,2022,330,"gene10663","CXCR6","CUR_09"
"curated",2,2022,331,"gene9437","NCR1","CUR_17"
"curated",2,2022,332,"gene84649","DGAT2","CUR_13"
"curated",2,2022,333,"gene2624","GATA2","CUR_10"
"curated",2,2022,334,"gene3326","HSP90AB1","CUR_02"
"curated",2,2022,335,"gene5079","PAX5","CUR_09"
"curated",2,2022,336,"gene5208","PFKFB2","CUR_14"
"curated",2,2022,337,"gene353189","SLCO4C1","CUR_08"
"curated",2,2022,338,"gene3945","LDHB","CUR_07"
"curated",2,2022,339,"gene84174","SLA2","CUR_05"
"curated",2,2022,340,"gene3821","KLRC1","CUR_08"
"curated",2,2022,341,"gene356","FASLG","CUR_11"
"curated",2,2022,342,"gene59352","LGR6","CUR_10"
"curated",2,2022,343,"gene6201","RPS7","CUR_05"
"curated",2,2022,344,"gene6164","RPL34","CUR_18"
"curated",2,2022,345,"gene3921","RPSA","CUR_08"
"curated",2,2022,346,"gene3576","CXCL8","CUR_02"
"curated",2,2022,347,"gene6227","RPS21","CUR_01"
"curated",2,2022,348,"gene7915","ALDH5A1","CUR_07"
"curated",2,2022,349,"gene684","BST2","CUR_17"
"curated",2,2022,350,"gene80781","COL18A1","CUR_05"
"curated",2,2022,351,"gene6934","TCF7L2","CUR_06"
"curated",2,2022,352,"gene338440","ANO9","CUR_18"
"curated",2,2022,353,"gene80216","ALPK1","CUR_08"
"curated",2,2022,354,"gene6515","SLC2A3","CUR_16"
"curated",2,2022,355,"gene1933","EEF1B2","CUR_06"
"curated",2,2022,356,"gene400916","CHCHD10","CUR_01"
"curated",2,2022,357,"gene79689","STEAP4","CUR_09"
"curated",2,2022,358,"gene726","CAPN5","CUR_09"
"curated",2,2022,359,"gene729359","PLIN4","CUR_14"
"curated",2,2022,360,"gene57610","RANBP10","CUR_03"
"curated",2,2022,361,"gene4064","CD180","CUR_07"
"curated",2,2022,362,"gene25873","RPL36","CUR_10"
"curated",2,2022,363,"gene1847","DUSP5","CUR_04"
"curated",2,2022,364,"gene8291","DYSF","CUR_03"
"curated",2,2022,365,"gene51523","CXXC5","CUR_14"
"curated",2,2022,366,"gene3070","HELLS","CUR_19"
"curated",2,2022,367,"gene6036","RNASE2","CUR_06"
"curated",2,2022,368,"gene11123","RCAN3","CUR_05"
"curated",2,2022,369,"gene10581","IFITM2","CUR_15"
"curated",2,2022,370,"gene50509","COL5A3","CUR_02"
"curated",2,2022,371,"gene9975","NR1D2","CUR_08"
"curated",2,2022,372,"gene5464","PPA1","CUR_13"
"curated",2,2022,373,"gene140803","TRPM6","CUR_07"
"curated",2,2022,374,"gene6846","XCL2","CUR_17"
"curated",2,2022,375,"gene4537","MT-ND3","CUR_05"
"curated",2,2022,376,"gene3490","IGFBP7","CUR_05"
"curated",2,2022,377,"gene84766","CRACR2A","CUR_11"
"curated",2,2022,378,"gene944","TNFSF8","CUR_08"
"curated",2,2022,379,"gene366","AQP9","CUR_01"
"curated",2,2022,380,"gene9934","P2RY14","CUR_04"
"curated",2,2022,381,"gene7846","TUBA1A","CUR_03"
"curated",2,2022,382,"gene6478","SIAH2","CUR_06"
"curated",2,2022,383,"gene6171","RPL41","CUR_17"
"curated",2,2022,384,"gene6152","RPL24","CUR_02"
"curated",2,2022,385,"gene360","AQP3","CUR_04"
"curated",2,2022,386,"gene2214","FCGR3A","CUR_06"
"curated",2,2022,387,"gene3004","GZMM","CUR_13"
"curated",2,2022,388,"gene5494","PPM1A","CUR_16"
"curated",2,2022,389,"gene1232","CCR3","CUR_07"
"curated",2,2022,390,"gene4953","ODC1","CUR_05"
"curated",2,2022,391,"gene3274","HRH2","CUR_02"
"curated",2,2022,392,"gene5577","PRKAR2B","CUR_06"
"curated",2,2022,393,"gene9254","CACNA2D2","CUR_08"
"curated",2,2022,394,"gene915","CD3D","CUR_07"
"curated",2,2022,395,"gene3123","HLA-DRB1","CUR_02"
"curated",2,2022,396,"gene154","ADRB2","CUR_14"
"curated",2,2022,397,"gene929","CD14","CUR_02"
"curated",2,2022,398,"gene3577","CXCR1","CUR_01"
"curated",2,2022,399,"gene1880","GPR183","CUR_10"
"curated",2,2022,400,"gene6204","RPS10","CUR_06"
"curated",2,2022,401,"gene6224","RPS20","CUR_15"
"curated",2,2022,402,"gene126231","ZNF573","CUR_11"
"curated",2,2022,403,"gene57514","ARHGAP31","CUR_13"
"curated",2,2022,404,"gene31","ACACA","CUR_02"
"curated",2,2022,405,"gene1870","E2F2","CUR_02"
"curated",2,2022,406,"gene10449","ACAA2","CUR_17"
"curated",2,2022,407,"gene114907","FBXO32","CUR_18"
"curated",2,2022,408,"gene6139","RPL17","CUR_04"
"curated",2,2022,409,"gene79887","PLBD1","CUR_10"
"curated",2,2022,410,"gene2793","GNGT2","CUR_02"
"curated",2,2022,411,"gene2059","EPS8","CUR_01"
"curated",2,2022,412,"gene8334","H2AC6","CUR_12"
"curated",2,2022,413,"gene3613","IMPA2","CUR_05"
"curated",2,2022,414,"gene170622","COMMD6","CUR_09"
"curated",2,2022,415,"gene2550","GABBR1","CUR_18"
"curated",2,2022,416,"gene3572","IL6ST","CUR_02"
"curated",2,2022,417,"gene2950","GSTP1","CUR_02"
"curated",2,2022,418,"gene2081","ERN1","CUR_06"
"curated",2,2022,419,"gene4792","NFKBIA","CUR_01"
"curated",2,2022,420,"gene9398","CD101","CUR_09"
"curated",2,2022,421,"gene3028","HSD17B10","CUR_08"
"curated",2,2022,422,"gene6241","RRM2","CUR_01"
"curated",2,2022,423,"gene23401","FRAT2","CUR_12"
"curated",2,2022,424,"gene8794","TNFRSF10C","CUR_04"
"curated",2,2022,425,"gene22800","RRAS2","CUR_05"
"curated",2,2022,426,"gene3398","ID2","CUR_16"
"curated",2,2022,427,"gene4068","SH2D1A","CUR_03"
"curated",2,2022,428,"gene6286","S100P","CUR_15"
"curated",2,2022,429,"gene157285","PRAG1","CUR_06"
"curated",2,2022,430,"gene3340","NDST1","CUR_01"
"curated",2,2022,431,"gene85441","HELZ2","CUR_07"
"curated",2,2022,432,"gene6144","RPL21","CUR_13"
"curated",2,2022,433,"gene8638","OASL","CUR_14"
"curated",2,2022,434,"gene54407","SLC38A2","CUR_16"
"curated",2,2022,435,"gene81794","ADAMTS10","CUR_03"
"curated",2,2022,436,"gene6272","SORT1","CUR_04"
"curated",2,2022,437,"gene445582","POTEE","CUR_11"
"curated",2,2022,438,"gene1345","COX6C","CUR_03"
"curated",2,2022,439,"gene6146","RPL22","CUR_14"
"curated",2,2022,440,"gene514","ATP5F1E","CUR_unassigned"
"curated",2,2022,441,"gene6155","RPL27","CUR_06"
"curated",2,2022,442,"gene6160","RPL31","CUR_03"
"curated",2,2022,443,"gene162966","ZNF600","CUR_05"
"curated",2,2022,444,"gene3728","JUP","CUR_05"
"curated",2,2022,445,"gene26289","AK5","CUR_11"
"curated",2,2022,446,"gene2768","GNA12","CUR_07"
"curated",2,2022,447,"gene26268","FBXO9","CUR_13"
"curated",2,2022,448,"gene6647","SOD1","CUR_05"
"curated",2,2022,449,"gene7320","UBE2B","CUR_10"
"curated",2,2022,450,"gene3430","IFI35","CUR_02"
"curated",2,2022,451,"gene389","RHOC","CUR_06"
"curated",2,2022,452,"gene4261","CIITA","CUR_04"
"curated",2,2022,453,"gene65018","PINK1","CUR_03"
"curated",2,2022,454,"gene146850","PIK3R6","CUR_14"
"curated",2,2022,455,"gene301","ANXA1","CUR_01"
"curated",2,2022,456,"gene63893","UBE2O","CUR_01"
"curated",2,2022,457,"gene6886","TAL1","CUR_12"
"curated",2,2022,458,"gene54498","SMOX","CUR_03"
"curated",2,2022,459,"gene57630","SH3RF1","CUR_08"
"curated",2,2022,460,"gene1471","CST3","CUR_04"
"curated",2,2022,461,"gene56005","MYDGF","CUR_09"
"curated",2,2022,462,"gene8536","CAMK1","CUR_14"
"curated",2,2022,463,"gene10219","KLRG1","CUR_03"
"curated",2,2022,464,"gene5052","PRDX1","CUR_16"
"curated",2,2022,465,"gene838","CASP5","CUR_04"
"curated",2,2022,466,"gene682","BSG","CUR_01"
"curated",2,2022,467,"gene3164","NR4A1","CUR_16"
"curated",2,2022,468,"gene1475","CSTA","CUR_05"
"curated",2,2022,469,"gene5610","EIF2AK2","CUR_12"
"curated",2,2022,470,"gene6352","CCL5","CUR_02"
"curated",2,2022,471,"gene2634","GBP2","CUR_07"
"curated",2,2022,472,"gene5721","PSME2","CUR_12"
"curated",2,2022,473,"gene127933","UHMK1","CUR_16"
"curated",2,2022,474,"gene6168","RPL37A","CUR_05"
"curated",2,2022,475,"gene3115","HLA-DPB1","CUR_05"
"curated",2,2022,476,"gene8718","TNFRSF25","CUR_06"
"curated",2,2022,477,"gene80727","TTYH3","CUR_11"
"curated",2,2022,478,"gene221472","FGD2","CUR_09"
"curated",2,2022,479,"gene1350","COX7C","CUR_14"
"curated",2,2022,480,"gene6641","SNTB1","CUR_13"
"curated",2,2022,481,"gene4900","NRGN","CUR_18"
"curated",2,2022,482,"gene5141","PDE4A","CUR_18"
"curated",2,2022,483,"gene5027","P2RX7","CUR_01"
"curated",2,2022,484,"gene219333","USP12","CUR_09"
"curated",2,2022,485,"gene302","ANXA2","CUR_unassigned"
"curated",2,2022,486,"gene4353","MPO","CUR_07"
"curated",2,2022,487,"gene8724","SNX3","CUR_14"
"curated",2,2022,488,"gene25801","GCA","CUR_16"
"curated",2,2022,489,"gene968","CD68","CUR_04"
"curated",2,2022,490,"gene122416","ANKRD9","CUR_14"
"curated",2,2022,491,"gene2153","F5","CUR_05"
"curated",2,2022,492,"gene9531","BAG3","CUR_10"
"curated",2,2022,493,"gene23191","CYFIP1","CUR_02"
"curated",2,2022,494,"gene8787","RGS9","CUR_02"
"curated",2,2022,495,"gene6280","S100A9","CUR_11"
"curated",2,2022,496,"gene54790","TET2","CUR_14"
"curated",2,2022,497,"gene1116","CHI3L1","CUR_06"
"curated",2,2022,498,"gene6194","RPS6","CUR_07"
"curated",2,2022,499,"gene6154","RPL26","CUR_12"
"curated",2,2022,500,"gene22914","KLRK1","CUR_05"
"curated",2,2022,501,"gene1593","CYP27A1","CUR_03"
"curated",2,2022,502,"gene91319","DERL3","CUR_01"
"curated",2,2022,503,"gene3646","EIF3E","CUR_04"
"curated",2,2022,504,"gene6206","RPS12","CUR_02"
"curated",2,2022,505,"gene321","APBA2","CUR_08"
"curated",2,2022,506,"gene7273","TTN","CUR_07"
"curated",2,2022,507,"gene8875","VNN2","CUR_01"
"curated",2,2022,508,"gene28996","HIPK2","CUR_03"
"curated",2,2022,509,"gene1512","CTSH","CUR_19"
"curated",2,2022,510,"gene25824","PRDX5","CUR_15"
"curated",2,2022,511,"gene10963","STIP1","CUR_06"
"curated",2,2022,512,"gene217","ALDH2","CUR_11"
"curated",2,2022,513,"gene114879","OSBPL5","CUR_03"
"curated",2,2022,514,"gene25956","SEC31B","CUR_05"
"curated",2,2022,515,"gene3566","IL4R","CUR_07"
"curated",2,2022,516,"gene4833","NME4","CUR_02"
"curated",2,2022,517,"gene133522","PPARGC1B","CUR_08"
"curated",2,2022,518,"gene5140","PDE3B","CUR_16"
"curated",2,2022,519,"gene55432","YOD1","CUR_04"
"curated",2,2022,520,"gene1675","CFD","CUR_11"
"curated",2,2022,521,"gene23475","QPRT","CUR_01"
"curated",2,2022,522,"gene330","BIRC3","CUR_16"
"curated",2,2022,523,"gene3925","STMN1","CUR_07"
"curated",2,2022,524,"gene3693","ITGB5","CUR_04"
"curated",2,2022,525,"gene6175","RPLP0","CUR_07"
"curated",2,2022,526,"gene6161","RPL32","CUR_06"
"curated",2,2022,527,"gene7311","UBA52","CUR_13"
"curated",2,2022,528,"gene4831","NME2","CUR_15"
"curated",2,2022,529,"gene6141","RPL18","CUR_01"
"curated",2,2022,530,"gene6713","SQLE","CUR_07"
"curated",2,2022,531,"gene8905","AP1S2","CUR_05"
"curated",2,2022,532,"gene4303","FOXO4","CUR_17"
"curated",2,2022,533,"gene8669","EIF3J","CUR_09"
"curated",2,2022,534,"gene146330","FBXL16","CUR_14"
"curated",2,2022,535,"gene6165","RPL35A","CUR_05"
"curated",2,2022,536,"gene4502","MT2A","CUR_12"
"curated",2,2022,537,"gene22885","ABLIM3","CUR_02"
"curated",2,2022,538,"gene513","ATP5F1D","CUR_04"
"curated",2,2022,539,"gene51734","MSRB1","CUR_12"
"curated",2,2022,540,"gene10871","CD300C","CUR_13"
"curated",2,2022,541,"gene6228","RPS23","CUR_13"
"curated",2,2022,542,"gene143686","SESN3","CUR_09"
"curated",2,2022,543,"gene51024","FIS1","CUR_01"
"curated",2,2022,544,"gene6191","RPS4X","CUR_11"
"curated",2,2022,545,"gene2781","GNAZ","CUR_03"
"curated",2,2022,546,"gene6001","RGS10","CUR_16"
"curated",2,2022,547,"gene84874","ZNF514","CUR_19"
"curated",2,2022,548,"gene84131","CEP78","CUR_16"
"curated",2,2022,549,"gene4605","MYBL2","CUR_04"
"curated",2,2022,550,"gene3822","KLRC2","CUR_11"
"curated",2,2022,551,"gene8140","SLC7A5","CUR_17"
"curated",2,2022,552,"gene2048","EPHB2","CUR_04"
"curated",2,2022,553,"gene3394","IRF8","CUR_15"
"curated",2,2022,554,"gene80139","ZNF703","CUR_15"
"curated",2,2022,555,"gene5727","PTCH1","CUR_10"
"curated",2,2022,556,"gene6721","SREBF2","CUR_19"
"curated",2,2022,557,"gene6648","SOD2","CUR_08"
"curated",2,2022,558,"gene5836","PYGL","CUR_06"
"curated",2,2022,559,"gene2947","GSTM3","CUR_04"
"curated",2,2022,560,"gene4345","CD200","CUR_01"
"curated",2,2022,561,"gene151742","PPM1L","CUR_07"
"curated",2,2022,562,"gene340205","TREML1","CUR_10"
"curated",2,2022,563,"gene708","C1QBP","CUR_08"
"curated",2,2022,564,"gene7169","TPM2","CUR_04"
"curated",2,2022,565,"gene6202","RPS8","CUR_11"
"curated",2,2022,566,"gene3480","IGF1R","CUR_03"
"curated",2,2022,567,"gene66002","CYP4F12","CUR_05"
"curated",2,2022,568,"gene388931","MFSD2B","CUR_01"
"curated",2,2022,569,"gene133","ADM","CUR_06"
"curated",2,2022,570,"gene6147","RPL23A","CUR_08"
"curated",2,2022,571,"gene3579","CXCR2","CUR_07"
"curated",2,2022,572,"gene6142","RPL18A","CUR_06"
"curated",2,2022,573,"gene4282","MIF","CUR_04"
"curated",2,2022,574,"gene3336","HSPE1","CUR_05"
"curated",2,2022,575,"gene4773","NFATC2","CUR_10"
"curated",2,2022,576,"gene2787","GNG5","CUR_08"
"curated",2,2022,577,"gene10437","IFI30","CUR_09"
"curated",2,2022,578,"gene161882","ZFPM1","CUR_05"
"curated",2,2022,579,"gene2357","FPR1","CUR_16"
"curated",2,2022,580,"gene6635","SNRPE","CUR_13"
"curated",2,2022,581,"gene56975","FAM20C","CUR_11"
"curated",2,2022,582,"gene2162","F13A1","CUR_09"
"curated",2,2022,583,"gene9231","DLG5","CUR_04"
"curated",2,2022,584,"gene10859","LILRB1","CUR_17"
"curated",2,2022,585,"gene933","CD22","CUR_06"
"curated",2,2022,586,"gene942","CD86","CUR_19"
"curated",2,2022,587,"gene9145","SYNGR1","CUR_01"
"curated",2,2022,588,"gene2058","EPRS1","CUR_04"
"curated",2,2022,589,"gene6556","SLC11A1","CUR_02"
"curated",2,2022,590,"gene6217","RPS16","CUR_07"
"curated",2,2022,591,"gene80012","PHC3","CUR_03"
"curated",2,2022,592,"gene2776","GNAQ","CUR_16"
"curated",2,2022,593,"gene6169","RPL38","CUR_04"
"curated",2,2022,594,"gene117155","CATSPER2","CUR_04"
"curated",2,2022,595,"gene25946","ZNF385A","CUR_12"
"curated",2,2022,596,"gene134429","STARD4","CUR_02"
"curated",2,2022,597,"gene3556","IL1RAP","CUR_18"
"curated",2,2022,598,"gene7128","TNFAIP3","CUR_02"
"curated",2,2022,599,"gene6159","RPL29","CUR_05"
"curated",2,2022,600,"gene9194","SLC16A7","CUR_07"
"curated",2,2022,601,"gene275","AMT","CUR_04"
"curated",2,2022,602,"gene5567","PRKACB","CUR_08"
"curated",2,2022,603,"gene83988","NCALD","CUR_02"
"curated",2,2022,604,"gene9580","SOX13","CUR_05"
"curated",2,2022,605,"gene4708","NDUFB2","CUR_13"
"curated",2,2022,606,"gene3575","IL7R","CUR_14"
"curated",2,2022,607,"gene4830","NME1","CUR_05"
"curated",2,2022,608,"gene27287","VENTX","CUR_02"
"curated",2,2022,609,"gene55423","SIRPG","CUR_03"
"curated",2,2022,610,"gene4646","MYO6","CUR_02"
"curated",2,2022,611,"gene58477","SRPRB","CUR_09"
"curated",2,2022,612,"gene6188","RPS3","CUR_10"
"curated",2,2022,613,"gene54583","EGLN1","CUR_10"
"curated",2,2022,614,"gene1163","CKS1B","CUR_04"
"curated",2,2022,615,"gene5732","PTGER2","CUR_13"
"curated",2,2022,616,"gene306","ANXA3","CUR_02"
"curated",2,2022,617,"gene1043","CD52","CUR_01"
"curated",2,2022,618,"gene7203","CCT3","CUR_09"
"curated",2,2022,619,"gene2206","MS4A2","CUR_13"
"curated",2,2022,620,"gene6173","RPL36A","CUR_10"
"curated",2,2022,621,"gene79071","ELOVL6","CUR_16"
"curated",2,2022,622,"gene6039","RNASE6","CUR_10"
"curated",2,2022,623,"gene123","PLIN2","CUR_08"
"curated",2,2022,624,"gene8541","PPFIA3","CUR_13"
"curated",2,2022,625,"gene1890","TYMP","CUR_18"
"curated",2,2022,626,"gene3386","ICAM4","CUR_07"
"curated",2,2022,627,"gene3595","IL12RB2","CUR_03"
"curated",2,2022,628,"gene9045","RPL14","CUR_10"
"curated",2,2022,629,"gene55466","DNAJA4","CUR_14"
"curated",2,2022,630,"gene5966","REL","CUR_13"
"curated",2,2022,631,"gene54210","TREM1","CUR_09"
"curated",2,2022,632,"gene4638","MYLK","CUR_05"
"curated",2,2022,633,"gene3717","JAK2","CUR_01"
"curated",2,2022,634,"gene2309","FOXO3","CUR_12"
"curated",2,2022,635,"gene140807","KRT72","CUR_05"
"curated",2,2022,636,"gene8320","EOMES","CUR_03"
"curated",2,2022,637,"gene6207","RPS13","CUR_13"
"curated",2,2022,638,"gene2201","FBN2","CUR_18"
"curated",2,2022,639,"gene3486","IGFBP3","CUR_05"
"curated",2,2022,640,"gene79834","PEAK1","CUR_09"
"curated",2,2022,641,"gene57698","SHTN1","CUR_19"
"curated",2,2022,642,"gene463","ZFHX3","CUR_02"
"curated",2,2022,643,"gene6375","XCL1","CUR_11"
"curated",2,2022,644,"gene57654","UVSSA","CUR_06"
"curated",2,2022,645,"gene539","ATP5PO","CUR_05"
"curated",2,2022,646,"gene597","BCL2A1","CUR_13"
"curated",2,2022,647,"gene719","C3AR1","CUR_17"
"curated",2,2022,648,"gene83999","KREMEN1","CUR_03"
"curated",2,2022,649,"gene56172","ANKH","CUR_19"
"curated",2,2022,650,"gene710","SERPING1","CUR_16"
"curated",2,2022,651,"gene10462","CLEC10A","CUR_04"
"curated",2,2022,652,"gene6209","RPS15","CUR_05"
"curated",2,2022,653,"gene527","ATP6V0C","CUR_01"
"curated",2,2022,654,"gene81030","ZBP1","CUR_01"
"curated",2,2022,655,"gene6095","RORA","CUR_14"
"curated",2,2022,656,"gene1051","CEBPB","CUR_18"
"curated",2,2022,657,"gene6233","RPS27A","CUR_09"
"curated",2,2022,658,"gene5901","RAN","CUR_09"
"curated",2,2022,659,"gene9170","LPAR2","CUR_08"
"curated",2,2022,660,"gene2317","FLNB","CUR_09"
"curated",2,2022,661,"gene2203","FBP1","CUR_03"
"curated",2,2022,662,"gene2017","CTTN","CUR_04"
"curated",2,2022,663,"gene6218","RPS17","CUR_01"
"curated",2,2022,664,"gene192286","HIGD2A","CUR_16"
"curated",2,2022,665,"gene259173","ALS2CL","CUR_15"
"curated",2,2022,666,"gene10549","PRDX4","CUR_02"
"curated",2,2022,667,"gene23547","LILRA4","CUR_14"
"curated",2,2022,668,"gene353","APRT","CUR_11"
"curated",2,2022,669,"gene51389","RWDD1","CUR_13"
"curated",2,2022,670,"gene100996939","PYURF","CUR_01"
"curated",2,2022,671,"gene84992","PIGY","CUR_09"
"curated",2,2022,672,"gene59285","CACNG6","CUR_01"
"curated",2,2022,673,"gene940","CD28","CUR_03"
"curated",2,2022,674,"gene760","CA2","CUR_01"
"curated",2,2022,675,"gene2760","GM2A","CUR_17"
"curated",2,2022,676,"gene8349","H2BC21","CUR_08"
"curated",2,2022,677,"gene978","CDA","CUR_01"
"curated",2,2022,678,"gene2790","GNG10","CUR_14"
"curated",2,2022,679,"gene54843","SYTL2","CUR_06"
"curated",2,2022,680,"gene10870","HCST","CUR_08"
"curated",2,2022,681,"gene671","BPI","CUR_17"
"curated",2,2022,682,"gene27102","EIF2AK1","CUR_15"
"curated",2,2022,683,"gene3772","KCNJ15","CUR_13"
"curated",2,2022,684,"gene1436","CSF1R","CUR_11"
"curated",2,2022,685,"gene728294","D2HGDH","CUR_09"
"curated",2,2022,686,"gene6167","RPL37","CUR_10"
"curated",2,2022,687,"gene6134","RPL10","CUR_07"
"curated",2,2022,688,"gene8714","ABCC3","CUR_01"
"curated",2,2022,689,"gene6125","RPL5","CUR_07"
"curated",2,2022,690,"gene56953","NT5M","CUR_10"
"curated",2,2022,691,"gene8482","SEMA7A","CUR_02"
"curated",2,2022,692,"gene64759","TNS3","CUR_01"
"curated",2,2022,693,"gene90990","KIFC2","CUR_06"
"curated",2,2022,694,"gene2194","FASN","CUR_14"
"curated",2,2022,695,"gene4736","RPL10A","CUR_18"
"curated",2,2022,696,"gene974","CD79B","CUR_01"
"curated",2,2022,697,"gene4869","NPM1","CUR_11"
"curated",2,2022,698,"gene5016","OVGP1","CUR_12"
"curated",2,2022,699,"gene3590","IL11RA","CUR_01"
"curated",2,2022,700,"gene23645","PPP1R15A","CUR_04"
"curated",2,2022,701,"gene23677","SH3BP4","CUR_06"
"curated",2,2022,702,"gene155066","ATP6V0E2","CUR_08"
"curated",2,2022,703,"gene8993","PGLYRP1","CUR_07"
"curated",2,2022,704,"gene4069","LYZ","CUR_07"
"curated",2,2022,705,"gene1848","DUSP6","CUR_16"
"curated",2,2022,706,"gene1717","DHCR7","CUR_07"
"curated",2,2022,707,"gene55967","NDUFA12","CUR_09"
"curated",2,2022,708,"gene30817","ADGRE2","CUR_01"
"curated",2,2022,709,"gene643","CXCR5","CUR_09"
"curated",2,2022,710,"gene10857","PGRMC1","CUR_01"
"curated",2,2022,711,"gene1312","COMT","CUR_02"
"curated",2,2022,712,"gene51386","EIF3L","CUR_06"
"curated",2,2022,713,"gene1536","CYBB","CUR_05"
"curated",2,2022,714,"gene8740","TNFSF14","CUR_01"
"curated",2,2022,715,"gene27339","PRPF19","CUR_17"
"curated",2,2022,716,"gene84443","FRMPD3","CUR_01"
"curated",2,2022,717,"gene5621","PRNP","CUR_04"
"curated",2,2022,718,"gene3903","LAIR1","CUR_15"
"curated",2,2022,719,"gene3312","HSPA8","CUR_03"
"curated",2,2022,720,"gene1803","DPP4","CUR_05"
"curated",2,2022,721,"gene23586","RIGI","CUR_08"
"curated",2,2022,722,"gene23327","NEDD4L","CUR_02"
"curated",2,2022,723,"gene3091","HIF1A","CUR_12"
"curated",2,2022,724,"gene57571","CARNS1","CUR_10"
"curated",2,2022,725,"gene89790","SIGLEC10","CUR_04"
"curated",2,2022,726,"gene8111","GPR68","CUR_02"
"curated",2,2022,727,"gene4660","PPP1R12B","CUR_15"
"curated",2,2022,728,"gene64425","POLR1E","CUR_03"
"curated",2,2022,729,"gene10728","PTGES3","CUR_12"
"curated",2,2022,730,"gene140809","SRXN1","CUR_16"
"curated",2,2022,731,"gene23250","ATP11A","CUR_06"
"curated",2,2022,732,"gene8821","INPP4B","CUR_12"
"curated",2,2022,733,"gene57162","PELI1","CUR_02"
"curated",2,2022,734,"gene6137","RPL13","CUR_16"
"curated",2,2022,735,"gene4000","LMNA","CUR_12"
"curated",2,2022,736,"gene5209","PFKFB3","CUR_01"
"curated",2,2022,737,"gene56993","TOMM22","CUR_07"
"curated",2,2022,738,"gene7090","TLE3","CUR_19"
"curated",2,2022,739,"gene7494","XBP1","CUR_15"
"curated",2,2022,740,"gene718","C3","CUR_01"
"curated",2,2022,741,"gene64167","ERAP2","CUR_06"
"curated",2,2022,742,"gene2149","F2R","CUR_01"
"curated",2,2022,743,"gene81857","MED25","CUR_01"
"curated",2,2022,744,"gene1891","ECH1","CUR_08"
"curated",2,2022,745,"gene8673","VAMP8","CUR_16"
"curated",2,2022,746,"gene6720","SREBF1","CUR_04"
"curated",2,2022,747,"gene8607","RUVBL1","CUR_01"
"curated",2,2022,748,"gene8682","PEA15","CUR_02"
"curated",2,2022,749,"gene10055","SAE1","CUR_04"
"curated",2,2022,750,"gene85439","STON2","CUR_04"
"curated",2,2022,751,"gene10913","EDAR","CUR_09"
"curated",2,2022,752,"gene6843","VAMP1","CUR_02"
"curated",2,2022,753,"gene3557","IL1RN","CUR_08"
"curated",2,2022,754,"gene5603","MAPK13","CUR_01"
"curated",2,2022,755,"gene28984","RGCC","CUR_01"
"curated",2,2022,756,"gene319101","KRT73","CUR_09"
"curated",2,2022,757,"gene1296","COL8A2","CUR_19"
"curated",2,2022,758,"gene27242","TNFRSF21","CUR_06"
"curated",2,2022,759,"gene10051","SMC4","CUR_04"
"curated",2,2022,760,"gene8780","RIOK3","CUR_03"
"curated",2,2022,761,"gene55558","PLXNA3","CUR_06"
"curated",2,2022,762,"gene6138","RPL15","CUR_07"
"curated",2,2022,763,"gene55704","CCDC88A","CUR_17"
"curated",2,2022,764,"gene6513","SLC2A1","CUR_10"
"curated",2,2022,765,"gene1622","DBI","CUR_07"
"curated",2,2022,766,"gene4171","MCM2","CUR_05"
"curated",2,2022,767,"gene64981","MRPL34","CUR_09"
"curated",2,2022,768,"gene23136","EPB41L3","CUR_05"
"curated",2,2022,769,"gene9450","LY86","CUR_16"
"curated",2,2022,770,"gene6176","RPLP1","CUR_03"
"curated",2,2022,771,"gene23305","ACSL6","CUR_10"
"curated",2,2022,772,"gene64386","MMP25","CUR_13"
"curated",2,2022,773,"gene6230","RPS25","CUR_10"
"curated",2,2022,774,"gene10276","NET1","CUR_10"
"curated",2,2022,775,"gene80739","MPIG6B","CUR_07"
"curated",2,2022,776,"gene10875","FGL2","CUR_unassigned"
"curated",2,2022,777,"gene56261","GPCPD1","CUR_12"
"curated",2,2022,778,"gene24138","IFIT5","CUR_02"
"curated",2,2022,779,"gene2053","EPHX2","CUR_12"
"curated",2,2022,780,"gene80005","DOCK5","CUR_05"
"curated",2,2022,781,"gene79888","LPCAT1","CUR_08"
"curated",2,2022,782,"gene29107","NXT1","CUR_01"
"curated",2,2022,783,"gene4193","MDM2","CUR_03"
"curated",2,2022,784,"gene2358","FPR2","CUR_02"
"curated",2,2022,785,"gene10161","LPAR6","CUR_01"
"curated",2,2022,786,"gene9759","HDAC4","CUR_12"
"curated",2,2022,787,"gene10654","PMVK","CUR_04"
"curated",2,2022,788,"gene84254","CAMKK1","CUR_17"
"curated",2,2022,789,"gene1378","CR1","CUR_08"
"curated",2,2022,790,"gene10575","CCT4","CUR_14"
"curated",2,2022,791,"gene53834","FGFRL1","CUR_10"
"curated",2,2022,792,"gene3459","IFNGR1","CUR_12"
"curated",2,2022,793,"gene22918","CD93","CUR_15"
"curated",2,2022,794,"gene2281","FKBP1B","CUR_05"
"curated",2,2022,795,"gene84628","NTNG2","CUR_01"
"curated",2,2022,796,"gene94015","TTYH2","CUR_03"
"curated",2,2022,797,"gene6923","ELOB","CUR_10"
"curated",2,2022,798,"gene253260","RICTOR","CUR_10"
"curated",2,2022,799,"gene7476","WNT7A","CUR_01"
"curated",2,2022,800,"gene10516","FBLN5","CUR_11"
"curated",2,2022,801,"gene917","CD3G","CUR_04"
"curated",2,2022,802,"gene3014","H2AX","CUR_08"
"curated",2,2022,803,"gene2197","FAU","CUR_05"
"curated",2,2022,804,"gene5087","PBX1","CUR_10"
"curated",2,2022,805,"gene5245","PHB1","CUR_08"
"curated",2,2022,806,"gene10783","NEK6","CUR_05"
"curated",2,2022,807,"gene55827","DCAF6","CUR_13"
"curated",2,2022,808,"gene1032","CDKN2D","CUR_17"
"curated",2,2022,809,"gene864","RUNX3","CUR_09"
"curated",2,2022,810,"gene51176","LEF1","CUR_01"
"curated",2,2022,811,"gene1230","CCR1","CUR_10"
"curated",2,2022,812,"gene8542","APOL1","CUR_08"
"curated",2,2022,813,"gene5296","PIK3R2","CUR_05"
"curated",2,2022,814,"gene7381","UQCRB","CUR_10"
"curated",2,2022,815,"gene4689","NCF4","CUR_04"
"curated",2,2022,816,"gene6157","RPL27A","CUR_06"
"curated",2,2022,817,"gene2199","FBLN2","CUR_03"
"curated",2,2022,818,"gene7706","TRIM25","CUR_05"
"curated",2,2022,819,"gene9241","NOG","CUR_02"
"curated",2,2022,820,"gene123041","SLC24A4","CUR_04"
"curated",2,2022,821,"gene9314","KLF4","CUR_17"
"curated",2,2022,822,"gene8815","BANF1","CUR_15"
"curated",2,2022,823,"gene26232","FBXO2","CUR_04"
"curated",2,2022,824,"gene1019","CDK4","CUR_05"
"curated",2,2022,825,"gene23433","RHOQ","CUR_02"
"curated",2,2022,826,"gene64135","IFIH1","CUR_13"
"curated",2,2022,827,"gene3094","HINT1","CUR_06"
"curated",2,2022,828,"gene91584","PLXNA4","CUR_06"
"curated",2,2022,829,"gene55112","DYNC2I1","CUR_08"
"curated",2,2022,830,"gene8741","TNFSF13","CUR_06"
"curated",2,2022,831,"gene7036","TFR2","CUR_07"
"curated",2,2022,832,"gene51380","CSAD","CUR_06"
"curated",2,2022,833,"gene2219","FCN1","CUR_03"
"curated",2,2022,834,"gene5728","PTEN","CUR_03"
"curated",2,2022,835,"gene4703","NEB","CUR_01"
"curated",2,2022,836,"gene4092","SMAD7","CUR_02"
"curated",2,2022,837,"gene1175","AP2S1","CUR_08"
"curated",2,2022,838,"gene22836","RHOBTB3","CUR_04"
"curated",2,2022,839,"gene23463","ICMT","CUR_06"
"curated",2,2022,840,"gene59340","HRH4","CUR_05"
"curated",2,2022,841,"gene3068","HDGF","CUR_11"
"curated",2,2022,842,"gene6229","RPS24","CUR_09"
"curated",2,2022,843,"gene55615","PRR5","CUR_09"
"curated",2,2022,844,"gene4332","MNDA","CUR_02"
"curated",2,2022,845,"gene5775","PTPN4","CUR_14"
"curated",2,2022,846,"gene3959","LGALS3BP","CUR_09"
"curated",2,2022,847,"gene9334","B4GALT5","CUR_01"
"curated",2,2022,848,"gene57674","RNF213","CUR_10"
"curated",2,2022,849,"gene653361","NCF1","CUR_09"
"curated",2,2022,850,"gene2739","GLO1","CUR_04"
"curated",2,2022,851,"gene26140","TTLL3","CUR_09"
"curated",2,2022,852,"gene27018","BEX3","CUR_02"
"curated",2,2022,853,"gene912","CD1D","CUR_13"
"curated",2,2022,854,"gene54549","SDK2","CUR_16"
"curated",2,2022,855,"gene2625","GATA3","CUR_02"
"curated",2,2022,856,"gene4809","SNU13","CUR_05"
"curated",2,2022,857,"gene2215","FCGR3B","CUR_01"
"curated",2,2022,858,"gene114822","RHPN1","CUR_15"
"curated",2,2022,859,"gene962","CD48","CUR_05"
"curated",2,2022,860,"gene8357","H3C10","CUR_13"
"curated",2,2022,861,"gene221937","FOXK1","CUR_16"
"curated",2,2022,862,"gene23423","TMED3","CUR_10"
"curated",2,2022,863,"gene221037","JMJD1C","CUR_01"
"curated",2,2022,864,"gene51650","MRPS33","CUR_17"
"curated",2,2022,865,"gene868","CBLB","CUR_03"
"curated",2,2022,866,"gene6732","SRPK1","CUR_02"
"curated",2,2022,867,"gene4715","NDUFB9","CUR_13"
"curated",2,2022,868,"gene6307","MSMO1","CUR_10"
"curated",2,2022,869,"gene8519","IFITM1","CUR_17"
"curated",2,2022,870,"gene6158","RPL28","CUR_10"
"curated",2,2022,871,"gene161742","SPRED1","CUR_01"
"curated",2,2022,872,"gene1154","CISH","CUR_08"
"curated",2,2022,873,"gene8665","EIF3F","CUR_03"
"curated",2,2022,874,"gene5197","PF4V1","CUR_01"
"curated",2,2022,875,"gene4904","YBX1","CUR_04"
"curated",2,2022,876,"gene80854","SETD7","CUR_01"
"curated",2,2022,877,"gene7514","XPO1","CUR_18"
"curated",2,2022,878,"gene706","TSPO","CUR_17"
"curated",2,2022,879,"gene84159","ARID5B","CUR_18"
"curated",2,2022,880,"gene5886","RAD23A","CUR_07"
"curated",2,2022,881,"gene9651","PLCH2","CUR_07"
"curated",2,2022,882,"gene80115","BAIAP2L2","CUR_06"
"curated",2,2022,883,"gene7153","TOP2A","CUR_15"
"curated",2,2022,884,"gene1628","DBP","CUR_08"
"curated",2,2022,885,"gene3320","HSP90AA1","CUR_02"
"curated",2,2022,886,"gene5800","PTPRO","CUR_03"
"curated",2,2022,887,"gene55240","STEAP3","CUR_02"
"curated",2,2022,888,"gene6150","MRPL23","CUR_05"
"curated",2,2022,889,"gene8668","EIF3I","CUR_01"
"curated",2,2022,890,"gene151636","DTX3L","CUR_11"
"curated",2,2022,891,"gene290","ANPEP","CUR_17"
"curated",2,2022,892,"gene7089","TLE2","CUR_01"
"curated",2,2022,893,"gene54331","GNG2","CUR_05"
"curated",2,2022,894,"gene54464","XRN1","CUR_14"
"curated",2,2022,895,"gene728","C5AR1","CUR_16"
"curated",2,2022,896,"gene4050","LTB","CUR_08"
"curated",2,2022,897,"gene80201","HKDC1","CUR_05"
"curated",2,2022,898,"gene11343","MGLL","CUR_02"
"curated",2,2022,899,"gene22898","DENND3","CUR_15"
"curated",2,2022,900,"gene64061","TSPYL2","CUR_18"
"curated",2,2022,901,"gene1937","EEF1G","CUR_09"
"curated",2,2022,902,"gene1269","CNR2","CUR_15"
"curated",2,2022,903,"gene27335","EIF3K","CUR_13"
"curated",2,2022,904,"gene10154","PLXNC1","CUR_13"
"curated",2,2022,905,"gene1241","LTB4R","CUR_17"
"curated",2,2022,906,"gene60489","APOBEC3G","CUR_02"
"curated",2,2022,907,"gene51310","SLC22A17","CUR_02"
"curated",2,2022,908,"gene10811","NOXA1","CUR_04"
"curated",2,2022,909,"gene25885","POLR1A","CUR_02"
"curated",2,2022,910,"gene1233","CCR4","CUR_03"
"curated",2,2022,911,"gene57105","CYSLTR2","CUR_01"
"curated",2,2022,912,"gene51747","LUC7L3","CUR_02"
"curated",2,2022,913,"gene56937","PMEPA1","CUR_13"
"curated",2,2022,914,"gene4509","MT-ATP8","CUR_19"
"curated",2,2022,915,"gene4522","MTHFD1","CUR_05"
"curated",2,2022,916,"gene7056","THBD","CUR_14"
"curated",2,2022,917,"gene91749","SLC60A2","CUR_18"
"curated",2,2022,918,"gene51320","MEX3C","CUR_15"
"curated",2,2022,919,"gene2672","GFI1","CUR_14"
"curated",2,2022,920,"gene8477","GPR65","CUR_01"
"curated",2,2022,921,"gene216","ALDH1A1","CUR_18"
"curated",2,2022,922,"gene10490","VTI1B","CUR_09"
"curated",2,2022,923,"gene5351","PLOD1","CUR_02"
"curated",2,2022,924,"gene9585","KIF20B","CUR_10"
"curated",2,2022,925,"gene959","CD40LG","CUR_08"
"curated",2,2022,926,"gene253782","CERS6","CUR_02"
"curated",2,2022,927,"gene518","ATP5MC3","CUR_16"
"curated",2,2022,928,"gene5411","PNN","CUR_12"
"curated",2,2022,929,"gene2570","GABRR2","CUR_16"
"curated",2,2022,930,"gene29116","MYLIP","CUR_01"
"curated",2,2022,931,"gene10794","ZNF460","CUR_09"
"curated",2,2022,932,"gene10970","CKAP4","CUR_07"
"curated",2,2022,933,"gene79090","TRAPPC6A","CUR_10"
"curated",2,2022,934,"gene6124","RPL4","CUR_15"
"curated",2,2022,935,"gene932","MS4A3","CUR_07"
"curated",2,2022,936,"gene55313","CPPED1","CUR_04"
"curated",2,2022,937,"gene114882","OSBPL8","CUR_17"
"curated",2,2022,938,"gene55701","ARHGEF40","CUR_11"
"curated",2,2022,939,"gene610","HCN2","CUR_06"
"curated",2,2022,940,"gene8863","PER3","CUR_06"
"curated",2,2022,941,"gene3109","HLA-DMB","CUR_09"
"curated",2,2022,942,"gene8313","AXIN2","CUR_13"
"curated",2,2022,943,"gene83858","ATAD3B","CUR_05"
"curated",2,2022,944,"gene11240","PADI2","CUR_05"
"curated",2,2022,945,"gene1795","DOCK3","CUR_03"
"curated",2,2022,946,"gene151306","GPBAR1","CUR_01"
"curated",2,2022,947,"gene6132","RPL8","CUR_14"
"curated",2,2022,948,"gene1514","CTSL","CUR_03"
"curated",2,2022,949,"gene63891","RNF123","CUR_03"
"curated",2,2022,950,"gene4172","MCM3","CUR_04"
"curated",2,2022,951,"gene79143","MBOAT7","CUR_06"
"curated",2,2022,952,"gene64772","ENGASE","CUR_15"
"curated",2,2022,953,"gene25804","LSM4","CUR_06"
"curated",2,2022,954,"gene29802","VPREB3","CUR_01"
"curated",2,2022,955,"gene7433","VIPR1","CUR_14"
"curated",2,2022,956,"gene1508","CTSB","CUR_05"
"curated",2,2022,957,"gene1901","S1PR1","CUR_02"
"curated",2,2022,958,"gene23530","NNT","CUR_05"
"curated",2,2022,959,"gene79646","PANK3","CUR_12"
"curated",2,2022,960,"gene89849","ATG16L2","CUR_09"
"curated",2,2022,961,"gene7710","ZNF154","CUR_13"
"curated",2,2022,962,"gene7027","TFDP1","CUR_11"
"curated",2,2022,963,"gene2643","GCH1","CUR_15"
"curated",2,2022,964,"gene200315","APOBEC3A","CUR_08"
"curated",2,2022,965,"gene143884","CWF19L2","CUR_15"
"curated",2,2022,966,"gene2948","GSTM4","CUR_06"
"curated",2,2022,967,"gene9188","DDX21","CUR_12"
"curated",2,2022,968,"gene4343","MOV10","CUR_02"
"curated",2,2022,969,"gene219855","SLC37A2","CUR_11"
"curated",2,2022,970,"gene1234","CCR5","CUR_01"
"curated",2,2022,971,"gene51251","NT5C3A","CUR_11"
"curated",2,2022,972,"gene3727","JUND","CUR_01"
"curated",2,2022,973,"gene57449","PLEKHG5","CUR_07"
"curated",2,2022,974,"gene7423","VEGFB","CUR_01"
"curated",2,2022,975,"gene2026","ENO2","CUR_13"
"curated",2,2022,976,"gene79414","LRFN3","CUR_08"
"curated",2,2022,977,"gene120227","CYP2R1","CUR_03"
"curated",2,2022,978,"gene975","CD81","CUR_04"
"curated",2,2022,979,"gene9349","RPL23","CUR_15"
"curated",2,2022,980,"gene84868","HAVCR2","CUR_07"
"curated",2,2022,981,"gene23461","ABCA5","CUR_17"
"curated",2,2022,982,"gene6122","RPL3","CUR_12"
"curated",2,2022,983,"gene1435","CSF1","CUR_01"
"curated",2,2022,984,"gene84418","CYSTM1","CUR_09"
"curated",2,2022,985,"gene79930","DOK3","CUR_14"
"curated",2,2022,986,"gene27336","HTATSF1","CUR_02"
"curated",2,2022,987,"gene2833","CXCR3","CUR_15"
"curated",2,2022,988,"gene338596","ST8SIA6","CUR_01"
"curated",2,2022,989,"gene53822","FXYD7","CUR_11"
"curated",2,2022,990,"gene51332","SPTBN5","CUR_10"
"curated",2,2022,991,"gene56034","PDGFC","CUR_03"
"curated",2,2022,992,"gene873","CBR1","CUR_12"
"curated",2,2022,993,"gene9260","PDLIM7","CUR_10"
"curated",2,2022,994,"gene26049","FAM169A","CUR_01"
"curated",2,2022,995,"gene433","ASGR2","CUR_04"
"curated",2,2022,996,"gene120892","LRRK2","CUR_04"
"curated",2,2022,997,"gene3687","ITGAX","CUR_05"
"curated",2,2022,998,"gene219","ALDH1B1","CUR_03"
"curated",2,2022,999,"gene55252","ASXL2","CUR_04"
"curated",2,2022,1000,"gene521","ATP5ME","CUR_15"
"curated",3,2023,1,"gene246","ALOX15","CUR_06"
"curated",3,2023,2,"gene212","ALAS2","CUR_01"
"curated",3,2023,3,"gene1374","CPT1A","CUR_03"
"curated",3,2023,4,"gene2289","FKBP5","CUR_04"
"curated",3,2023,5,"gene3512","JCHAIN","CUR_01"
"curated",3,2023,6,"gene54541","DDIT4","CUR_01"
"curated",3,2023,7,"gene5187","PER1","CUR_17"
"curated",3,2023,8,"gene3848","KRT1","CUR_03"
"curated",3,2023,9,"gene6521","SLC4A1","CUR_06"
"curated",3,2023,10,"gene6535","SLC6A8","CUR_04"
"curated",3,2023,11,"gene27181","SIGLEC8","CUR_01"
"curated",3,2023,12,"gene6622","SNCA","CUR_17"
"curated",3,2023,13,"gene55437","STRADB","CUR_03"
"curated",3,2023,14,"gene759","CA1","CUR_03"
"curated",3,2023,15,"gene6710","SPTB","CUR_02"
"curated",3,2023,16,"gene343171","OR2W3","CUR_07"
"curated",3,2023,17,"gene4940","OAS3","CUR_02"
"curated",3,2023,18,"gene5266","PI3","CUR_05"
"curated",3,2023,19,"gene4635","MYL4","CUR_02"
"curated",3,2023,20,"gene2766","GMPR","CUR_04"
"curated",3,2023,21,"gene286","ANK1","CUR_06"
"curated",3,2023,22,"gene55512","SMPD3","CUR_13"
"curated",3,2023,23,"gene7111","TMOD1","CUR_04"
"curated",3,2023,24,"gene1844","DUSP2","CUR_05"
"curated",3,2023,25,"gene4057","LTF","CUR_05"
"curated",3,2023,26,"gene10417","SPON2","CUR_14"
"curated",3,2023,27,"gene249","ALPL","CUR_06"
"curated",3,2023,28,"gene83888","FGFBP2","CUR_16"
"curated",3,2023,29,"gene7704","ZBTB16","CUR_17"
"curated",3,2023,30,"gene3568","IL5RA","CUR_02"
"curated",3,2023,31,"gene7057","THBS1","CUR_02"
"curated",3,2023,32,"gene2995","GYPC","CUR_14"
"curated",3,2023,33,"gene4599","MX1","CUR_06"
"curated",3,2023,34,"gene4811","NID1","CUR_18"
"curated",3,2023,35,"gene4318","MMP9","CUR_10"
"curated",3,2023,36,"gene5166","PDK4","CUR_15"
"curated",3,2023,37,"gene2039","DMTN","CUR_17"
"curated",3,2023,38,"gene51218","GLRX5","CUR_11"
"curated",3,2023,39,"gene8660","IRS2","CUR_07"
"curated",3,2023,40,"gene598","BCL2L1","CUR_01"
"curated",3,2023,41,"gene2987","GUK1","CUR_08"
"curated",3,2023,42,"gene11126","CD160","CUR_05"
"curated",3,2023,43,"gene645","BLVRB","CUR_13"
"curated",3,2023,44,"gene4541","MT-ND6","CUR_05"
"curated",3,2023,45,"gene3437","IFIT3","CUR_15"
"curated",3,2023,46,"gene3127","HLA-DRB5","CUR_11"
"curated",3,2023,47,"gene2537","IFI6","CUR_01"
"curated",3,2023,48,"gene51348","KLRF1","CUR_02"
"curated",3,2023,49,"gene3119","HLA-DQB1","CUR_06"
"curated",3,2023,50,"gene140","ADORA3","CUR_02"
"curated",3,2023,51,"gene4784","NFIX","CUR_01"
"curated",3,2023,52,"gene2999","GZMH","CUR_09"
"curated",3,2023,53,"gene11251","PTGDR2","CUR_01"
"curated",3,2023,54,"gene53637","S1PR5","CUR_05"
"curated",3,2023,55,"gene4939","OAS2","CUR_16"
"curated",3,2023,56,"gene1843","DUSP1","CUR_09"
"curated",3,2023,57,"gene1052","CEBPD","CUR_05"
"curated",3,2023,58,"gene573","BAG1","CUR_05"
"curated",3,2023,59,"gene81567","TXNDC5","CUR_09"
"curated",3,2023,60,"gene669","BPGM","CUR_04"
"curated",3,2023,61,"gene788","SLC25A20","CUR_04"
"curated",3,2023,62,"gene115362","GBP5","CUR_12"
"curated",3,2023,63,"gene5909","RAP1GAP","CUR_01"
"curated",3,2023,64,"gene3824","KLRD1","CUR_10"
"curated",3,2023,65,"gene91543","RSAD2","CUR_02"
"curated",3,2023,66,"gene3434","IFIT1","CUR_02"
"curated",3,2023,67,"gene4061","LY6E","CUR_11"
"curated",3,2023,68,"gene7097","TLR2","CUR_04"
"curated",3,2023,69,"gene83715","ESPN","CUR_12"
"curated",3,2023,70,"gene9636","ISG15","CUR_01"
"curated",3,2023,71,"gene2235","FECH","CUR_02"
"curated",3,2023,72,"gene10316","NMUR1","CUR_02"
"curated",3,2023,73,"gene2633","GBP1","CUR_13"
"curated",3,2023,74,"gene1668","DEFA3","CUR_04"
"curated",3,2023,75,"gene3433","IFIT2","CUR_08"
"curated",3,2023,76,"gene10644","IGF2BP2","CUR_01"
"curated",3,2023,77,"gene687","KLF9","CUR_15"
"curated",3,2023,78,"gene3949","LDLR","CUR_04"
"curated",3,2023,79,"gene3029","HAGH","CUR_02"
"curated",3,2023,80,"gene11098","PRSS23","CUR_09"
"curated",3,2023,81,"gene10098","TSPAN5","CUR_09"
"curated",3,2023,82,"gene54739","XAF1","CUR_19"
"curated",3,2023,83,"gene3958","LGALS3","CUR_07"
"curated",3,2023,84,"gene2322","FLT3","CUR_04"
"curated",3,2023,85,"gene60675","PROK2","CUR_09"
"curated",3,2023,86,"gene7280","TUBB2A","CUR_04"
"curated",3,2023,87,"gene117157","SH2D1B","CUR_02"
"curated",3,2023,88,"gene6772","STAT1","CUR_08"
"curated",3,2023,89,"gene27087","B3GAT1","CUR_16"
"curated",3,2023,90,"gene4684","NCAM1","CUR_07"
"curated",3,2023,91,"gene5551","PRF1","CUR_01"
"curated",3,2023,92,"gene23770","FKBP8","CUR_02"
"curated",3,2023,93,"gene6563","SLC14A1","CUR_07"
"curated",3,2023,94,"gene6170","RPL39","CUR_07"
"curated",3,2023,95,"gene122618","PLD4","CUR_01"
"curated",3,2023,96,"gene27090","ST6GALNAC4","CUR_13"
"curated",3,2023,97,"gene84525","HOPX","CUR_05"
"curated",3,2023,98,"gene1718","DHCR24","CUR_01"
"curated",3,2023,99,"gene6351","CCL4","CUR_04"
"curated",3,2023,100,"gene6189","RPS3A","CUR_01"
"curated",3,2023,101,"gene4938","OAS1","CUR_09"
"curated",3,2023,102,"gene25793","FBXO7","CUR_13"
"curated",3,2023,103,"gene9902","MRC2","CUR_07"
"curated",3,2023,104,"gene6614","SIGLEC1","CUR_01"
"curated",3,2023,105,"gene665","BNIP3L","CUR_09"
"curated",3,2023,106,"gene8651","SOCS1","CUR_15"
"curated",3,2023,107,"gene9415","FADS2","CUR_08"
"curated",3,2023,108,"gene115361","GBP4","CUR_05"
"curated",3,2023,109,"gene10964","IFI44L","CUR_15"
"curated",3,2023,110,"gene9734","HDAC9","CUR_08"
"curated",3,2023,111,"gene10410","IFITM3","CUR_03"
"curated",3,2023,112,"gene2935","GSPT1","CUR_10"
"curated",3,2023,113,"gene10808","HSPH1","CUR_02"
"curated",3,2023,114,"gene162466","PHOSPHO1","CUR_08"
"curated",3,2023,115,"gene51094","ADIPOR1","CUR_05"
"curated",3,2023,116,"gene10561","IFI44","CUR_03"
"curated",3,2023,117,"gene25941","TPGS2","CUR_03"
"curated",3,2023,118,"gene1299","COL9A3","CUR_04"
"curated",3,2023,119,"gene9332","CD163","CUR_11"
"curated",3,2023,120,"gene7049","TGFBR3","CUR_02"
"curated",3,2023,121,"gene4603","MYBL1","CUR_03"
"curated",3,2023,122,"gene30009","TBX21","CUR_03"
"curated",3,2023,123,"gene51759","C9orf78","CUR_15"
"curated",3,2023,124,"gene7088","TLE1","CUR_14"
"curated",3,2023,125,"gene8843","HCAR3","CUR_14"
"curated",3,2023,126,"gene84164","ASCC2","CUR_15"
"curated",3,2023,127,"gene255488","RNF144B","CUR_08"
"curated",3,2023,128,"gene1462","VCAN","CUR_17"
"curated",3,2023,129,"gene9047","SH2D2A","CUR_02"
"curated",3,2023,130,"gene10133","OPTN","CUR_17"
"curated",3,2023,131,"gene997","CDC34","CUR_04"
"curated",3,2023,132,"gene7314","UBB","CUR_12"
"curated",3,2023,133,"gene5159","PDGFRB","CUR_01"
"curated",3,2023,134,"gene51191","HERC5","CUR_04"
"curated",3,2023,135,"gene26053","AUTS2","CUR_14"
"curated",3,2023,136,"gene11213","IRAK3","CUR_01"
"curated",3,2023,137,"gene4753","NELL2","CUR_05"
"curated",3,2023,138,"gene241","ALOX5AP","CUR_12"
"curated",3,2023,139,"gene8818","DPM2","CUR_13"
"curated",3,2023,140,"gene5730","PTGDS","CUR_08"
"curated",3,2023,141,"gene4897","NRCAM","CUR_01"
"curated",3,2023,142,"gene266727","MDGA1","CUR_01"
"curated",3,2023,143,"gene8644","AKR1C3","CUR_04"
"curated",3,2023,144,"gene139189","DGKK","CUR_12"
"curated",3,2023,145,"gene10398","MYL9","CUR_05"
"curated",3,2023,146,"gene94240","EPSTI1","CUR_01"
"curated",3,2023,147,"gene8131","NPRL3","CUR_01"
"curated",3,2023,148,"gene2354","FOSB","CUR_12"
"curated",3,2023,149,"gene54625","PARP14","CUR_17"
"curated",3,2023,150,"gene26253","CLEC4E","CUR_12"
"curated",3,2023,151,"gene166929","SGMS2","CUR_03"
"curated",3,2023,152,"gene9619","ABCG1","CUR_19"
"curated",3,2023,153,"gene10409","BASP1","CUR_12"
"curated",3,2023,154,"gene2623","GATA1","CUR_17"
"curated",3,2023,155,"gene948","CD36","CUR_04"
"curated",3,2023,156,"gene3597","IL13RA1","CUR_01"
"curated",3,2023,157,"gene5802","PTPRS","CUR_14"
"curated",3,2023,158,"gene23569","PADI4","CUR_17"
"curated",3,2023,159,"gene1831","TSC22D3","CUR_10"
"curated",3,2023,160,"gene10578","GNLY","CUR_16"
"curated",3,2023,161,"gene1088","CEACAM8","CUR_05"
"curated",3,2023,162,"gene7453","WARS1","CUR_05"
"curated",3,2023,163,"gene3992","FADS1","CUR_01"
"curated",3,2023,164,"gene6279","S100A8","CUR_16"
"curated",3,2023,165,"gene6768","ST14","CUR_10"
"curated",3,2023,166,"gene147700","KLC3","CUR_08"
"curated",3,2023,167,"gene2867","FFAR2","CUR_10"
"curated",3,2023,168,"gene9021","SOCS3","CUR_02"
"curated",3,2023,169,"gene6210","RPS15A","CUR_03"
"curated",3,2023,170,"gene3674","ITGA2B","CUR_18"
"curated",3,2023,171,"gene83547","RILP","CUR_04"
"curated",3,2023,172,"gene729230","CCR2","CUR_06"
"curated",3,2023,173,"gene5473","PPBP","CUR_04"
"curated",3,2023,174,"gene3988","LIPA","CUR_01"
"curated",3,2023,175,"gene7504","XK","CUR_05"
"curated",3,2023,176,"gene3985","LIMK2","CUR_04"
"curated",3,2023,177,"gene19","ABCA1","CUR_04"
"curated",3,2023,178,"gene10498","CARM1","CUR_08"
"curated",3,2023,179,"gene51465","UBE2J1","CUR_03"
"curated",3,2023,180,"gene2064","ERBB2","CUR_01"
"curated",3,2023,181,"gene3690","ITGB3","CUR_04"
"curated",3,2023,182,"gene1066","CES1","CUR_09"
"curated",3,2023,183,"gene342510","CD300E","CUR_02"
"curated",3,2023,184,"gene2876","GPX1","CUR_05"
"curated",3,2023,185,"gene5029","P2RY2","CUR_10"
"curated",3,2023,186,"gene1236","CCR7","CUR_18"
"curated",3,2023,187,"gene59269","HIVEP3","CUR_09"
"curated",3,2023,188,"gene222487","ADGRG3","CUR_08"
"curated",3,2023,189,"gene5037","PEBP1","CUR_02"
"curated",3,2023,190,"gene4051","CYP4F3","CUR_04"
"curated",3,2023,191,"gene23166","STAB1","CUR_06"
"curated",3,2023,192,"gene3956","LGALS1","CUR_04"
"curated",3,2023,193,"gene27244","SESN1","CUR_02"
"curated",3,2023,194,"gene4066","LYL1","CUR_04"
"curated",3,2023,195,"gene6283","S100A12","CUR_01"
"curated",3,2023,196,"gene604","BCL6","CUR_19"
"curated",3,2023,197,"gene3553","IL1B","CUR_09"
"curated",3,2023,198,"gene9148","NEURL1","CUR_07"
"curated",3,2023,199,"gene1240","CMKLR1","CUR_04"
"curated",3,2023,200,"gene2180","ACSL1","CUR_07"
"curated",3,2023,201,"gene8972","MGAM","CUR_02"
"curated",3,2023,202,"gene1808","DPYSL2","CUR_08"
"curated",3,2023,203,"gene2353","FOS","CUR_01"
"curated",3,2023,204,"gene1521","CTSW","CUR_11"
"curated",3,2023,205,"gene5920","PLAAT4","CUR_03"
"curated",3,2023,206,"gene6319","SCD","CUR_01"
"curated",3,2023,207,"gene973","CD79A","CUR_06"
"curated",3,2023,208,"gene9256","TSPOAP1","CUR_01"
"curated",3,2023,209,"gene4609","MYC","CUR_13"
"curated",3,2023,210,"gene4145","MATK","CUR_10"
"curated",3,2023,211,"gene10346","TRIM22","CUR_19"
"curated",3,2023,212,"gene3117","HLA-DQA1","CUR_15"
"curated",3,2023,213,"gene3934","LCN2","CUR_01"
"curated",3,2023,214,"gene23608","MKRN1","CUR_13"
"curated",3,2023,215,"gene9435","CHST2","CUR_11"
"curated",3,2023,216,"gene1545","CYP1B1","CUR_09"
"curated",3,2023,217,"gene92745","SLC38A5","CUR_06"
"curated",3,2023,218,"gene2205","FCER1A","CUR_11"
"curated",3,2023,219,"gene6133","RPL9","CUR_01"
"curated",3,2023,220,"gene4035","LRP1","CUR_14"
"curated",3,2023,221,"gene56994","CHPT1","CUR_12"
"curated",3,2023,222,"gene338442","HCAR2","CUR_03"
"curated",3,2023,223,"gene1053","CEBPE","CUR_05"
"curated",3,2023,224,"gene5204","PFDN5","CUR_07"
"curated",3,2023,225,"gene93010","B3GNT7","CUR_19"
"curated",3,2023,226,"gene3759","KCNJ2","CUR_03"
"curated",3,2023,227,"gene9510","ADAMTS1","CUR_07"
"curated",3,2023,228,"gene3113","HLA-DPA1","CUR_02"
"curated",3,2023,229,"gene10905","MAN1A2","CUR_17"
"curated",3,2023,230,"gene3315","HSPB1","CUR_03"
"curated",3,2023,231,"gene6193","RPS5","CUR_06"
"curated",3,2023,232,"gene7001","PRDX2","CUR_08"
"curated",3,2023,233,"gene10602","CDC42EP3","CUR_11"
"curated",3,2023,234,"gene6285","S100B","CUR_05"
"curated",3,2023,235,"gene196","AHR","CUR_04"
"curated",3,2023,236,"gene1524","CX3CR1","CUR_10"
"curated",3,2023,237,"gene9588","PRDX6","CUR_19"
"curated",3,2023,238,"gene4311","MME","CUR_13"
"curated",3,2023,239,"gene55831","EMC3","CUR_07"
"curated",3,2023,240,"gene9935","MAFB","CUR_01"
"curated",3,2023,241,"gene2015","ADGRE1","CUR_03"
"curated",3,2023,242,"gene10435","CDC42EP2","CUR_14"
"curated",3,2023,243,"gene2030","SLC29A1","CUR_07"
"curated",3,2023,244,"gene4012","LNPEP","CUR_04"
"curated",3,2023,245,"gene3162","HMOX1","CUR_02"
"curated",3,2023,246,"gene51312","SLC25A37","CUR_17"
"curated",3,2023,247,"gene2091","FBL","CUR_13"
"curated",3,2023,248,"gene5196","PF4","CUR_06"
"curated",3,2023,249,"gene3820","KLRB1","CUR_01"
"curated",3,2023,250,"gene23129","PLXND1","CUR_05"
"curated",3,2023,251,"gene59283","CACNG8","CUR_17"
"curated",3,2023,252,"gene84034","EMILIN2","CUR_02"
"curated",3,2023,253,"gene6231","RPS26","CUR_06"
"curated",3,2023,254,"gene6235","RPS29","CUR_12"
"curated",3,2023,255,"gene90480","GADD45GIP1","CUR_05"
"curated",3,2023,256,"gene64407","RGS18","CUR_13"
"curated",3,2023,257,"gene5144","PDE4D","CUR_16"
"curated",3,2023,258,"gene84333","PCGF5","CUR_05"
"curated",3,2023,259,"gene203","AK1","CUR_10"
"curated",3,2023,260,"gene3560","IL2RB","CUR_04"
"curated",3,2023,261,"gene5866","RAB3IL1","CUR_06"
"curated",3,2023,262,"gene925","CD8A","CUR_03"
"curated",3,2023,263,"gene939","CD27","CUR_01"
"curated",3,2023,264,"gene1028","CDKN1C","CUR_11"
"curated",3,2023,265,"gene11224","RPL35","CUR_15"
"curated",3,2023,266,"gene7850","IL1R2","CUR_14"
"curated",3,2023,267,"gene54438","GFOD1","CUR_16"
"curated",3,2023,268,"gene7045","TGFBI","CUR_09"
"curated",3,2023,269,"gene83716","CRISPLD2","CUR_15"
"curated",3,2023,270,"gene5729","PTGDR","CUR_19"
"curated",3,2023,271,"gene2791","GNG11","CUR_05"
"curated",3,2023,272,"gene2812","GP1BB","CUR_07"
"curated",3,2023,273,"gene3067","HDC","CUR_11"
"curated",3,2023,274,"gene1595","CYP51A1","CUR_02"
"curated",3,2023,275,"gene54543","TOMM7","CUR_02"
"curated",3,2023,276,"gene116844","LRG1","CUR_11"
"curated",3,2023,277,"gene7264","GFUS","CUR_07"
"curated",3,2023,278,"gene83666","PARP9","CUR_13"
"curated",3,2023,279,"gene6222","RPS18","CUR_15"
"curated",3,2023,280,"gene9491","PSMF1","CUR_09"
"curated",3,2023,281,"gene596","BCL2","CUR_07"
"curated",3,2023,282,"gene6234","RPS28","CUR_13"
"curated",3,2023,283,"gene2288","FKBP4","CUR_03"
"curated",3,2023,284,"gene6590","SLPI","CUR_02"
"curated",3,2023,285,"gene896","CCND3","CUR_17"
"curated",3,2023,286,"gene3792","KEL","CUR_13"
"curated",3,2023,287,"gene259197","NCR3","CUR_08"
"curated",3,2023,288,"gene401258","RAB44","CUR_03"
"curated",3,2023,289,"gene6208","RPS14","CUR_18"
"curated",3,2023,290,"gene8685","MARCO","CUR_06"
"curated",3,2023,291,"gene131870","NUDT16","CUR_11"
"curated",3,2023,292,"gene8807","IL18RAP","CUR_07"
"curated",3,2023,293,"gene27343","POLL","CUR_14"
"curated",3,2023,294,"gene8671","SLC4A4","CUR_05"
"curated",3,2023,295,"gene100133941","CD24","CUR_16"
"curated",3,2023,296,"gene9997","SCO2","CUR_09"
"curated",3,2023,297,"gene6510","SLC1A5","CUR_06"
"curated",3,2023,298,"gene6708","SPTA1","CUR_11"
"curated",3,2023,299,"gene8911","CACNA1I","CUR_07"
"curated",3,2023,300,"gene57823","SLAMF7","CUR_16"
"curated",3,2023,301,"gene9976","CLEC2B","CUR_11"
"curated",3,2023,302,"gene6678","SPARC","CUR_03"
"curated",3,2023,303,"gene6223","RPS19","CUR_12"
"curated",3,2023,304,"gene1191","CLU","CUR_08"
"curated",3,2023,305,"gene23365","ARHGEF12","CUR_14"
"curated",3,2023,306,"gene6726","SRP9","CUR_06"
"curated",3,2023,307,"gene3122","HLA-DRA","CUR_07"
"curated",3,2023,308,"gene926","CD8B","CUR_07"
"curated",3,2023,309,"gene6633","SNRPD2","CUR_04"
"curated",3,2023,310,"gene81027","TUBB1","CUR_12"
"curated",3,2023,311,"gene6773","STAT2","CUR_03"
"curated",3,2023,312,"gene6281","S100A10","CUR_06"
"curated",3,2023,313,"gene5997","RGS2","CUR_01"
"curated",3,2023,314,"gene7226","TRPM2","CUR_10"
"curated",3,2023,315,"gene129685","TAF8","CUR_05"
"curated",3,2023,316,"gene8460","TPST1","CUR_16"
"curated",3,2023,317,"gene4082","MARCKS","CUR_14"
"curated",3,2023,318,"gene80097","MZT2B","CUR_02"
"curated",3,2023,319,"gene22934","RPIA","CUR_06"
"curated",3,2023,320,"gene4354","MPP1","CUR_12"
"curated",3,2023,321,"gene388","RHOB","CUR_08"
"curated",3,2023,322,"gene9246","UBE2L6","CUR_10"
"curated",3,2023,323,"gene7852","CXCR4","CUR_02"
"curated",3,2023,324,"gene80310","PDGFD","CUR_03"
"curated",3,2023,325,"gene10622","POLR3G","CUR_16"
"curated",3,2023,326,"gene10135","NAMPT","CUR_05"
"curated",3,2023,327,"gene4778","NFE2","CUR_07"
"curated",3,2023,328,"gene160364","CLEC12A","CUR_09"
"curated",3,2023,329,"gene1912","PHC2","CUR_07"
"curated",3,2023,330,"gene10663","CXCR6","CUR_09"
"curated",3,2023,331,"gene9437","NCR1","CUR_02"
"curated",3,2023,332,"gene84649","DGAT2","CUR_10"
"curated",3,2023,333,"gene2624","GATA2","CUR_14"
"curated",3,2023,334,"gene3326","HSP90AB1","CUR_02"
"curated",3,2023,335,"gene5079","PAX5","CUR_12"
"curated",3,2023,336,"gene5208","PFKFB2","CUR_07"
"curated",3,2023,337,"gene353189","SLCO4C1","CUR_04"
"curated",3,2023,338,"gene3945","LDHB","CUR_02"
"curated",3,2023,339,"gene84174","SLA2","CUR_13"
"curated",3,2023,340,"gene3821","KLRC1","CUR_09"
"curated",3,2023,341,"gene356","FASLG","CUR_03"
"curated",3,2023,342,"gene59352","LGR6","CUR_01"
"curated",3,2023,343,"gene6201","RPS7","CUR_unassigned"
"curated",3,2023,344,"gene6164","RPL34","CUR_12"
"curated",3,2023,345,"gene3921","RPSA","CUR_10"
"curated",3,2023,346,"gene3576","CXCL8","CUR_18"
"curated",3,2023,347,"gene6227","RPS21","CUR_11"
"curated",3,2023,348,"gene7915","ALDH5A1","CUR_03"
"curated",3,2023,349,"gene684","BST2","CUR_13"
"curated",3,2023,350,"gene80781","COL18A1","CUR_07"
"curated",3,2023,351,"gene6934","TCF7L2","CUR_15"
"curated",3,2023,352,"gene338440","ANO9","CUR_03"
"curated",3,2023,353,"gene80216","ALPK1","CUR_03"
"curated",3,2023,354,"gene6515","SLC2A3","CUR_11"
"curated",3,2023,355,"gene1933","EEF1B2","CUR_04"
"curated",3,2023,356,"gene400916","CHCHD10","CUR_06"
"curated",3,2023,357,"gene79689","STEAP4","CUR_05"
"curated",3,2023,358,"gene726","CAPN5","CUR_09"
"curated",3,2023,359,"gene729359","PLIN4","CUR_07"
"curated",3,2023,360,"gene57610","RANBP10","CUR_07"
"curated",3,2023,361,"gene4064","CD180","CUR_11"
"curated",3,2023,362,"gene25873","RPL36","CUR_05"
"curated",3,2023,363,"gene1847","DUSP5","CUR_05"
"curated",3,2023,364,"gene8291","DYSF","CUR_03"
"curated",3,2023,365,"gene51523","CXXC5","CUR_05"
"curated",3,2023,366,"gene3070","HELLS","CUR_18"
"curated",3,2023,367,"gene6036","RNASE2","CUR_06"
"curated",3,2023,368,"gene11123","RCAN3","CUR_02"
"curated",3,2023,369,"gene10581","IFITM2","CUR_18"
"curated",3,2023,370,"gene50509","COL5A3","CUR_08"
"curated",3,2023,371,"gene9975","NR1D2","CUR_03"
"curated",3,2023,372,"gene5464","PPA1","CUR_04"
"curated",3,2023,373,"gene140803","TRPM6","CUR_08"
"curated",3,2023,374,"gene6846","XCL2","CUR_01"
"curated",3,2023,375,"gene4537","MT-ND3","CUR_10"
"curated",3,2023,376,"gene3490","IGFBP7","CUR_10"
"curated",3,2023,377,"gene84766","CRACR2A","CUR_04"
"curated",3,2023,378,"gene944","TNFSF8","CUR_06"
"curated",3,2023,379,"gene366","AQP9","CUR_12"
"curated",3,2023,380,"gene9934","P2RY14","CUR_08"
"curated",3,2023,381,"gene7846","TUBA1A","CUR_01"
"curated",3,2023,382,"gene6478","SIAH2","CUR_09"
"curated",3,2023,383,"gene6171","RPL41","CUR_01"
"curated",3,2023,384,"gene6152","RPL24","CUR_06"
"curated",3,2023,385,"gene360","AQP3","CUR_02"
"curated",3,2023,386,"gene2214","FCGR3A","CUR_06"
"curated",3,2023,387,"gene3004","GZMM","CUR_11"
"curated",3,2023,388,"gene5494","PPM1A","CUR_04"
"curated",3,2023,389,"gene1232","CCR3","CUR_06"
"curated",3,2023,390,"gene4953","ODC1","CUR_07"
"curated",3,2023,391,"gene3274","HRH2","CUR_13"
"curated",3,2023,392,"gene5577","PRKAR2B","CUR_14"
"curated",3,2023,393,"gene9254","CACNA2D2","CUR_15"
"curated",3,2023,394,"gene915","CD3D","CUR_03"
"curated",3,2023,395,"gene3123","HLA-DRB1","CUR_04"
"curated",3,2023,396,"gene154","ADRB2","CUR_18"
"curated",3,2023,397,"gene929","CD14","CUR_06"
"curated",3,2023,398,"gene3577","CXCR1","CUR_12"
"curated",3,2023,399,"gene1880","GPR183","CUR_05"
"curated",3,2023,400,"gene6204","RPS10","CUR_03"
"curated",3,2023,401,"gene6224","RPS20","CUR_12"
"curated",3,2023,402,"gene126231","ZNF573","CUR_01"
"curated",3,2023,403,"gene57514","ARHGAP31","CUR_16"
"curated",3,2023,404,"gene31","ACACA","CUR_08"
"curated",3,2023,405,"gene1870","E2F2","CUR_01"
"curated",3,2023,406,"gene10449","ACAA2","CUR_01"
"curated",3,2023,407,"gene114907","FBXO32","CUR_01"
"curated",3,2023,408,"gene6139","RPL17","CUR_11"
"curated",3,2023,409,"gene79887","PLBD1","CUR_05"
"curated",3,2023,410,"gene2793","GNGT2","CUR_03"
"curated",3,2023,411,"gene2059","EPS8","CUR_01"
"curated",3,2023,412,"gene8334","H2AC6","CUR_17"
"curated",3,2023,413,"gene3613","IMPA2","CUR_08"
"curated",3,2023,414,"gene170622","COMMD6","CUR_08"
"curated",3,2023,415,"gene2550","GABBR1","CUR_01"
"curated",3,2023,416,"gene3572","IL6ST","CUR_09"
"curated",3,2023,417,"gene2950","GSTP1","CUR_14"
"curated",3,2023,418,"gene2081","ERN1","CUR_11"
"curated",3,2023,419,"gene4792","NFKBIA","CUR_14"
"curated",3,2023,420,"gene9398","CD101","CUR_11"
"curated",3,2023,421,"gene3028","HSD17B10","CUR_03"
"curated",3,2023,422,"gene6241","RRM2","CUR_02"
"curated",3,2023,423,"gene23401","FRAT2","CUR_09"
"curated",3,2023,424,"gene8794","TNFRSF10C","CUR_09"
"curated",3,2023,425,"gene22800","RRAS2","CUR_04"
"curated",3,2023,426,"gene3398","ID2","CUR_08"
"curated",3,2023,427,"gene4068","SH2D1A","CUR_06"
"curated",3,2023,428,"gene6286","S100P","CUR_09"
"curated",3,2023,429,"gene157285","PRAG1","CUR_11"
"curated",3,2023,430,"gene3340","NDST1","CUR_05"
"curated",3,2023,431,"gene85441","HELZ2","CUR_15"
"curated",3,2023,432,"gene6144","RPL21","CUR_03"
"curated",3,2023,433,"gene8638","OASL","CUR_02"
"curated",3,2023,434,"gene54407","SLC38A2","CUR_18"
"curated",3,2023,435,"gene81794","ADAMTS10","CUR_04"
"curated",3,2023,436,"gene6272","SORT1","CUR_13"
"curated",3,2023,437,"gene445582","POTEE","CUR_16"
"curated",3,2023,438,"gene1345","COX6C","CUR_04"
"curated",3,2023,439,"gene6146","RPL22","CUR_13"
"curated",3,2023,440,"gene514","ATP5F1E","CUR_17"
"curated",3,2023,441,"gene6155","RPL27","CUR_01"
"curated",3,2023,442,"gene6160","RPL31","CUR_16"
"curated",3,2023,443,"gene162966","ZNF600","CUR_02"
"curated",3,2023,444,"gene3728","JUP","CUR_14"
"curated",3,2023,445,"gene26289","AK5","CUR_06"
"curated",3,2023,446,"gene2768","GNA12","CUR_18"
"curated",3,2023,447,"gene26268","FBXO9","CUR_01"
"curated",3,2023,448,"gene6647","SOD1","CUR_05"
"curated",3,2023,449,"gene7320","UBE2B","CUR_02"
"curated",3,2023,450,"gene3430","IFI35","CUR_02"
"curated",3,2023,451,"gene389","RHOC","CUR_18"
"curated",3,2023,452,"gene4261","CIITA","CUR_05"
"curated",3,2023,453,"gene65018","PINK1","CUR_09"
"curated",3,2023,454,"gene146850","PIK3R6","CUR_02"
"curated",3,2023,455,"gene301","ANXA1","CUR_11"
"curated",3,2023,456,"gene63893","UBE2O","CUR_11"
"curated",3,2023,457,"gene6886","TAL1","CUR_13"
"curated",3,2023,458,"gene54498","SMOX","CUR_09"
"curated",3,2023,459,"gene57630","SH3RF1","CUR_10"
"curated",3,2023,460,"gene1471","CST3","CUR_17"
"curated",3,2023,461,"gene56005","MYDGF","CUR_12"
"curated",3,2023,462,"gene8536","CAMK1","CUR_09"
"curated",3,2023,463,"gene10219","KLRG1","CUR_13"
"curated",3,2023,464,"gene5052","PRDX1","CUR_17"
"curated",3,2023,465,"gene838","CASP5","CUR_03"
"curated",3,2023,466,"gene682","BSG","CUR_12"
"curated",3,2023,467,"gene3164","NR4A1","CUR_08"
"curated",3,2023,468,"gene1475","CSTA","CUR_01"
"curated",3,2023,469,"gene5610","EIF2AK2","CUR_16"
"curated",3,2023,470,"gene6352","CCL5","CUR_16"
"curated",3,2023,471,"gene2634","GBP2","CUR_10"
"curated",3,2023,472,"gene5721","PSME2","CUR_10"
"curated",3,2023,473,"gene127933","UHMK1","CUR_05"
"curated",3,2023,474,"gene6168","RPL37A","CUR_02"
"curated",3,2023,475,"gene3115","HLA-DPB1","CUR_01"
"curated",3,2023,476,"gene8718","TNFRSF25","CUR_15"
"curated",3,2023,477,"gene80727","TTYH3","CUR_07"
"curated",3,2023,478,"gene221472","FGD2","CUR_04"
"curated",3,2023,479,"gene1350","COX7C","CUR_10"
"curated",3,2023,480,"gene6641","SNTB1","CUR_16"
"curated",3,2023,481,"gene4900","NRGN","CUR_01"
"curated",3,2023,482,"gene5141","PDE4A","CUR_17"
"curated",3,2023,483,"gene5027","P2RX7","CUR_07"
"curated",3,2023,484,"gene219333","USP12","CUR_06"
"curated",3,2023,485,"gene302","ANXA2","CUR_05"
"curated",3,2023,486,"gene4353","MPO","CUR_02"
"curated",3,2023,487,"gene8724","SNX3","CUR_10"
"curated",3,2023,488,"gene25801","GCA","CUR_07"
"curated",3,2023,489,"gene968","CD68","CUR_02"
"curated",3,2023,490,"gene122416","ANKRD9","CUR_03"
"curated",3,2023,491,"gene2153","F5","CUR_02"
"curated",3,2023,492,"gene9531","BAG3","CUR_01"
"curated",3,2023,493,"gene23191","CYFIP1","CUR_10"
"curated",3,2023,494,"gene8787","RGS9","CUR_12"
"curated",3,2023,495,"gene6280","S100A9","CUR_03"
"curated",3,2023,496,"gene54790","TET2","CUR_12"
"curated",3,2023,497,"gene1116","CHI3L1","CUR_12"
"curated",3,2023,498,"gene6194","RPS6","CUR_13"
"curated",3,2023,499,"gene6154","RPL26","CUR_13"
"curated",3,2023,500,"gene22914","KLRK1","CUR_01"
"curated",3,2023,501,"gene1593","CYP27A1","CUR_02"
"curated",3,2023,502,"gene91319","DERL3","CUR_04"
"curated",3,2023,503,"gene3646","EIF3E","CUR_02"
"curated",3,2023,504,"gene6206","RPS12","CUR_15"
"curated",3,2023,505,"gene321","APBA2","CUR_13"
"curated",3,2023,506,"gene7273","TTN","CUR_01"
"curated",3,2023,507,"gene8875","VNN2","CUR_09"
"curated",3,2023,508,"gene28996","HIPK2","CUR_01"
"curated",3,2023,509,"gene1512","CTSH","CUR_12"
"curated",3,2023,510,"gene25824","PRDX5","CUR_09"
"curated",3,2023,511,"gene10963","STIP1","CUR_17"
"curated",3,2023,512,"gene217","ALDH2","CUR_08"
"curated",3,2023,513,"gene114879","OSBPL5","CUR_03"
"curated",3,2023,514,"gene25956","SEC31B","CUR_08"
"curated",3,2023,515,"gene3566","IL4R","CUR_02"
"curated",3,2023,516,"gene4833","NME4","CUR_10"
"curated",3,2023,517,"gene133522","PPARGC1B","CUR_11"
"curated",3,2023,518,"gene5140","PDE3B","CUR_01"
"curated",3,2023,519,"gene55432","YOD1","CUR_02"
"curated",3,2023,520,"gene1675","CFD","CUR_04"
"curated",3,2023,521,"gene23475","QPRT","CUR_17"
"curated",3,2023,522,"gene330","BIRC3","CUR_12"
"curated",3,2023,523,"gene3925","STMN1","CUR_04"
"curated",3,2023,524,"gene3693","ITGB5","CUR_01"
"curated",3,2023,525,"gene6175","RPLP0","CUR_13"
"curated",3,2023,526,"gene6161","RPL32","CUR_15"
"curated",3,2023,527,"gene7311","UBA52","CUR_13"
"curated",3,2023,528,"gene4831","NME2","CUR_06"
"curated",3,2023,529,"gene6141","RPL18","CUR_02"
"curated",3,2023,530,"gene6713","SQLE","CUR_05"
"curated",3,2023,531,"gene8905","AP1S2","CUR_06"
"curated",3,2023,532,"gene4303","FOXO4","CUR_15"
"curated",3,2023,533,"gene8669","EIF3J","CUR_14"
"curated",3,2023,534,"gene146330","FBXL16","CUR_01"
"curated",3,2023,535,"gene6165","RPL35A","CUR_03"
"curated",3,2023,536,"gene4502","MT2A","CUR_03"
"curated",3,2023,537,"gene22885","ABLIM3","CUR_06"
"curated",3,2023,538,"gene513","ATP5F1D","CUR_07"
"curated",3,2023,539,"gene51734","MSRB1","CUR_02"
"curated",3,2023,540,"gene10871","CD300C","CUR_14"
"curated",3,2023,541,"gene6228","RPS23","CUR_07"
"curated",3,2023,542,"gene143686","SESN3","CUR_09"
"curated",3,2023,543,"gene51024","FIS1","CUR_04"
"curated",3,2023,544,"gene6191","RPS4X","CUR_08"
"curated",3,2023,545,"gene2781","GNAZ","CUR_01"
"curated",3,2023,546,"gene6001","RGS10","CUR_13"
"curated",3,2023,547,"gene84874","ZNF514","CUR_12"
"curated",3,2023,548,"gene84131","CEP78","CUR_05"
"curated",3,2023,549,"gene4605","MYBL2","CUR_05"
"curated",3,2023,550,"gene3822","KLRC2","CUR_02"
"curated",3,2023,551,"gene8140","SLC7A5","CUR_12"
"curated",3,2023,552,"gene2048","EPHB2","CUR_15"
"curated",3,2023,553,"gene3394","IRF8","CUR_04"
"curated",3,2023,554,"gene80139","ZNF703","CUR_04"
"curated",3,2023,555,"gene5727","PTCH1","CUR_13"
"curated",3,2023,556,"gene6721","SREBF2","CUR_12"
"curated",3,2023,557,"gene6648","SOD2","CUR_01"
"curated",3,2023,558,"gene5836","PYGL","CUR_12"
"curated",3,2023,559,"gene2947","GSTM3","CUR_06"
"curated",3,2023,560,"gene4345","CD200","CUR_11"
"curated",3,2023,561,"gene151742","PPM1L","CUR_05"
"curated",3,2023,562,"gene340205","TREML1","CUR_02"
"curated",3,2023,563,"gene708","C1QBP","CUR_08"
"curated",3,2023,564,"gene7169","TPM2","CUR_13"
"curated",3,2023,565,"gene6202","RPS8","CUR_18"
"curated",3,2023,566,"gene3480","IGF1R","CUR_10"
"curated",3,2023,567,"gene66002","CYP4F12","CUR_08"
"curated",3,2023,568,"gene388931","MFSD2B","CUR_08"
"curated",3,2023,569,"gene133","ADM","CUR_11"
"curated",3,2023,570,"gene6147","RPL23A","CUR_01"
"curated",3,2023,571,"gene3579","CXCR2","CUR_08"
"curated",3,2023,572,"gene6142","RPL18A","CUR_09"
"curated",3,2023,573,"gene4282","MIF","CUR_03"
"curated",3,2023,574,"gene3336","HSPE1","CUR_06"
"curated",3,2023,575,"gene4773","NFATC2","CUR_14"
"curated",3,2023,576,"gene2787","GNG5","CUR_10"
"curated",3,2023,577,"gene10437","IFI30","CUR_08"
"curated",3,2023,578,"gene161882","ZFPM1","CUR_15"
"curated",3,2023,579,"gene2357","FPR1","CUR_16"
"curated",3,2023,580,"gene6635","SNRPE","CUR_03"
"curated",3,2023,581,"gene56975","FAM20C","CUR_06"
"curated",3,2023,582,"gene2162","F13A1","CUR_09"
"curated",3,2023,583,"gene9231","DLG5","CUR_11"
"curated",3,2023,584,"gene10859","LILRB1","CUR_08"
"curated",3,2023,585,"gene933","CD22","CUR_16"
"curated",3,2023,586,"gene942","CD86","CUR_06"
"curated",3,2023,587,"gene9145","SYNGR1","CUR_04"
"curated",3,2023,588,"gene2058","EPRS1","CUR_15"
"curated",3,2023,589,"gene6556","SLC11A1","CUR_01"
"curated",3,2023,590,"gene6217","RPS16","CUR_05"
"curated",3,2023,591,"gene80012","PHC3","CUR_16"
"curated",3,2023,592,"gene2776","GNAQ","CUR_15"
"curated",3,2023,593,"gene6169","RPL38","CUR_11"
"curated",3,2023,594,"gene117155","CATSPER2","CUR_14"
"curated",3,2023,595,"gene25946","ZNF385A","CUR_16"
"curated",3,2023,596,"gene134429","STARD4","CUR_07"
"curated",3,2023,597,"gene3556","IL1RAP","CUR_07"
"curated",3,2023,598,"gene7128","TNFAIP3","CUR_07"
"curated",3,2023,599,"gene6159","RPL29","CUR_16"
"curated",3,2023,600,"gene9194","SLC16A7","CUR_05"
"curated",3,2023,601,"gene275","AMT","CUR_15"
"curated",3,2023,602,"gene5567","PRKACB","CUR_03"
"curated",3,2023,603,"gene83988","NCALD","CUR_06"
"curated",3,2023,604,"gene9580","SOX13","CUR_09"
"curated",3,2023,605,"gene4708","NDUFB2","CUR_05"
"curated",3,2023,606,"gene3575","IL7R","CUR_14"
"curated",3,2023,607,"gene4830","NME1","CUR_05"
"curated",3,2023,608,"gene27287","VENTX","CUR_05"
"curated",3,2023,609,"gene55423","SIRPG","CUR_04"
"curated",3,2023,610,"gene4646","MYO6","CUR_14"
"curated",3,2023,611,"gene58477","SRPRB","CUR_01"
"curated",3,2023,612,"gene6188","RPS3","CUR_17"
"curated",3,2023,613,"gene54583","EGLN1","CUR_15"
"curated",3,2023,614,"gene1163","CKS1B","CUR_03"
"curated",3,2023,615,"gene5732","PTGER2","CUR_10"
"curated",3,2023,616,"gene306","ANXA3","CUR_19"
"curated",3,2023,617,"gene1043","CD52","CUR_10"
"curated",3,2023,618,"gene7203","CCT3","CUR_12"
"curated",3,2023,619,"gene2206","MS4A2","CUR_07"
"curated",3,2023,620,"gene6173","RPL36A","CUR_05"
"curated",3,2023,621,"gene79071","ELOVL6","CUR_07"
"curated",3,2023,622,"gene6039","RNASE6","CUR_01"
"curated",3,2023,623,"gene123","PLIN2","CUR_01"
"curated",3,2023,624,"gene8541","PPFIA3","CUR_05"
"curated",3,2023,625,"gene1890","TYMP","CUR_12"
"curated",3,2023,626,"gene3386","ICAM4","CUR_14"
"curated",3,2023,627,"gene3595","IL12RB2","CUR_16"
"curated",3,2023,628,"gene9045","RPL14","CUR_04"
"curated",3,2023,629,"gene55466","DNAJA4","CUR_16"
"curated",3,2023,630,"gene5966","REL","CUR_16"
"curated",3,2023,631,"gene54210","TREM1","CUR_09"
"curated",3,2023,632,"gene4638","MYLK","CUR_08"
"curated",3,2023,633,"gene3717","JAK2","CUR_19"
"curated",3,2023,634,"gene2309","FOXO3","CUR_10"
"curated",3,2023,635,"gene140807","KRT72","CUR_17"
"curated",3,2023,636,"gene8320","EOMES","CUR_11"
"curated",3,2023,637,"gene6207","RPS13","CUR_03"
"curated",3,2023,638,"gene2201","FBN2","CUR_11"
"curated",3,2023,639,"gene3486","IGFBP3","CUR_11"
"curated",3,2023,640,"gene79834","PEAK1","CUR_03"
"curated",3,2023,641,"gene57698","SHTN1","CUR_01"
"curated",3,2023,642,"gene463","ZFHX3","CUR_03"
"curated",3,2023,643,"gene6375","XCL1","CUR_07"
"curated",3,2023,644,"gene57654","UVSSA","CUR_02"
"curated",3,2023,645,"gene539","ATP5PO","CUR_07"
"curated",3,2023,646,"gene597","BCL2A1","CUR_04"
"curated",3,2023,647,"gene719","C3AR1","CUR_07"
"curated",3,2023,648,"gene83999","KREMEN1","CUR_06"
"curated",3,2023,649,"gene56172","ANKH","CUR_02"
"curated",3,2023,650,"gene710","SERPING1","CUR_16"
"curated",3,2023,651,"gene10462","CLEC10A","CUR_10"
"curated",3,2023,652,"gene6209","RPS15","CUR_15"
"curated",3,2023,653,"gene527","ATP6V0C","CUR_09"
"curated",3,2023,654,"gene81030","ZBP1","CUR_04"
"curated",3,2023,655,"gene6095","RORA","CUR_11"
"curated",3,2023,656,"gene1051","CEBPB","CUR_12"
"curated",3,2023,657,"gene6233","RPS27A","CUR_06"
"curated",3,2023,658,"gene5901","RAN","CUR_02"
"curated",3,2023,659,"gene9170","LPAR2","CUR_06"
"curated",3,2023,660,"gene2317","FLNB","CUR_05"
"curated",3,2023,661,"gene2203","FBP1","CUR_10"
"curated",3,2023,662,"gene2017","CTTN","CUR_09"
"curated",3,2023,663,"gene6218","RPS17","CUR_06"
"curated",3,2023,664,"gene192286","HIGD2A","CUR_19"
"curated",3,2023,665,"gene259173","ALS2CL","CUR_16"
"curated",3,2023,666,"gene10549","PRDX4","CUR_03"
"curated",3,2023,667,"gene23547","LILRA4","CUR_05"
"curated",3,2023,668,"gene353","APRT","CUR_07"
"curated",3,2023,669,"gene51389","RWDD1","CUR_12"
"curated",3,2023,670,"gene100996939","PYURF","CUR_18"
"curated",3,2023,671,"gene84992","PIGY","CUR_06"
"curated",3,2023,672,"gene59285","CACNG6","CUR_14"
"curated",3,2023,673,"gene940","CD28","CUR_16"
"curated",3,2023,674,"gene760","CA2","CUR_05"
"curated",3,2023,675,"gene2760","GM2A","CUR_02"
"curated",3,2023,676,"gene8349","H2BC21","CUR_02"
"curated",3,2023,677,"gene978","CDA","CUR_12"
"curated",3,2023,678,"gene2790","GNG10","CUR_11"
"curated",3,2023,679,"gene54843","SYTL2","CUR_04"
"curated",3,2023,680,"gene10870","HCST","CUR_04"
"curated",3,2023,681,"gene671","BPI","CUR_03"
"curated",3,2023,682,"gene27102","EIF2AK1","CUR_17"
"curated",3,2023,683,"gene3772","KCNJ15","CUR_16"
"curated",3,2023,684,"gene1436","CSF1R","CUR_01"
"curated",3,2023,685,"gene728294","D2HGDH","CUR_06"
"curated",3,2023,686,"gene6167","RPL37","CUR_16"
"curated",3,2023,687,"gene6134","RPL10","CUR_14"
"curated",3,2023,688,"gene8714","ABCC3","CUR_08"
"curated",3,2023,689,"gene6125","RPL5","CUR_11"
"curated",3,2023,690,"gene56953","NT5M","CUR_19"
"curated",3,2023,691,"gene8482","SEMA7A","CUR_15"
"curated",3,2023,692,"gene64759","TNS3","CUR_14"
"curated",3,2023,693,"gene90990","KIFC2","CUR_05"
"curated",3,2023,694,"gene2194","FASN","CUR_03"
"curated",3,2023,695,"gene4736","RPL10A","CUR_02"
"curated",3,2023,696,"gene974","CD79B","CUR_08"
"curated",3,2023,697,"gene4869","NPM1","CUR_18"
"curated",3,2023,698,"gene5016","OVGP1","CUR_06"
"curated",3,2023,699,"gene3590","IL11RA","CUR_03"
"curated",3,2023,700,"gene23645","PPP1R15A","CUR_13"
"curated",3,2023,701,"gene23677","SH3BP4","CUR_01"
"curated",3,2023,702,"gene155066","ATP6V0E2","CUR_05"
"curated",3,2023,703,"gene8993","PGLYRP1","CUR_19"
"curated",3,2023,704,"gene4069","LYZ","CUR_01"
"curated",3,2023,705,"gene1848","DUSP6","CUR_06"
"curated",3,2023,706,"gene1717","DHCR7","CUR_01"
"curated",3,2023,707,"gene55967","NDUFA12","CUR_05"
"curated",3,2023,708,"gene30817","ADGRE2","CUR_02"
"curated",3,2023,709,"gene643","CXCR5","CUR_01"
"curated",3,2023,710,"gene10857","PGRMC1","CUR_02"
"curated",3,2023,711,"gene1312","COMT","CUR_06"
"curated",3,2023,712,"gene51386","EIF3L","CUR_03"
"curated",3,2023,713,"gene1536","CYBB","CUR_14"
"curated",3,2023,714,"gene8740","TNFSF14","CUR_15"
"curated",3,2023,715,"gene27339","PRPF19","CUR_02"
"curated",3,2023,716,"gene84443","FRMPD3","CUR_02"
"curated",3,2023,717,"gene5621","PRNP","CUR_02"
"curated",3,2023,718,"gene3903","LAIR1","CUR_01"
"curated",3,2023,719,"gene3312","HSPA8","CUR_17"
"curated",3,2023,720,"gene1803","DPP4","CUR_13"
"curated",3,2023,721,"gene23586","RIGI","CUR_14"
"curated",3,2023,722,"gene23327","NEDD4L","CUR_07"
"curated",3,2023,723,"gene3091","HIF1A","CUR_12"
"curated",3,2023,724,"gene57571","CARNS1","CUR_02"
"curated",3,2023,725,"gene89790","SIGLEC10","CUR_06"
"curated",3,2023,726,"gene8111","GPR68","CUR_03"
"curated",3,2023,727,"gene4660","PPP1R12B","CUR_15"
"curated",3,2023,728,"gene64425","POLR1E","CUR_09"
"curated",3,2023,729,"gene10728","PTGES3","CUR_16"
"curated",3,2023,730,"gene140809","SRXN1","CUR_01"
"curated",3,2023,731,"gene23250","ATP11A","CUR_03"
"curated",3,2023,732,"gene8821","INPP4B","CUR_01"
"curated",3,2023,733,"gene57162","PELI1","CUR_06"
"curated",3,2023,734,"gene6137","RPL13","CUR_03"
"curated",3,2023,735,"gene4000","LMNA","CUR_06"
"curated",3,2023,736,"gene5209","PFKFB3","CUR_04"
"curated",3,2023,737,"gene56993","TOMM22","CUR_06"
"curated",3,2023,738,"gene7090","TLE3","CUR_14"
"curated",3,2023,739,"gene7494","XBP1","CUR_17"
"curated",3,2023,740,"gene718","C3","CUR_17"
"curated",3,2023,741,"gene64167","ERAP2","CUR_04"
"curated",3,2023,742,"gene2149","F2R","CUR_08"
"curated",3,2023,743,"gene81857","MED25","CUR_05"
"curated",3,2023,744,"gene1891","ECH1","CUR_10"
"curated",3,2023,745,"gene8673","VAMP8","CUR_11"
"curated",3,2023,746,"gene6720","SREBF1","CUR_06"
"curated",3,2023,747,"gene8607","RUVBL1","CUR_05"
"curated",3,2023,748,"gene8682","PEA15","CUR_11"
"curated",3,2023,749,"gene10055","SAE1","CUR_03"
"curated",3,2023,750,"gene85439","STON2","CUR_09"
"curated",3,2023,751,"gene10913","EDAR","CUR_05"
"curated",3,2023,752,"gene6843","VAMP1","CUR_03"
"curated",3,2023,753,"gene3557","IL1RN","CUR_11"
"curated",3,2023,754,"gene5603","MAPK13","CUR_03"
"curated",3,2023,755,"gene28984","RGCC","CUR_10"
"curated",3,2023,756,"gene319101","KRT73","CUR_13"
"curated",3,2023,757,"gene1296","COL8A2","CUR_18"
"curated",3,2023,758,"gene27242","TNFRSF21","CUR_01"
"curated",3,2023,759,"gene10051","SMC4","CUR_03"
"curated",3,2023,760,"gene8780","RIOK3","CUR_15"
"curated",3,2023,761,"gene55558","PLXNA3","CUR_13"
"curated",3,2023,762,"gene6138","RPL15","CUR_04"
"curated",3,2023,763,"gene55704","CCDC88A","CUR_01"
"curated",3,2023,764,"gene6513","SLC2A1","CUR_12"
"curated",3,2023,765,"gene1622","DBI","CUR_11"
"curated",3,2023,766,"gene4171","MCM2","CUR_10"
"curated",3,2023,767,"gene64981","MRPL34","CUR_06"
"curated",3,2023,768,"gene23136","EPB41L3","CUR_01"
"curated",3,2023,769,"gene9450","LY86","CUR_08"
"curated",3,2023,770,"gene6176","RPLP1","CUR_03"
"curated",3,2023,771,"gene23305","ACSL6","CUR_10"
"curated",3,2023,772,"gene64386","MMP25","CUR_02"
"curated",3,2023,773,"gene6230","RPS25","CUR_07"
"curated",3,2023,774,"gene10276","NET1","CUR_03"
"curated",3,2023,775,"gene80739","MPIG6B","CUR_14"
"curated",3,2023,776,"gene10875","FGL2","CUR_18"
"curated",3,2023,777,"gene56261","GPCPD1","CUR_06"
"curated",3,2023,778,"gene24138","IFIT5","CUR_10"
"curated",3,2023,779,"gene2053","EPHX2","CUR_18"
"curated",3,2023,780,"gene80005","DOCK5","CUR_01"
"curated",3,2023,781,"gene79888","LPCAT1","CUR_04"
"curated",3,2023,782,"gene29107","NXT1","CUR_05"
"curated",3,2023,783,"gene4193","MDM2","CUR_13"
"curated",3,2023,784,"gene2358","FPR2","CUR_08"
"curated",3,2023,785,"gene10161","LPAR6","CUR_07"
"curated",3,2023,786,"gene9759","HDAC4","CUR_01"
"curated",3,2023,787,"gene10654","PMVK","CUR_11"
"curated",3,2023,788,"gene84254","CAMKK1","CUR_08"
"curated",3,2023,789,"gene1378","CR1","CUR_09"
"curated",3,2023,790,"gene10575","CCT4","CUR_02"
"curated",3,2023,791,"gene53834","FGFRL1","CUR_08"
"curated",3,2023,792,"gene3459","IFNGR1","CUR_06"
"curated",3,2023,793,"gene22918","CD93","CUR_08"
"curated",3,2023,794,"gene2281","FKBP1B","CUR_10"
"curated",3,2023,795,"gene84628","NTNG2","CUR_06"
"curated",3,2023,796,"gene94015","TTYH2","CUR_15"
"curated",3,2023,797,"gene6923","ELOB","CUR_14"
"curated",3,2023,798,"gene253260","RICTOR","CUR_02"
"curated",3,2023,799,"gene7476","WNT7A","CUR_03"
"curated",3,2023,800,"gene10516","FBLN5","CUR_02"
"curated",3,2023,801,"gene917","CD3G","CUR_05"
"curated",3,2023,802,"gene3014","H2AX","CUR_15"
"curated",3,2023,803,"gene2197","FAU","CUR_09"
"curated",3,2023,804,"gene5087","PBX1","CUR_01"
"curated",3,2023,805,"gene5245","PHB1","CUR_12"
"curated",3,2023,806,"gene10783","NEK6","CUR_05"
"curated",3,2023,807,"gene55827","DCAF6","CUR_11"
"curated",3,2023,808,"gene1032","CDKN2D","CUR_06"
"curated",3,2023,809,"gene864","RUNX3","CUR_03"
"curated",3,2023,810,"gene51176","LEF1","CUR_06"
"curated",3,2023,811,"gene1230","CCR1","CUR_07"
"curated",3,2023,812,"gene8542","APOL1","CUR_06"
"curated",3,2023,813,"gene5296","PIK3R2","CUR_11"
"curated",3,2023,814,"gene7381","UQCRB","CUR_06"
"curated",3,2023,815,"gene4689","NCF4","CUR_10"
"curated",3,2023,816,"gene6157","RPL27A","CUR_17"
"curated",3,2023,817,"gene2199","FBLN2","CUR_15"
"curated",3,2023,818,"gene7706","TRIM25","CUR_01"
"curated",3,2023,819,"gene9241","NOG","CUR_02"
"curated",3,2023,820,"gene123041","SLC24A4","CUR_10"
"curated",3,2023,821,"gene9314","KLF4","CUR_14"
"curated",3,2023,822,"gene8815","BANF1","CUR_04"
"curated",3,2023,823,"gene26232","FBXO2","CUR_05"
"curated",3,2023,824,"gene1019","CDK4","CUR_04"
"curated",3,2023,825,"gene23433","RHOQ","CUR_09"
"curated",3,2023,826,"gene64135","IFIH1","CUR_01"
"curated",3,2023,827,"gene3094","HINT1","CUR_02"
"curated",3,2023,828,"gene91584","PLXNA4","CUR_05"
"curated",3,2023,829,"gene55112","DYNC2I1","CUR_04"
"curated",3,2023,830,"gene8741","TNFSF13","CUR_01"
"curated",3,2023,831,"gene7036","TFR2","CUR_04"
"curated",3,2023,832,"gene51380","CSAD","CUR_01"
"curated",3,2023,833,"gene2219","FCN1","CUR_09"
"curated",3,2023,834,"gene5728","PTEN","CUR_03"
"curated",3,2023,835,"gene4703","NEB","CUR_15"
"curated",3,2023,836,"gene4092","SMAD7","CUR_05"
"curated",3,2023,837,"gene1175","AP2S1","CUR_08"
"curated",3,2023,838,"gene22836","RHOBTB3","CUR_02"
"curated",3,2023,839,"gene23463","ICMT","CUR_05"
"curated",3,2023,840,"gene59340","HRH4","CUR_19"
"curated",3,2023,841,"gene3068","HDGF","CUR_unassigned"
"curated",3,2023,842,"gene6229","RPS24","CUR_05"
"curated",3,2023,843,"gene55615","PRR5","CUR_15"
"curated",3,2023,844,"gene4332","MNDA","CUR_06"
"curated",3,2023,845,"gene5775","PTPN4","CUR_01"
"curated",3,2023,846,"gene3959","LGALS3BP","CUR_11"
"curated",3,2023,847,"gene9334","B4GALT5","CUR_13"
"curated",3,2023,848,"gene57674","RNF213","CUR_04"
"curated",3,2023,849,"gene653361","NCF1","CUR_07"
"curated",3,2023,850,"gene2739","GLO1","CUR_09"
"curated",3,2023,851,"gene26140","TTLL3","CUR_04"
"curated",3,2023,852,"gene27018","BEX3","CUR_10"
"curated",3,2023,853,"gene912","CD1D","CUR_16"
"curated",3,2023,854,"gene54549","SDK2","CUR_16"
"curated",3,2023,855,"gene2625","GATA3","CUR_16"
"curated",3,2023,856,"gene4809","SNU13","CUR_13"
"curated",3,2023,857,"gene2215","FCGR3B","CUR_04"
"curated",3,2023,858,"gene114822","RHPN1","CUR_01"
"curated",3,2023,859,"gene962","CD48","CUR_04"
"curated",3,2023,860,"gene8357","H3C10","CUR_07"
"curated",3,2023,861,"gene221937","FOXK1","CUR_18"
"curated",3,2023,862,"gene23423","TMED3","CUR_13"
"curated",3,2023,863,"gene221037","JMJD1C","CUR_17"
"curated",3,2023,864,"gene51650","MRPS33","CUR_04"
"curated",3,2023,865,"gene868","CBLB","CUR_18"
"curated",3,2023,866,"gene6732","SRPK1","CUR_08"
"curated",3,2023,867,"gene4715","NDUFB9","CUR_17"
"curated",3,2023,868,"gene6307","MSMO1","CUR_01"
"curated",3,2023,869,"gene8519","IFITM1","CUR_04"
"curated",3,2023,870,"gene6158","RPL28","CUR_01"
"curated",3,2023,871,"gene161742","SPRED1","CUR_19"
"curated",3,2023,872,"gene1154","CISH","CUR_14"
"curated",3,2023,873,"gene8665","EIF3F","CUR_16"
"curated",3,2023,874,"gene5197","PF4V1","CUR_07"
"curated",3,2023,875,"gene4904","YBX1","CUR_03"
"curated",3,2023,876,"gene80854","SETD7","CUR_18"
"curated",3,2023,877,"gene7514","XPO1","CUR_06"
"curated",3,2023,878,"gene706","TSPO","CUR_14"
"curated",3,2023,879,"gene84159","ARID5B","CUR_02"
"curated",3,2023,880,"gene5886","RAD23A","CUR_09"
"curated",3,2023,881,"gene9651","PLCH2","CUR_08"
"curated",3,2023,882,"gene80115","BAIAP2L2","CUR_04"
"curated",3,2023,883,"gene7153","TOP2A","CUR_10"
"curated",3,2023,884,"gene1628","DBP","CUR_06"
"curated",3,2023,885,"gene3320","HSP90AA1","CUR_06"
"curated",3,2023,886,"gene5800","PTPRO","CUR_05"
"curated",3,2023,887,"gene55240","STEAP3","CUR_02"
"curated",3,2023,888,"gene6150","MRPL23","CUR_02"
"curated",3,2023,889,"gene8668","EIF3I","CUR_17"
"curated",3,2023,890,"gene151636","DTX3L","CUR_unassigned"
"curated",3,2023,891,"gene290","ANPEP","CUR_04"
"curated",3,2023,892,"gene7089","TLE2","CUR_13"
"curated",3,2023,893,"gene54331","GNG2","CUR_11"
"curated",3,2023,894,"gene54464","XRN1","CUR_08"
"curated",3,2023,895,"gene728","C5AR1","CUR_10"
"curated",3,2023,896,"gene4050","LTB","CUR_12"
"curated",3,2023,897,"gene80201","HKDC1","CUR_12"
"curated",3,2023,898,"gene11343","MGLL","CUR_03"
"curated",3,2023,899,"gene22898","DENND3","CUR_05"
"curated",3,2023,900,"gene64061","TSPYL2","CUR_18"
"curated",3,2023,901,"gene1937","EEF1G","CUR_05"
"curated",3,2023,902,"gene1269","CNR2","CUR_01"
"curated",3,2023,903,"gene27335","EIF3K","CUR_17"
"curated",3,2023,904,"gene10154","PLXNC1","CUR_04"
"curated",3,2023,905,"gene1241","LTB4R","CUR_02"
"curated",3,2023,906,"gene60489","APOBEC3G","CUR_01"
"curated",3,2023,907,"gene51310","SLC22A17","CUR_16"
"curated",3,2023,908,"gene10811","NOXA1","CUR_17"
"curated",3,2023,909,"gene25885","POLR1A","CUR_12"
"curated",3,2023,910,"gene1233","CCR4","CUR_12"
"curated",3,2023,911,"gene57105","CYSLTR2","CUR_19"
"curated",3,2023,912,"gene51747","LUC7L3","CUR_05"
"curated",3,2023,913,"gene56937","PMEPA1","CUR_05"
"curated",3,2023,914,"gene4509","MT-ATP8","CUR_09"
"curated",3,2023,915,"gene4522","MTHFD1","CUR_01"
"curated",3,2023,916,"gene7056","THBD","CUR_10"
"curated",3,2023,917,"gene91749","SLC60A2","CUR_01"
"curated",3,2023,918,"gene51320","MEX3C","CUR_01"
"curated",3,2023,919,"gene2672","GFI1","CUR_14"
"curated",3,2023,920,"gene8477","GPR65","CUR_17"
"curated",3,2023,921,"gene216","ALDH1A1","CUR_11"
"curated",3,2023,922,"gene10490","VTI1B","CUR_07"
"curated",3,2023,923,"gene5351","PLOD1","CUR_15"
"curated",3,2023,924,"gene9585","KIF20B","CUR_05"
"curated",3,2023,925,"gene959","CD40LG","CUR_13"
"curated",3,2023,926,"gene253782","CERS6","CUR_18"
"curated",3,2023,927,"gene518","ATP5MC3","CUR_01"
"curated",3,2023,928,"gene5411","PNN","CUR_09"
"curated",3,2023,929,"gene2570","GABRR2","CUR_04"
"curated",3,2023,930,"gene29116","MYLIP","CUR_01"
"curated",3,2023,931,"gene10794","ZNF460","CUR_08"
"curated",3,2023,932,"gene10970","CKAP4","CUR_04"
"curated",3,2023,933,"gene79090","TRAPPC6A","CUR_17"
"curated",3,2023,934,"gene6124","RPL4","CUR_13"
"curated",3,2023,935,"gene932","MS4A3","CUR_12"
"curated",3,2023,936,"gene55313","CPPED1","CUR_12"
"curated",3,2023,937,"gene114882","OSBPL8","CUR_08"
"curated",3,2023,938,"gene55701","ARHGEF40","CUR_01"
"curated",3,2023,939,"gene610","HCN2","CUR_18"
"curated",3,2023,940,"gene8863","PER3","CUR_08"
"curated",3,2023,941,"gene3109","HLA-DMB","CUR_13"
"curated",3,2023,942,"gene8313","AXIN2","CUR_13"
"curated",3,2023,943,"gene83858","ATAD3B","CUR_02"
"curated",3,2023,944,"gene11240","PADI2","CUR_03"
"curated",3,2023,945,"gene1795","DOCK3","CUR_12"
"curated",3,2023,946,"gene151306","GPBAR1","CUR_06"
"curated",3,2023,947,"gene6132","RPL8","CUR_07"
"curated",3,2023,948,"gene1514","CTSL","CUR_01"
"curated",3,2023,949,"gene63891","RNF123","CUR_03"
"curated",3,2023,950,"gene4172","MCM3","CUR_11"
"curated",3,2023,951,"gene79143","MBOAT7","CUR_10"
"curated",3,2023,952,"gene64772","ENGASE","CUR_08"
"curated",3,2023,953,"gene25804","LSM4","CUR_02"
"curated",3,2023,954,"gene29802","VPREB3","CUR_09"
"curated",3,2023,955,"gene7433","VIPR1","CUR_03"
"curated",3,2023,956,"gene1508","CTSB","CUR_08"
"curated",3,2023,957,"gene1901","S1PR1","CUR_03"
"curated",3,2023,958,"gene23530","NNT","CUR_06"
"curated",3,2023,959,"gene79646","PANK3","CUR_19"
"curated",3,2023,960,"gene89849","ATG16L2","CUR_03"
"curated",3,2023,961,"gene7710","ZNF154","CUR_08"
"curated",3,2023,962,"gene7027","TFDP1","CUR_11"
"curated",3,2023,963,"gene2643","GCH1","CUR_18"
"curated",3,2023,964,"gene200315","APOBEC3A","CUR_09"
"curated",3,2023,965,"gene143884","CWF19L2","CUR_07"
"curated",3,2023,966,"gene2948","GSTM4","CUR_03"
"curated",3,2023,967,"gene9188","DDX21","CUR_03"
"curated",3,2023,968,"gene4343","MOV10","CUR_13"
"curated",3,2023,969,"gene219855","SLC37A2","CUR_18"
"curated",3,2023,970,"gene1234","CCR5","CUR_10"
"curated",3,2023,971,"gene51251","NT5C3A","CUR_02"
"curated",3,2023,972,"gene3727","JUND","CUR_02"
"curated",3,2023,973,"gene57449","PLEKHG5","CUR_10"
"curated",3,2023,974,"gene7423","VEGFB","CUR_03"
"curated",3,2023,975,"gene2026","ENO2","CUR_03"
"curated",3,2023,976,"gene79414","LRFN3","CUR_01"
"curated",3,2023,977,"gene120227","CYP2R1","CUR_10"
"curated",3,2023,978,"gene975","CD81","CUR_12"
"curated",3,2023,979,"gene9349","RPL23","CUR_01"
"curated",3,2023,980,"gene84868","HAVCR2","CUR_14"
"curated",3,2023,981,"gene23461","ABCA5","CUR_10"
"curated",3,2023,982,"gene6122","RPL3","CUR_14"
"curated",3,2023,983,"gene1435","CSF1","CUR_13"
"curated",3,2023,984,"gene84418","CYSTM1","CUR_03"
"curated",3,2023,985,"gene79930","DOK3","CUR_14"
"curated",3,2023,986,"gene27336","HTATSF1","CUR_04"
"curated",3,2023,987,"gene2833","CXCR3","CUR_17"
"curated",3,2023,988,"gene338596","ST8SIA6","CUR_17"
"curated",3,2023,989,"gene53822","FXYD7","CUR_09"
"curated",3,2023,990,"gene51332","SPTBN5","CUR_05"
"curated",3,2023,991,"gene56034","PDGFC","CUR_05"
"curated",3,2023,992,"gene873","CBR1","CUR_15"
"curated",3,2023,993,"gene9260","PDLIM7","CUR_01"
"curated",3,2023,994,"gene26049","FAM169A","CUR_19"
"curated",3,2023,995,"gene433","ASGR2","CUR_07"
"curated",3,2023,996,"gene120892","LRRK2","CUR_15"
"curated",3,2023,997,"gene3687","ITGAX","CUR_07"
"curated",3,2023,998,"gene219","ALDH1B1","CUR_04"
"curated",3,2023,999,"gene55252","ASXL2","CUR_03"
"curated",3,2023,1000,"gene521","ATP5ME","CUR_10"
"curated",4,2024,1,"gene246","ALOX15","CUR_01"
"curated",4,2024,2,"gene212","ALAS2","CUR_01"
"curated",4,2024,3,"gene1374","CPT1A","CUR_01"
"curated",4,2024,4,"gene2289","FKBP5","CUR_19"
"curated",4,2024,5,"gene3512","JCHAIN","CUR_05"
"curated",4,2024,6,"gene54541","DDIT4","CUR_12"
"curated",4,2024,7,"gene5187","PER1","CUR_03"
"curated",4,2024,8,"gene3848","KRT1","CUR_07"
"curated",4,2024,9,"gene6521","SLC4A1","CUR_01"
"curated",4,2024,10,"gene6535","SLC6A8","CUR_01"
"curated",4,2024,11,"gene27181","SIGLEC8","CUR_12"
"curated",4,2024,12,"gene6622","SNCA","CUR_18"
"curated",4,2024,13,"gene55437","STRADB","CUR_15"
"curated",4,2024,14,"gene759","CA1","CUR_02"
"curated",4,2024,15,"gene6710","SPTB","CUR_15"
"curated",4,2024,16,"gene343171","OR2W3","CUR_13"
"curated",4,2024,17,"gene4940","OAS3","CUR_12"
"curated",4,2024,18,"gene5266","PI3","CUR_02"
"curated",4,2024,19,"gene4635","MYL4","CUR_18"
"curated",4,2024,20,"gene2766","GMPR","CUR_08"
"curated",4,2024,21,"gene286","ANK1","CUR_02"
"curated",4,2024,22,"gene55512","SMPD3","CUR_15"
"curated",4,2024,23,"gene7111","TMOD1","CUR_02"
"curated",4,2024,24,"gene1844","DUSP2","CUR_10"
"curated",4,2024,25,"gene4057","LTF","CUR_15"
"curated",4,2024,26,"gene10417","SPON2","CUR_16"
"curated",4,2024,27,"gene249","ALPL","CUR_07"
"curated",4,2024,28,"gene83888","FGFBP2","CUR_06"
"curated",4,2024,29,"gene7704","ZBTB16","CUR_04"
"curated",4,2024,30,"gene3568","IL5RA","CUR_04"
"curated",4,2024,31,"gene7057","THBS1","CUR_14"
"curated",4,2024,32,"gene2995","GYPC","CUR_04"
"curated",4,2024,33,"gene4599","MX1","CUR_10"
"curated",4,2024,34,"gene4811","NID1","CUR_03"
"curated",4,2024,35,"gene4318","MMP9","CUR_03"
"curated",4,2024,36,"gene5166","PDK4","CUR_13"
"curated",4,2024,37,"gene2039","DMTN","CUR_11"
"curated",4,2024,38,"gene51218","GLRX5","CUR_15"
"curated",4,2024,39,"gene8660","IRS2","CUR_14"
"curated",4,2024,40,"gene598","BCL2L1","CUR_03"
"curated",4,2024,41,"gene2987","GUK1","CUR_04"
"curated",4,2024,42,"gene11126","CD160","CUR_03"
"curated",4,2024,43,"gene645","BLVRB","CUR_15"
"curated",4,2024,44,"gene4541","MT-ND6","CUR_09"
"curated",4,2024,45,"gene3437","IFIT3","CUR_04"
"curated",4,2024,46,"gene3127","HLA-DRB5","CUR_08"
"curated",4,2024,47,"gene2537","IFI6","CUR_12"
"curated",4,2024,48,"gene51348","KLRF1","CUR_19"
"curated",4,2024,49,"gene3119","HLA-DQB1","CUR_02"
"curated",4,2024,50,"gene140","ADORA3","CUR_01"
"curated",4,2024,51,"gene4784","NFIX","CUR_14"
"curated",4,2024,52,"gene2999","GZMH","CUR_05"
"curated",4,2024,53,"gene11251","PTGDR2","CUR_13"
"curated",4,2024,54,"gene53637","S1PR5","CUR_09"
"curated",4,2024,55,"gene4939","OAS2","CUR_06"
"curated",4,2024,56,"gene1843","DUSP1","CUR_10"
"curated",4,2024,57,"gene1052","CEBPD","CUR_09"
"curated",4,2024,58,"gene573","BAG1","CUR_11"
"curated",4,2024,59,"gene81567","TXNDC5","CUR_12"
"curated",4,2024,60,"gene669","BPGM","CUR_10"
"curated",4,2024,61,"gene788","SLC25A20","CUR_11"
"curated",4,2024,62,"gene115362","GBP5","CUR_02"
"curated",4,2024,63,"gene5909","RAP1GAP","CUR_11"
"curated",4,2024,64,"gene3824","KLRD1","CUR_07"
"curated",4,2024,65,"gene91543","RSAD2","CUR_01"
"curated",4,2024,66,"gene3434","IFIT1","CUR_02"
"curated",4,2024,67,"gene4061","LY6E","CUR_09"
"curated",4,2024,68,"gene7097","TLR2","CUR_06"
"curated",4,2024,69,"gene83715","ESPN","CUR_16"
"curated",4,2024,70,"gene9636","ISG15","CUR_01"
"curated",4,2024,71,"gene2235","FECH","CUR_05"
"curated",4,2024,72,"gene10316","NMUR1","CUR_04"
"curated",4,2024,73,"gene2633","GBP1","CUR_02"
"curated",4,2024,74,"gene1668","DEFA3","CUR_11"
"curated",4,2024,75,"gene3433","IFIT2","CUR_07"
"curated",4,2024,76,"gene10644","IGF2BP2","CUR_06"
"curated",4,2024,77,"gene687","KLF9","CUR_10"
"curated",4,2024,78,"gene3949","LDLR","CUR_08"
"curated",4,2024,79,"gene3029","HAGH","CUR_02"
"curated",4,2024,80,"gene11098","PRSS23","CUR_18"
"curated",4,2024,81,"gene10098","TSPAN5","CUR_11"
"curated",4,2024,82,"gene54739","XAF1","CUR_11"
"curated",4,2024,83,"gene3958","LGALS3","CUR_18"
"curated",4,2024,84,"gene2322","FLT3","CUR_08"
"curated",4,2024,85,"gene60675","PROK2","CUR_01"
"curated",4,2024,86,"gene7280","TUBB2A","CUR_07"
"curated",4,2024,87,"gene117157","SH2D1B","CUR_05"
"curated",4,2024,88,"gene6772","STAT1","CUR_17"
"curated",4,2024,89,"gene27087","B3GAT1","CUR_10"
"curated",4,2024,90,"gene4684","NCAM1","CUR_08"
"curated",4,2024,91,"gene5551","PRF1","CUR_16"
"curated",4,2024,92,"gene23770","FKBP8","CUR_05"
"curated",4,2024,93,"gene6563","SLC14A1","CUR_06"
"curated",4,2024,94,"gene6170","RPL39","CUR_04"
"curated",4,2024,95,"gene122618","PLD4","CUR_01"
"curated",4,2024,96,"gene27090","ST6GALNAC4","CUR_01"
"curated",4,2024,97,"gene84525","HOPX","CUR_15"
"curated",4,2024,98,"gene1718","DHCR24","CUR_04"
"curated",4,2024,99,"gene6351","CCL4","CUR_06"
"curated",4,2024,100,"gene6189","RPS3A","CUR_12"
"curated",4,2024,101,"gene4938","OAS1","CUR_04"
"curated",4,2024,102,"gene25793","FBXO7","CUR_01"
"curated",4,2024,103,"gene9902","MRC2","CUR_06"
"curated",4,2024,104,"gene6614","SIGLEC1","CUR_16"
"curated",4,2024,105,"gene665","BNIP3L","CUR_19"
"curated",4,2024,106,"gene8651","SOCS1","CUR_17"
"curated",4,2024,107,"gene9415","FADS2","CUR_01"
"curated",4,2024,108,"gene115361","GBP4","CUR_17"
"curated",4,2024,109,"gene10964","IFI44L","CUR_02"
"curated",4,2024,110,"gene9734","HDAC9","CUR_02"
"curated",4,2024,111,"gene10410","IFITM3","CUR_04"
"curated",4,2024,112,"gene2935","GSPT1","CUR_07"
"curated",4,2024,113,"gene10808","HSPH1","CUR_07"
"curated",4,2024,114,"gene162466","PHOSPHO1","CUR_16"
"curated",4,2024,115,"gene51094","ADIPOR1","CUR_08"
"curated",4,2024,116,"gene10561","IFI44","CUR_19"
"curated",4,2024,117,"gene25941","TPGS2","CUR_15"
"curated",4,2024,118,"gene1299","COL9A3","CUR_16"
"curated",4,2024,119,"gene9332","CD163","CUR_11"
"curated",4,2024,120,"gene7049","TGFBR3","CUR_05"
"curated",4,2024,121,"gene4603","MYBL1","CUR_06"
"curated",4,2024,122,"gene30009","TBX21","CUR_16"
"curated",4,2024,123,"gene51759","C9orf78","CUR_04"
"curated",4,2024,124,"gene7088","TLE1","CUR_17"
"curated",4,2024,125,"gene8843","HCAR3","CUR_05"
"curated",4,2024,126,"gene84164","ASCC2","CUR_14"
"curated",4,2024,127,"gene255488","RNF144B","CUR_02"
"curated",4,2024,128,"gene1462","VCAN","CUR_03"
"curated",4,2024,129,"gene9047","SH2D2A","CUR_14"
"curated",4,2024,130,"gene10133","OPTN","CUR_02"
"curated",4,2024,131,"gene997","CDC34","CUR_06"
"curated",4,2024,132,"gene7314","UBB","CUR_01"
"curated",4,2024,133,"gene5159","PDGFRB","CUR_05"
"curated",4,2024,134,"gene51191","HERC5","CUR_03"
"curated",4,2024,135,"gene26053","AUTS2","CUR_07"
"curated",4,2024,136,"gene11213","IRAK3","CUR_13"
"curated",4,2024,137,"gene4753","NELL2","CUR_02"
"curated",4,2024,138,"gene241","ALOX5AP","CUR_12"
"curated",4,2024,139,"gene8818","DPM2","CUR_05"
"curated",4,2024,140,"gene5730","PTGDS","CUR_01"
"curated",4,2024,141,"gene4897","NRCAM","CUR_05"
"curated",4,2024,142,"gene266727","MDGA1","CUR_09"
"curated",4,2024,143,"gene8644","AKR1C3","CUR_09"
"curated",4,2024,144,"gene139189","DGKK","CUR_05"
"curated",4,2024,145,"gene10398","MYL9","CUR_16"
"curated",4,2024,146,"gene94240","EPSTI1","CUR_14"
"curated",4,2024,147,"gene8131","NPRL3","CUR_19"
"curated",4,2024,148,"gene2354","FOSB","CUR_13"
"curated",4,2024,149,"gene54625","PARP14","CUR_08"
"curated",4,2024,150,"gene26253","CLEC4E","CUR_06"
"curated",4,2024,151,"gene166929","SGMS2","CUR_07"
"curated",4,2024,152,"gene9619","ABCG1","CUR_06"
"curated",4,2024,153,"gene10409","BASP1","CUR_05"
"curated",4,2024,154,"gene2623","GATA1","CUR_13"
"curated",4,2024,155,"gene948","CD36","CUR_10"
"curated",4,2024,156,"gene3597","IL13RA1","CUR_03"
"curated",4,2024,157,"gene5802","PTPRS","CUR_01"
"curated",4,2024,158,"gene23569","PADI4","CUR_01"
"curated",4,2024,159,"gene1831","TSC22D3","CUR_02"
"curated",4,2024,160,"gene10578","GNLY","CUR_01"
"curated",4,2024,161,"gene1088","CEACAM8","CUR_08"
"curated",4,2024,162,"gene7453","WARS1","CUR_01"
"curated",4,2024,163,"gene3992","FADS1","CUR_11"
"curated",4,2024,164,"gene6279","S100A8","CUR_06"
"curated",4,2024,165,"gene6768","ST14","CUR_03"
"curated",4,2024,166,"gene147700","KLC3","CUR_10"
"curated",4,2024,167,"gene2867","FFAR2","CUR_01"
"curated",4,2024,168,"gene9021","SOCS3","CUR_04"
"curated",4,2024,169,"gene6210","RPS15A","CUR_07"
"curated",4,2024,170,"gene3674","ITGA2B","CUR_11"
"curated",4,2024,171,"gene83547","RILP","CUR_01"
"curated",4,2024,172,"gene729230","CCR2","CUR_15"
"curated",4,2024,173,"gene5473","PPBP","CUR_06"
"curated",4,2024,174,"gene3988","LIPA","CUR_06"
"curated",4,2024,175,"gene7504","XK","CUR_02"
"curated",4,2024,176,"gene3985","LIMK2","CUR_16"
"curated",4,2024,177,"gene19","ABCA1","CUR_01"
"curated",4,2024,178,"gene10498","CARM1","CUR_06"
"curated",4,2024,179,"gene51465","UBE2J1","CUR_04"
"curated",4,2024,180,"gene2064","ERBB2","CUR_09"
"curated",4,2024,181,"gene3690","ITGB3","CUR_02"
"curated",4,2024,182,"gene1066","CES1","CUR_07"
"curated",4,2024,183,"gene342510","CD300E","CUR_16"
"curated",4,2024,184,"gene2876","GPX1","CUR_03"
"curated",4,2024,185,"gene5029","P2RY2","CUR_04"
"curated",4,2024,186,"gene1236","CCR7","CUR_03"
"curated",4,2024,187,"gene59269","HIVEP3","CUR_07"
"curated",4,2024,188,"gene222487","ADGRG3","CUR_09"
"curated",4,2024,189,"gene5037","PEBP1","CUR_09"
"curated",4,2024,190,"gene4051","CYP4F3","CUR_09"
"curated",4,2024,191,"gene23166","STAB1","CUR_10"
"curated",4,2024,192,"gene3956","LGALS1","CUR_08"
"curated",4,2024,193,"gene27244","SESN1","CUR_05"
"curated",4,2024,194,"gene4066","LYL1","CUR_01"
"curated",4,2024,195,"gene6283","S100A12","CUR_04"
"curated",4,2024,196,"gene604","BCL6","CUR_07"
"curated",4,2024,197,"gene3553","IL1B","CUR_07"
"curated",4,2024,198,"gene9148","NEURL1","CUR_16"
"curated",4,2024,199,"gene1240","CMKLR1","CUR_05"
"curated",4,2024,200,"gene2180","ACSL1","CUR_04"
"curated",4,2024,201,"gene8972","MGAM","CUR_09"
"curated",4,2024,202,"gene1808","DPYSL2","CUR_05"
"curated",4,2024,203,"gene2353","FOS","CUR_07"
"curated",4,2024,204,"gene1521","CTSW","CUR_05"
"curated",4,2024,205,"gene5920","PLAAT4","CUR_04"
"curated",4,2024,206,"gene6319","SCD","CUR_17"
"curated",4,2024,207,"gene973","CD79A","CUR_01"
"curated",4,2024,208,"gene9256","TSPOAP1","CUR_10"
"curated",4,2024,209,"gene4609","MYC","CUR_08"
"curated",4,2024,210,"gene4145","MATK","CUR_08"
"curated",4,2024,211,"gene10346","TRIM22","CUR_04"
"curated",4,2024,212,"gene3117","HLA-DQA1","CUR_01"
"curated",4,2024,213,"gene3934","LCN2","CUR_13"
"curated",4,2024,214,"gene23608","MKRN1","CUR_12"
"curated",4,2024,215,"gene9435","CHST2","CUR_04"
"curated",4,2024,216,"gene1545","CYP1B1","CUR_13"
"curated",4,2024,217,"gene92745","SLC38A5","CUR_13"
"curated",4,2024,218,"gene2205","FCER1A","CUR_18"
"curated",4,2024,219,"gene6133","RPL9","CUR_09"
"curated",4,2024,220,"gene4035","LRP1","CUR_02"
"curated",4,2024,221,"gene56994","CHPT1","CUR_07"
"curated",4,2024,222,"gene338442","HCAR2","CUR_14"
"curated",4,2024,223,"gene1053","CEBPE","CUR_12"
"curated",4,2024,224,"gene5204","PFDN5","CUR_05"
"curated",4,2024,225,"gene93010","B3GNT7","CUR_04"
"curated",4,2024,226,"gene3759","KCNJ2","CUR_09"
"curated",4,2024,227,"gene9510","ADAMTS1","CUR_01"
"curated",4,2024,228,"gene3113","HLA-DPA1","CUR_08"
"curated",4,2024,229,"gene10905","MAN1A2","CUR_13"
"curated",4,2024,230,"gene3315","HSPB1","CUR_02"
"curated",4,2024,231,"gene6193","RPS5","CUR_08"
"curated",4,2024,232,"gene7001","PRDX2","CUR_12"
"curated",4,2024,233,"gene10602","CDC42EP3","CUR_03"
"curated",4,2024,234,"gene6285","S100B","CUR_02"
"curated",4,2024,235,"gene196","AHR","CUR_05"
"curated",4,2024,236,"gene1524","CX3CR1","CUR_02"
"curated",4,2024,237,"gene9588","PRDX6","CUR_19"
"curated",4,2024,238,"gene4311","MME","CUR_03"
"curated",4,2024,239,"gene55831","EMC3","CUR_18"
"curated",4,2024,240,"gene9935","MAFB","CUR_10"
"curated",4,2024,241,"gene2015","ADGRE1","CUR_09"
"curated",4,2024,242,"gene10435","CDC42EP2","CUR_08"
"curated",4,2024,243,"gene2030","SLC29A1","CUR_06"
"curated",4,2024,244,"gene4012","LNPEP","CUR_04"
"curated",4,2024,245,"gene3162","HMOX1","CUR_01"
"curated",4,2024,246,"gene51312","SLC25A37","CUR_06"
"curated",4,2024,247,"gene2091","FBL","CUR_09"
"curated",4,2024,248,"gene5196","PF4","CUR_12"
"curated",4,2024,249,"gene3820","KLRB1","CUR_08"
"curated",4,2024,250,"gene23129","PLXND1","CUR_11"
"curated",4,2024,251,"gene59283","CACNG8","CUR_09"
"curated",4,2024,252,"gene84034","EMILIN2","CUR_09"
"curated",4,2024,253,"gene6231","RPS26","CUR_02"
"curated",4,2024,254,"gene6235","RPS29","CUR_19"
"curated",4,2024,255,"gene90480","GADD45GIP1","CUR_16"
"curated",4,2024,256,"gene64407","RGS18","CUR_01"
"curated",4,2024,257,"gene5144","PDE4D","CUR_14"
"curated",4,2024,258,"gene84333","PCGF5","CUR_16"
"curated",4,2024,259,"gene203","AK1","CUR_14"
"curated",4,2024,260,"gene3560","IL2RB","CUR_06"
"curated",4,2024,261,"gene5866","RAB3IL1","CUR_01"
"curated",4,2024,262,"gene925","CD8A","CUR_14"
"curated",4,2024,263,"gene939","CD27","CUR_07"
"curated",4,2024,264,"gene1028","CDKN1C","CUR_11"
"curated",4,2024,265,"gene11224","RPL35","CUR_05"
"curated",4,2024,266,"gene7850","IL1R2","CUR_11"
"curated",4,2024,267,"gene54438","GFOD1","CUR_03"
"curated",4,2024,268,"gene7045","TGFBI","CUR_04"
"curated",4,2024,269,"gene83716","CRISPLD2","CUR_18"
"curated",4,2024,270,"gene5729","PTGDR","CUR_11"
"curated",4,2024,271,"gene2791","GNG11","CUR_15"
"curated",4,2024,272,"gene2812","GP1BB","CUR_08"
"curated",4,2024,273,"gene3067","HDC","CUR_13"
"curated",4,2024,274,"gene1595","CYP51A1","CUR_14"
"curated",4,2024,275,"gene54543","TOMM7","CUR_09"
"curated",4,2024,276,"gene116844","LRG1","CUR_11"
"curated",4,2024,277,"gene7264","GFUS","CUR_11"
"curated",4,2024,278,"gene83666","PARP9","CUR_12"
"curated",4,2024,279,"gene6222","RPS18","CUR_05"
"curated",4,2024,280,"gene9491","PSMF1","CUR_14"
"curated",4,2024,281,"gene596","BCL2","CUR_15"
"curated",4,2024,282,"gene6234","RPS28","CUR_01"
"curated",4,2024,283,"gene2288","FKBP4","CUR_05"
"curated",4,2024,284,"gene6590","SLPI","CUR_10"
"curated",4,2024,285,"gene896","CCND3","CUR_01"
"curated",4,2024,286,"gene3792","KEL","CUR_17"
"curated",4,2024,287,"gene259197","NCR3","CUR_13"
"curated",4,2024,288,"gene401258","RAB44","CUR_02"
"curated",4,2024,289,"gene6208","RPS14","CUR_15"
"curated",4,2024,290,"gene8685","MARCO","CUR_14"
"curated",4,2024,291,"gene131870","NUDT16","CUR_07"
"curated",4,2024,292,"gene8807","IL18RAP","CUR_19"
"curated",4,2024,293,"gene27343","POLL","CUR_02"
"curated",4,2024,294,"gene8671","SLC4A4","CUR_01"
"curated",4,2024,295,"gene100133941","CD24","CUR_09"
"curated",4,2024,296,"gene9997","SCO2","CUR_05"
"curated",4,2024,297,"gene6510","SLC1A5","CUR_08"
"curated",4,2024,298,"gene6708","SPTA1","CUR_18"
"curated",4,2024,299,"gene8911","CACNA1I","CUR_16"
"curated",4,2024,300,"gene57823","SLAMF7","CUR_01"
"curated",4,2024,301,"gene9976","CLEC2B","CUR_04"
"curated",4,2024,302,"gene6678","SPARC","CUR_02"
"curated",4,2024,303,"gene6223","RPS19","CUR_02"
"curated",4,2024,304,"gene1191","CLU","CUR_17"
"curated",4,2024,305,"gene23365","ARHGEF12","CUR_01"
"curated",4,2024,306,"gene6726","SRP9","CUR_08"
"curated",4,2024,307,"gene3122","HLA-DRA","CUR_11"
"curated",4,2024,308,"gene926","CD8B","CUR_01"
"curated",4,2024,309,"gene6633","SNRPD2","CUR_10"
"curated",4,2024,310,"gene81027","TUBB1","CUR_12"
"curated",4,2024,311,"gene6773","STAT2","CUR_16"
"curated",4,2024,312,"gene6281","S100A10","CUR_10"
"curated",4,2024,313,"gene5997","RGS2","CUR_01"
"curated",4,2024,314,"gene7226","TRPM2","CUR_06"
"curated",4,2024,315,"gene129685","TAF8","CUR_02"
"curated",4,2024,316,"gene8460","TPST1","CUR_14"
"curated",4,2024,317,"gene4082","MARCKS","CUR_01"
"curated",4,2024,318,"gene80097","MZT2B","CUR_09"
"curated",4,2024,319,"gene22934","RPIA","CUR_15"
"curated",4,2024,320,"gene4354","MPP1","CUR_03"
"curated",4,2024,321,"gene388","RHOB","CUR_09"
"curated",4,2024,322,"gene9246","UBE2L6","CUR_05"
"curated",4,2024,323,"gene7852","CXCR4","CUR_07"
"curated",4,2024,324,"gene80310","PDGFD","CUR_08"
"curated",4,2024,325,"gene10622","POLR3G","CUR_06"
"curated",4,2024,326,"gene10135","NAMPT","CUR_06"
"curated",4,2024,327,"gene4778","NFE2","CUR_03"
"curated",4,2024,328,"gene160364","CLEC12A","CUR_01"
"curated",4,2024,329,"gene1912","PHC2","CUR_01"
"curated",4,2024,330,"gene10663","CXCR6","CUR_10"
"curated",4,2024,331,"gene9437","NCR1","CUR_01"
"curated",4,2024,332,"gene84649","DGAT2","CUR_08"
"curated",4,2024,333,"gene2624","GATA2","CUR_16"
"curated",4,2024,334,"gene3326","HSP90AB1","CUR_19"
"curated",4,2024,335,"gene5079","PAX5","CUR_15"
"curated",4,2024,336,"gene5208","PFKFB2","CUR_02"
"curated",4,2024,337,"gene353189","SLCO4C1","CUR_04"
"curated",4,2024,338,"gene3945","LDHB","CUR_04"
"curated",4,2024,339,"gene84174","SLA2","CUR_01"
"curated",4,2024,340,"gene3821","KLRC1","CUR_01"
"curated",4,2024,341,"gene356","FASLG","CUR_07"
"curated",4,2024,342,"gene59352","LGR6","CUR_01"
"curated",4,2024,343,"gene6201","RPS7","CUR_03"
"curated",4,2024,344,"gene6164","RPL34","CUR_14"
"curated",4,2024,345,"gene3921","RPSA","CUR_11"
"curated",4,2024,346,"gene3576","CXCL8","CUR_04"
"curated",4,2024,347,"gene6227","RPS21","CUR_15"
"curated",4,2024,348,"gene7915","ALDH5A1","CUR_16"
"curated",4,2024,349,"gene684","BST2","CUR_13"
"curated",4,2024,350,"gene80781","COL18A1","CUR_02"
"curated",4,2024,351,"gene6934","TCF7L2","CUR_03"
"curated",4,2024,352,"gene338440","ANO9","CUR_16"
"curated",4,2024,353,"gene80216","ALPK1","CUR_05"
"curated",4,2024,354,"gene6515","SLC2A3","CUR_07"
"curated",4,2024,355,"gene1933","EEF1B2","CUR_01"
"curated",4,2024,356,"gene400916","CHCHD10","CUR_03"
"curated",4,2024,357,"gene79689","STEAP4","CUR_15"
"curated",4,2024,358,"gene726","CAPN5","CUR_06"
"curated",4,2024,359,"gene729359","PLIN4","CUR_11"
"curated",4,2024,360,"gene57610","RANBP10","CUR_08"
"curated",4,2024,361,"gene4064","CD180","CUR_06"
"curated",4,2024,362,"gene25873","RPL36","CUR_01"
"curated",4,2024,363,"gene1847","DUSP5","CUR_14"
"curated",4,2024,364,"gene8291","DYSF","CUR_03"
"curated",4,2024,365,"gene51523","CXXC5","CUR_08"
"curated",4,2024,366,"gene3070","HELLS","CUR_11"
"curated",4,2024,367,"gene6036","RNASE2","CUR_15"
"curated",4,2024,368,"gene11123","RCAN3","CUR_02"
"curated",4,2024,369,"gene10581","IFITM2","CUR_10"
"curated",4,2024,370,"gene50509","COL5A3","CUR_09"
"curated",4,2024,371,"gene9975","NR1D2","CUR_17"
"curated",4,2024,372,"gene5464","PPA1","CUR_18"
"curated",4,2024,373,"gene140803","TRPM6","CUR_01"
"curated",4,2024,374,"gene6846","XCL2","CUR_03"
"curated",4,2024,375,"gene4537","MT-ND3","CUR_12"
"curated",4,2024,376,"gene3490","IGFBP7","CUR_10"
"curated",4,2024,377,"gene84766","CRACR2A","CUR_13"
"curated",4,2024,378,"gene944","TNFSF8","CUR_04"
"curated",4,2024,379,"gene366","AQP9","CUR_04"
"curated",4,2024,380,"gene9934","P2RY14","CUR_01"
"curated",4,2024,381,"gene7846","TUBA1A","CUR_12"
"curated",4,2024,382,"gene6478","SIAH2","CUR_08"
"curated",4,2024,383,"gene6171","RPL41","CUR_02"
"curated",4,2024,384,"gene6152","RPL24","CUR_01"
"curated",4,2024,385,"gene360","AQP3","CUR_02"
"curated",4,2024,386,"gene2214","FCGR3A","CUR_10"
"curated",4,2024,387,"gene3004","GZMM","CUR_01"
"curated",4,2024,388,"gene5494","PPM1A","CUR_04"
"curated",4,2024,389,"gene1232","CCR3","CUR_19"
"curated",4,2024,390,"gene4953","ODC1","CUR_07"
"curated",4,2024,391,"gene3274","HRH2","CUR_11"
"curated",4,2024,392,"gene5577","PRKAR2B","CUR_12"
"curated",4,2024,393,"gene9254","CACNA2D2","CUR_09"
"curated",4,2024,394,"gene915","CD3D","CUR_07"
"curated",4,2024,395,"gene3123","HLA-DRB1","CUR_02"
"curated",4,2024,396,"gene154","ADRB2","CUR_12"
"curated",4,2024,397,"gene929","CD14","CUR_04"
"curated",4,2024,398,"gene3577","CXCR1","CUR_05"
"curated",4,2024,399,"gene1880","GPR183","CUR_04"
"curated",4,2024,400,"gene6204","RPS10","CUR_01"
"curated",4,2024,401,"gene6224","RPS20","CUR_02"
"curated",4,2024,402,"gene126231","ZNF573","CUR_06"
"curated",4,2024,403,"gene57514","ARHGAP31","CUR_05"
"curated",4,2024,404,"gene31","ACACA","CUR_11"
"curated",4,2024,405,"gene1870","E2F2","CUR_09"
"curated",4,2024,406,"gene10449","ACAA2","CUR_11"
"curated",4,2024,407,"gene114907","FBXO32","CUR_16"
"curated",4,2024,408,"gene6139","RPL17","CUR_07"
"curated",4,2024,409,"gene79887","PLBD1","CUR_14"
"curated",4,2024,410,"gene2793","GNGT2","CUR_04"
"curated",4,2024,411,"gene2059","EPS8","CUR_11"
"curated",4,2024,412,"gene8334","H2AC6","CUR_13"
"curated",4,2024,413,"gene3613","IMPA2","CUR_07"
"curated",4,2024,414,"gene170622","COMMD6","CUR_15"
"curated",4,2024,415,"gene2550","GABBR1","CUR_10"
"curated",4,2024,416,"gene3572","IL6ST","CUR_04"
"curated",4,2024,417,"gene2950","GSTP1","CUR_18"
"curated",4,2024,418,"gene2081","ERN1","CUR_14"
"curated",4,2024,419,"gene4792","NFKBIA","CUR_17"
"curated",4,2024,420,"gene9398","CD101","CUR_07"
"curated",4,2024,421,"gene3028","HSD17B10","CUR_04"
"curated",4,2024,422,"gene6241","RRM2","CUR_12"
"curated",4,2024,423,"gene23401","FRAT2","CUR_16"
"curated",4,2024,424,"gene8794","TNFRSF10C","CUR_02"
"curated",4,2024,425,"gene22800","RRAS2","CUR_02"
"curated",4,2024,426,"gene3398","ID2","CUR_03"
"curated",4,2024,427,"gene4068","SH2D1A","CUR_12"
"curated",4,2024,428,"gene6286","S100P","CUR_09"
"curated",4,2024,429,"gene157285","PRAG1","CUR_10"
"curated",4,2024,430,"gene3340","NDST1","CUR_13"
"curated",4,2024,431,"gene85441","HELZ2","CUR_03"
"curated",4,2024,432,"gene6144","RPL21","CUR_04"
"curated",4,2024,433,"gene8638","OASL","CUR_05"
"curated",4,2024,434,"gene54407","SLC38A2","CUR_13"
"curated",4,2024,435,"gene81794","ADAMTS10","CUR_11"
"curated",4,2024,436,"gene6272","SORT1","CUR_10"
"curated",4,2024,437,"gene445582","POTEE","CUR_07"
"curated",4,2024,438,"gene1345","COX6C","CUR_01"
"curated",4,2024,439,"gene6146","RPL22","CUR_01"
"curated",4,2024,440,"gene514","ATP5F1E","CUR_15"
"curated",4,2024,441,"gene6155","RPL27","CUR_07"
"curated",4,2024,442,"gene6160","RPL31","CUR_04"
"curated",4,2024,443,"gene162966","ZNF600","CUR_03"
"curated",4,2024,444,"gene3728","JUP","CUR_15"
"curated",4,2024,445,"gene26289","AK5","CUR_05"
"curated",4,2024,446,"gene2768","GNA12","CUR_17"
"curated",4,2024,447,"gene26268","FBXO9","CUR_08"
"curated",4,2024,448,"gene6647","SOD1","CUR_16"
"curated",4,2024,449,"gene7320","UBE2B","CUR_02"
"curated",4,2024,450,"gene3430","IFI35","CUR_06"
"curated",4,2024,451,"gene389","RHOC","CUR_08"
"curated",4,2024,452,"gene4261","CIITA","CUR_09"
"curated",4,2024,453,"gene65018","PINK1","CUR_14"
"curated",4,2024,454,"gene146850","PIK3R6","CUR_10"
"curated",4,2024,455,"gene301","ANXA1","CUR_06"
"curated",4,2024,456,"gene63893","UBE2O","CUR_08"
"curated",4,2024,457,"gene6886","TAL1","CUR_13"
"curated",4,2024,458,"gene54498","SMOX","CUR_05"
"curated",4,2024,459,"gene57630","SH3RF1","CUR_11"
"curated",4,2024,460,"gene1471","CST3","CUR_04"
"curated",4,2024,461,"gene56005","MYDGF","CUR_03"
"curated",4,2024,462,"gene8536","CAMK1","CUR_01"
"curated",4,2024,463,"gene10219","KLRG1","CUR_06"
"curated",4,2024,464,"gene5052","PRDX1","CUR_09"
"curated",4,2024,465,"gene838","CASP5","CUR_11"
"curated",4,2024,466,"gene682","BSG","CUR_06"
"curated",4,2024,467,"gene3164","NR4A1","CUR_03"
"curated",4,2024,468,"gene1475","CSTA","CUR_02"
"curated",4,2024,469,"gene5610","EIF2AK2","CUR_01"
"curated",4,2024,470,"gene6352","CCL5","CUR_07"
"curated",4,2024,471,"gene2634","GBP2","CUR_08"
"curated",4,2024,472,"gene5721","PSME2","CUR_17"
"curated",4,2024,473,"gene127933","UHMK1","CUR_12"
"curated",4,2024,474,"gene6168","RPL37A","CUR_06"
"curated",4,2024,475,"gene3115","HLA-DPB1","CUR_01"
"curated",4,2024,476,"gene8718","TNFRSF25","CUR_04"
"curated",4,2024,477,"gene80727","TTYH3","CUR_10"
"curated",4,2024,478,"gene221472","FGD2","CUR_05"
"curated",4,2024,479,"gene1350","COX7C","CUR_02"
"curated",4,2024,480,"gene6641","SNTB1","CUR_17"
"curated",4,2024,481,"gene4900","NRGN","CUR_12"
"curated",4,2024,482,"gene5141","PDE4A","CUR_03"
"curated",4,2024,483,"gene5027","P2RX7","CUR_04"
"curated",4,2024,484,"gene219333","USP12","CUR_04"
"curated",4,2024,485,"gene302","ANXA2","CUR_03"
"curated",4,2024,486,"gene4353","MPO","CUR_04"
"curated",4,2024,487,"gene8724","SNX3","CUR_05"
"curated",4,2024,488,"gene25801","GCA","CUR_19"
"curated",4,2024,489,"gene968","CD68","CUR_04"
"curated",4,2024,490,"gene122416","ANKRD9","CUR_06"
"curated",4,2024,491,"gene2153","F5","CUR_12"
"curated",4,2024,492,"gene9531","BAG3","CUR_05"
"curated",4,2024,493,"gene23191","CYFIP1","CUR_19"
"curated",4,2024,494,"gene8787","RGS9","CUR_11"
"curated",4,2024,495,"gene6280","S100A9","CUR_05"
"curated",4,2024,496,"gene54790","TET2","CUR_05"
"curated",4,2024,497,"gene1116","CHI3L1","CUR_08"
"curated",4,2024,498,"gene6194","RPS6","CUR_17"
"curated",4,2024,499,"gene6154","RPL26","CUR_09"
"curated",4,2024,500,"gene22914","KLRK1","CUR_08"
"curated",4,2024,501,"gene1593","CYP27A1","CUR_01"
"curated",4,2024,502,"gene91319","DERL3","CUR_17"
"curated",4,2024,503,"gene3646","EIF3E","CUR_13"
"curated",4,2024,504,"gene6206","RPS12","CUR_03"
"curated",4,2024,505,"gene321","APBA2","CUR_06"
"curated",4,2024,506,"gene7273","TTN","CUR_06"
"curated",4,2024,507,"gene8875","VNN2","CUR_08"
"curated",4,2024,508,"gene28996","HIPK2","CUR_01"
"curated",4,2024,509,"gene1512","CTSH","CUR_03"
"curated",4,2024,510,"gene25824","PRDX5","CUR_05"
"curated",4,2024,511,"gene10963","STIP1","CUR_12"
"curated",4,2024,512,"gene217","ALDH2","CUR_16"
"curated",4,2024,513,"gene114879","OSBPL5","CUR_11"
"curated",4,2024,514,"gene25956","SEC31B","CUR_06"
"curated",4,2024,515,"gene3566","IL4R","CUR_03"
"curated",4,2024,516,"gene4833","NME4","CUR_17"
"curated",4,2024,517,"gene133522","PPARGC1B","CUR_03"
"curated",4,2024,518,"gene5140","PDE3B","CUR_11"
"curated",4,2024,519,"gene55432","YOD1","CUR_01"
"curated",4,2024,520,"gene1675","CFD","CUR_11"
"curated",4,2024,521,"gene23475","QPRT","CUR_15"
"curated",4,2024,522,"gene330","BIRC3","CUR_01"
"curated",4,2024,523,"gene3925","STMN1","CUR_09"
"curated",4,2024,524,"gene3693","ITGB5","CUR_12"
"curated",4,2024,525,"gene6175","RPLP0","CUR_09"
"curated",4,2024,526,"gene6161","RPL32","CUR_01"
"curated",4,2024,527,"gene7311","UBA52","CUR_08"
"curated",4,2024,528,"gene4831","NME2","CUR_15"
"curated",4,2024,529,"gene6141","RPL18","CUR_05"
"curated",4,2024,530,"gene6713","SQLE","CUR_09"
"curated",4,2024,531,"gene8905","AP1S2","CUR_02"
"curated",4,2024,532,"gene4303","FOXO4","CUR_13"
"curated",4,2024,533,"gene8669","EIF3J","CUR_unassigned"
"curated",4,2024,534,"gene146330","FBXL16","CUR_12"
"curated",4,2024,535,"gene6165","RPL35A","CUR_13"
"curated",4,2024,536,"gene4502","MT2A","CUR_03"
"curated",4,2024,537,"gene22885","ABLIM3","CUR_06"
"curated",4,2024,538,"gene513","ATP5F1D","CUR_03"
"curated",4,2024,539,"gene51734","MSRB1","CUR_11"
"curated",4,2024,540,"gene10871","CD300C","CUR_05"
"curated",4,2024,541,"gene6228","RPS23","CUR_05"
"curated",4,2024,542,"gene143686","SESN3","CUR_04"
"curated",4,2024,543,"gene51024","FIS1","CUR_02"
"curated",4,2024,544,"gene6191","RPS4X","CUR_13"
"curated",4,2024,545,"gene2781","GNAZ","CUR_14"
"curated",4,2024,546,"gene6001","RGS10","CUR_17"
"curated",4,2024,547,"gene84874","ZNF514","CUR_03"
"curated",4,2024,548,"gene84131","CEP78","CUR_14"
"curated",4,2024,549,"gene4605","MYBL2","CUR_08"
"curated",4,2024,550,"gene3822","KLRC2","CUR_03"
"curated",4,2024,551,"gene8140","SLC7A5","CUR_03"
"curated",4,2024,552,"gene2048","EPHB2","CUR_03"
"curated",4,2024,553,"gene3394","IRF8","CUR_18"
"curated",4,2024,554,"gene80139","ZNF703","CUR_01"
"curated",4,2024,555,"gene5727","PTCH1","CUR_02"
"curated",4,2024,556,"gene6721","SREBF2","CUR_06"
"curated",4,2024,557,"gene6648","SOD2","CUR_03"
"curated",4,2024,558,"gene5836","PYGL","CUR_03"
"curated",4,2024,559,"gene2947","GSTM3","CUR_06"
"curated",4,2024,560,"gene4345","CD200","CUR_01"
"curated",4,2024,561,"gene151742","PPM1L","CUR_02"
"curated",4,2024,562,"gene340205","TREML1","CUR_03"
"curated",4,2024,563,"gene708","C1QBP","CUR_01"
"curated",4,2024,564,"gene7169","TPM2","CUR_10"
"curated",4,2024,565,"gene6202","RPS8","CUR_06"
"curated",4,2024,566,"gene3480","IGF1R","CUR_03"
"curated",4,2024,567,"gene66002","CYP4F12","CUR_13"
"curated",4,2024,568,"gene388931","MFSD2B","CUR_11"
"curated",4,2024,569,"gene133","ADM","CUR_13"
"curated",4,2024,570,"gene6147","RPL23A","CUR_04"
"curated",4,2024,571,"gene3579","CXCR2","CUR_06"
"curated",4,2024,572,"gene6142","RPL18A","CUR_06"
"curated",4,2024,573,"gene4282","MIF","CUR_06"
"curated",4,2024,574,"gene3336","HSPE1","CUR_09"
"curated",4,2024,575,"gene4773","NFATC2","CUR_04"
"curated",4,2024,576,"gene2787","GNG5","CUR_06"
"curated",4,2024,577,"gene10437","IFI30","CUR_04"
"curated",4,2024,578,"gene161882","ZFPM1","CUR_03"
"curated",4,2024,579,"gene2357","FPR1","CUR_01"
"curated",4,2024,580,"gene6635","SNRPE","CUR_04"
"curated",4,2024,581,"gene56975","FAM20C","CUR_02"
"curated",4,2024,582,"gene2162","F13A1","CUR_08"
"curated",4,2024,583,"gene9231","DLG5","CUR_03"
"curated",4,2024,584,"gene10859","LILRB1","CUR_11"
"curated",4,2024,585,"gene933","CD22","CUR_17"
"curated",4,2024,586,"gene942","CD86","CUR_04"
"curated",4,2024,587,"gene9145","SYNGR1","CUR_08"
"curated",4,2024,588,"gene2058","EPRS1","CUR_14"
"curated",4,2024,589,"gene6556","SLC11A1","CUR_03"
"curated",4,2024,590,"gene6217","RPS16","CUR_04"
"curated",4,2024,591,"gene80012","PHC3","CUR_03"
"curated",4,2024,592,"gene2776","GNAQ","CUR_09"
"curated",4,2024,593,"gene6169","RPL38","CUR_01"
"curated",4,2024,594,"gene117155","CATSPER2","CUR_09"
"curated",4,2024,595,"gene25946","ZNF385A","CUR_03"
"curated",4,2024,596,"gene134429","STARD4","CUR_13"
"curated",4,2024,597,"gene3556","IL1RAP","CUR_14"
"curated",4,2024,598,"gene7128","TNFAIP3","CUR_06"
"curated",4,2024,599,"gene6159","RPL29","CUR_08"
"curated",4,2024,600,"gene9194","SLC16A7","CUR_03"
"curated",4,2024,601,"gene275","AMT","CUR_18"
"curated",4,2024,602,"gene5567","PRKACB","CUR_16"
"curated",4,2024,603,"gene83988","NCALD","CUR_11"
"curated",4,2024,604,"gene9580","SOX13","CUR_06"
"curated",4,2024,605,"gene4708","NDUFB2","CUR_01"
"curated",4,2024,606,"gene3575","IL7R","CUR_02"
"curated",4,2024,607,"gene4830","NME1","CUR_12"
"curated",4,2024,608,"gene27287","VENTX","CUR_03"
"curated",4,2024,609,"gene55423","SIRPG","CUR_13"
"curated",4,2024,610,"gene4646","MYO6","CUR_11"
"curated",4,2024,611,"gene58477","SRPRB","CUR_17"
"curated",4,2024,612,"gene6188","RPS3","CUR_12"
"curated",4,2024,613,"gene54583","EGLN1","CUR_04"
"curated",4,2024,614,"gene1163","CKS1B","CUR_10"
"curated",4,2024,615,"gene5732","PTGER2","CUR_05"
"curated",4,2024,616,"gene306","ANXA3","CUR_06"
"curated",4,2024,617,"gene1043","CD52","CUR_10"
"curated",4,2024,618,"gene7203","CCT3","CUR_11"
"curated",4,2024,619,"gene2206","MS4A2","CUR_13"
"curated",4,2024,620,"gene6173","RPL36A","CUR_10"
"curated",4,2024,621,"gene79071","ELOVL6","CUR_02"
"curated",4,2024,622,"gene6039","RNASE6","CUR_05"
"curated",4,2024,623,"gene123","PLIN2","CUR_16"
"curated",4,2024,624,"gene8541","PPFIA3","CUR_08"
"curated",4,2024,625,"gene1890","TYMP","CUR_10"
"curated",4,2024,626,"gene3386","ICAM4","CUR_08"
"curated",4,2024,627,"gene3595","IL12RB2","CUR_03"
"curated",4,2024,628,"gene9045","RPL14","CUR_05"
"curated",4,2024,629,"gene55466","DNAJA4","CUR_06"
"curated",4,2024,630,"gene5966","REL","CUR_12"
"curated",4,2024,631,"gene54210","TREM1","CUR_07"
"curated",4,2024,632,"gene4638","MYLK","CUR_14"
"curated",4,2024,633,"gene3717","JAK2","CUR_05"
"curated",4,2024,634,"gene2309","FOXO3","CUR_08"
"curated",4,2024,635,"gene140807","KRT72","CUR_15"
"curated",4,2024,636,"gene8320","EOMES","CUR_04"
"curated",4,2024,637,"gene6207","RPS13","CUR_09"
"curated",4,2024,638,"gene2201","FBN2","CUR_12"
"curated",4,2024,639,"gene3486","IGFBP3","CUR_06"
"curated",4,2024,640,"gene79834","PEAK1","CUR_02"
"curated",4,2024,641,"gene57698","SHTN1","CUR_01"
"curated",4,2024,642,"gene463","ZFHX3","CUR_02"
"curated",4,2024,643,"gene6375","XCL1","CUR_02"
"curated",4,2024,644,"gene57654","UVSSA","CUR_12"
"curated",4,2024,645,"gene539","ATP5PO","CUR_06"
"curated",4,2024,646,"gene597","BCL2A1","CUR_17"
"curated",4,2024,647,"gene719","C3AR1","CUR_10"
"curated",4,2024,648,"gene83999","KREMEN1","CUR_09"
"curated",4,2024,649,"gene56172","ANKH","CUR_13"
"curated",4,2024,650,"gene710","SERPING1","CUR_05"
"curated",4,2024,651,"gene10462","CLEC10A","CUR_08"
"curated",4,2024,652,"gene6209","RPS15","CUR_10"
"curated",4,2024,653,"gene527","ATP6V0C","CUR_05"
"curated",4,2024,654,"gene81030","ZBP1","CUR_11"
"curated",4,2024,655,"gene6095","RORA","CUR_11"
"curated",4,2024,656,"gene1051","CEBPB","CUR_12"
"curated",4,2024,657,"gene6233","RPS27A","CUR_05"
"curated",4,2024,658,"gene5901","RAN","CUR_02"
"curated",4,2024,659,"gene9170","LPAR2","CUR_02"
"curated",4,2024,660,"gene2317","FLNB","CUR_17"
"curated",4,2024,661,"gene2203","FBP1","CUR_17"
"curated",4,2024,662,"gene2017","CTTN","CUR_09"
"curated",4,2024,663,"gene6218","RPS17","CUR_11"
"curated",4,2024,664,"gene192286","HIGD2A","CUR_unassigned"
"curated",4,2024,665,"gene259173","ALS2CL","CUR_10"
"curated",4,2024,666,"gene10549","PRDX4","CUR_19"
"curated",4,2024,667,"gene23547","LILRA4","CUR_07"
"curated",4,2024,668,"gene353","APRT","CUR_17"
"curated",4,2024,669,"gene51389","RWDD1","CUR_01"
"curated",4,2024,670,"gene100996939","PYURF","CUR_12"
"curated",4,2024,671,"gene84992","PIGY","CUR_02"
"curated",4,2024,672,"gene59285","CACNG6","CUR_05"
"curated",4,2024,673,"gene940","CD28","CUR_01"
"curated",4,2024,674,"gene760","CA2","CUR_10"
"curated",4,2024,675,"gene2760","GM2A","CUR_13"
"curated",4,2024,676,"gene8349","H2BC21","CUR_05"
"curated",4,2024,677,"gene978","CDA","CUR_05"
"curated",4,2024,678,"gene2790","GNG10","CUR_02"
"curated",4,2024,679,"gene54843","SYTL2","CUR_05"
"curated",4,2024,680,"gene10870","HCST","CUR_12"
"curated",4,2024,681,"gene671","BPI","CUR_16"
"curated",4,2024,682,"gene27102","EIF2AK1","CUR_01"
"curated",4,2024,683,"gene3772","KCNJ15","CUR_01"
"curated",4,2024,684,"gene1436","CSF1R","CUR_18"
"curated",4,2024,685,"gene728294","D2HGDH","CUR_10"
"curated",4,2024,686,"gene6167","RPL37","CUR_16"
"curated",4,2024,687,"gene6134","RPL10","CUR_03"
"curated",4,2024,688,"gene8714","ABCC3","CUR_10"
"curated",4,2024,689,"gene6125","RPL5","CUR_03"
"curated",4,2024,690,"gene56953","NT5M","CUR_16"
"curated",4,2024,691,"gene8482","SEMA7A","CUR_01"
"curated",4,2024,692,"gene64759","TNS3","CUR_02"
"curated",4,2024,693,"gene90990","KIFC2","CUR_13"
"curated",4,2024,694,"gene2194","FASN","CUR_03"
"curated",4,2024,695,"gene4736","RPL10A","CUR_06"
"curated",4,2024,696,"gene974","CD79B","CUR_15"
"curated",4,2024,697,"gene4869","NPM1","CUR_13"
"curated",4,2024,698,"gene5016","OVGP1","CUR_01"
"curated",4,2024,699,"gene3590","IL11RA","CUR_14"
"curated",4,2024,700,"gene23645","PPP1R15A","CUR_17"
"curated",4,2024,701,"gene23677","SH3BP4","CUR_06"
"curated",4,2024,702,"gene155066","ATP6V0E2","CUR_04"
"curated",4,2024,703,"gene8993","PGLYRP1","CUR_10"
"curated",4,2024,704,"gene4069","LYZ","CUR_06"
"curated",4,2024,705,"gene1848","DUSP6","CUR_12"
"curated",4,2024,706,"gene1717","DHCR7","CUR_18"
"curated",4,2024,707,"gene55967","NDUFA12","CUR_17"
"curated",4,2024,708,"gene30817","ADGRE2","CUR_01"
"curated",4,2024,709,"gene643","CXCR5","CUR_02"
"curated",4,2024,710,"gene10857","PGRMC1","CUR_12"
"curated",4,2024,711,"gene1312","COMT","CUR_04"
"curated",4,2024,712,"gene51386","EIF3L","CUR_02"
"curated",4,2024,713,"gene1536","CYBB","CUR_17"
"curated",4,2024,714,"gene8740","TNFSF14","CUR_09"
"curated",4,2024,715,"gene27339","PRPF19","CUR_10"
"curated",4,2024,716,"gene84443","FRMPD3","CUR_03"
"curated",4,2024,717,"gene5621","PRNP","CUR_01"
"curated",4,2024,718,"gene3903","LAIR1","CUR_17"
"curated",4,2024,719,"gene3312","HSPA8","CUR_09"
"curated",4,2024,720,"gene1803","DPP4","CUR_13"
"curated",4,2024,721,"gene23586","RIGI","CUR_13"
"curated",4,2024,722,"gene23327","NEDD4L","CUR_16"
"curated",4,2024,723,"gene3091","HIF1A","CUR_01"
"curated",4,2024,724,"gene57571","CARNS1","CUR_04"
"curated",4,2024,725,"gene89790","SIGLEC10","CUR_08"
"curated",4,2024,726,"gene8111","GPR68","CUR_05"
"curated",4,2024,727,"gene4660","PPP1R12B","CUR_14"
"curated",4,2024,728,"gene64425","POLR1E","CUR_03"
"curated",4,2024,729,"gene10728","PTGES3","CUR_07"
"curated",4,2024,730,"gene140809","SRXN1","CUR_04"
"curated",4,2024,731,"gene23250","ATP11A","CUR_01"
"curated",4,2024,732,"gene8821","INPP4B","CUR_05"
"curated",4,2024,733,"gene57162","PELI1","CUR_06"
"curated",4,2024,734,"gene6137","RPL13","CUR_07"
"curated",4,2024,735,"gene4000","LMNA","CUR_15"
"curated",4,2024,736,"gene5209","PFKFB3","CUR_18"
"curated",4,2024,737,"gene56993","TOMM22","CUR_05"
"curated",4,2024,738,"gene7090","TLE3","CUR_03"
"curated",4,2024,739,"gene7494","XBP1","CUR_unassigned"
"curated",4,2024,740,"gene718","C3","CUR_01"
"curated",4,2024,741,"gene64167","ERAP2","CUR_15"
"curated",4,2024,742,"gene2149","F2R","CUR_12"
"curated",4,2024,743,"gene81857","MED25","CUR_16"
"curated",4,2024,744,"gene1891","ECH1","CUR_03"
"curated",4,2024,745,"gene8673","VAMP8","CUR_09"
"curated",4,2024,746,"gene6720","SREBF1","CUR_17"
"curated",4,2024,747,"gene8607","RUVBL1","CUR_03"
"curated",4,2024,748,"gene8682","PEA15","CUR_03"
"curated",4,2024,749,"gene10055","SAE1","CUR_15"
"curated",4,2024,750,"gene85439","STON2","CUR_18"
"curated",4,2024,751,"gene10913","EDAR","CUR_17"
"curated",4,2024,752,"gene6843","VAMP1","CUR_07"
"curated",4,2024,753,"gene3557","IL1RN","CUR_10"
"curated",4,2024,754,"gene5603","MAPK13","CUR_06"
"curated",4,2024,755,"gene28984","RGCC","CUR_04"
"curated",4,2024,756,"gene319101","KRT73","CUR_14"
"curated",4,2024,757,"gene1296","COL8A2","CUR_05"
"curated",4,2024,758,"gene27242","TNFRSF21","CUR_15"
"curated",4,2024,759,"gene10051","SMC4","CUR_06"
"curated",4,2024,760,"gene8780","RIOK3","CUR_03"
"curated",4,2024,761,"gene55558","PLXNA3","CUR_13"
"curated",4,2024,762,"gene6138","RPL15","CUR_13"
"curated",4,2024,763,"gene55704","CCDC88A","CUR_17"
"curated",4,2024,764,"gene6513","SLC2A1","CUR_12"
"curated",4,2024,765,"gene1622","DBI","CUR_01"
"curated",4,2024,766,"gene4171","MCM2","CUR_11"
"curated",4,2024,767,"gene64981","MRPL34","CUR_08"
"curated",4,2024,768,"gene23136","EPB41L3","CUR_12"
"curated",4,2024,769,"gene9450","LY86","CUR_02"
"curated",4,2024,770,"gene6176","RPLP1","CUR_03"
"curated",4,2024,771,"gene23305","ACSL6","CUR_01"
"curated",4,2024,772,"gene64386","MMP25","CUR_16"
"curated",4,2024,773,"gene6230","RPS25","CUR_09"
"curated",4,2024,774,"gene10276","NET1","CUR_01"
"curated",4,2024,775,"gene80739","MPIG6B","CUR_10"
"curated",4,2024,776,"gene10875","FGL2","CUR_01"
"curated",4,2024,777,"gene56261","GPCPD1","CUR_10"
"curated",4,2024,778,"gene24138","IFIT5","CUR_18"
"curated",4,2024,779,"gene2053","EPHX2","CUR_02"
"curated",4,2024,780,"gene80005","DOCK5","CUR_14"
"curated",4,2024,781,"gene79888","LPCAT1","CUR_04"
"curated",4,2024,782,"gene29107","NXT1","CUR_07"
"curated",4,2024,783,"gene4193","MDM2","CUR_06"
"curated",4,2024,784,"gene2358","FPR2","CUR_12"
"curated",4,2024,785,"gene10161","LPAR6","CUR_18"
"curated",4,2024,786,"gene9759","HDAC4","CUR_18"
"curated",4,2024,787,"gene10654","PMVK","CUR_02"
"curated",4,2024,788,"gene84254","CAMKK1","CUR_05"
"curated",4,2024,789,"gene1378","CR1","CUR_01"
"curated",4,2024,790,"gene10575","CCT4","CUR_13"
"curated",4,2024,791,"gene53834","FGFRL1","CUR_18"
"curated",4,2024,792,"gene3459","IFNGR1","CUR_08"
"curated",4,2024,793,"gene22918","CD93","CUR_17"
"curated",4,2024,794,"gene2281","FKBP1B","CUR_14"
"curated",4,2024,795,"gene84628","NTNG2","CUR_01"
"curated",4,2024,796,"gene94015","TTYH2","CUR_02"
"curated",4,2024,797,"gene6923","ELOB","CUR_13"
"curated",4,2024,798,"gene253260","RICTOR","CUR_13"
"curated",4,2024,799,"gene7476","WNT7A","CUR_19"
"curated",4,2024,800,"gene10516","FBLN5","CUR_05"
"curated",4,2024,801,"gene917","CD3G","CUR_07"
"curated",4,2024,802,"gene3014","H2AX","CUR_15"
"curated",4,2024,803,"gene2197","FAU","CUR_03"
"curated",4,2024,804,"gene5087","PBX1","CUR_17"
"curated",4,2024,805,"gene5245","PHB1","CUR_05"
"curated",4,2024,806,"gene10783","NEK6","CUR_02"
"curated",4,2024,807,"gene55827","DCAF6","CUR_07"
"curated",4,2024,808,"gene1032","CDKN2D","CUR_02"
"curated",4,2024,809,"gene864","RUNX3","CUR_04"
"curated",4,2024,810,"gene51176","LEF1","CUR_12"
"curated",4,2024,811,"gene1230","CCR1","CUR_02"
"curated",4,2024,812,"gene8542","APOL1","CUR_01"
"curated",4,2024,813,"gene5296","PIK3R2","CUR_09"
"curated",4,2024,814,"gene7381","UQCRB","CUR_16"
"curated",4,2024,815,"gene4689","NCF4","CUR_01"
"curated",4,2024,816,"gene6157","RPL27A","CUR_11"
"curated",4,2024,817,"gene2199","FBLN2","CUR_19"
"curated",4,2024,818,"gene7706","TRIM25","CUR_19"
"curated",4,2024,819,"gene9241","NOG","CUR_13"
"curated",4,2024,820,"gene123041","SLC24A4","CUR_10"
"curated",4,2024,821,"gene9314","KLF4","CUR_01"
"curated",4,2024,822,"gene8815","BANF1","CUR_07"
"curated",4,2024,823,"gene26232","FBXO2","CUR_07"
"curated",4,2024,824,"gene1019","CDK4","CUR_07"
"curated",4,2024,825,"gene23433","RHOQ","CUR_14"
"curated",4,2024,826,"gene64135","IFIH1","CUR_15"
"curated",4,2024,827,"gene3094","HINT1","CUR_04"
"curated",4,2024,828,"gene91584","PLXNA4","CUR_02"
"curated",4,2024,829,"gene55112","DYNC2I1","CUR_05"
"curated",4,2024,830,"gene8741","TNFSF13","CUR_04"
"curated",4,2024,831,"gene7036","TFR2","CUR_05"
"curated",4,2024,832,"gene51380","CSAD","CUR_07"
"curated",4,2024,833,"gene2219","FCN1","CUR_17"
"curated",4,2024,834,"gene5728","PTEN","CUR_13"
"curated",4,2024,835,"gene4703","NEB","CUR_01"
"curated",4,2024,836,"gene4092","SMAD7","CUR_02"
"curated",4,2024,837,"gene1175","AP2S1","CUR_06"
"curated",4,2024,838,"gene22836","RHOBTB3","CUR_03"
"curated",4,2024,839,"gene23463","ICMT","CUR_11"
"curated",4,2024,840,"gene59340","HRH4","CUR_12"
"curated",4,2024,841,"gene3068","HDGF","CUR_17"
"curated",4,2024,842,"gene6229","RPS24","CUR_17"
"curated",4,2024,843,"gene55615","PRR5","CUR_04"
"curated",4,2024,844,"gene4332","MNDA","CUR_14"
"curated",4,2024,845,"gene5775","PTPN4","CUR_04"
"curated",4,2024,846,"gene3959","LGALS3BP","CUR_10"
"curated",4,2024,847,"gene9334","B4GALT5","CUR_10"
"curated",4,2024,848,"gene57674","RNF213","CUR_02"
"curated",4,2024,849,"gene653361","NCF1","CUR_03"
"curated",4,2024,850,"gene2739","GLO1","CUR_14"
"curated",4,2024,851,"gene26140","TTLL3","CUR_11"
"curated",4,2024,852,"gene27018","BEX3","CUR_12"
"curated",4,2024,853,"gene912","CD1D","CUR_07"
"curated",4,2024,854,"gene54549","SDK2","CUR_10"
"curated",4,2024,855,"gene2625","GATA3","CUR_02"
"curated",4,2024,856,"gene4809","SNU13","CUR_14"
"curated",4,2024,857,"gene2215","FCGR3B","CUR_06"
"curated",4,2024,858,"gene114822","RHPN1","CUR_08"
"curated",4,2024,859,"gene962","CD48","CUR_01"
"curated",4,2024,860,"gene8357","H3C10","CUR_05"
"curated",4,2024,861,"gene221937","FOXK1","CUR_05"
"curated",4,2024,862,"gene23423","TMED3","CUR_12"
"curated",4,2024,863,"gene221037","JMJD1C","CUR_08"
"curated",4,2024,864,"gene51650","MRPS33","CUR_16"
"curated",4,2024,865,"gene868","CBLB","CUR_09"
"curated",4,2024,866,"gene6732","SRPK1","CUR_01"
"curated",4,2024,867,"gene4715","NDUFB9","CUR_03"
"curated",4,2024,868,"gene6307","MSMO1","CUR_05"
"curated",4,2024,869,"gene8519","IFITM1","CUR_11"
"curated",4,2024,870,"gene6158","RPL28","CUR_07"
"curated",4,2024,871,"gene161742","SPRED1","CUR_08"
"curated",4,2024,872,"gene1154","CISH","CUR_06"
"curated",4,2024,873,"gene8665","EIF3F","CUR_09"
"curated",4,2024,874,"gene5197","PF4V1","CUR_07"
"curated",4,2024,875,"gene4904","YBX1","CUR_02"
"curated",4,2024,876,"gene80854","SETD7","CUR_18"
"curated",4,2024,877,"gene7514","XPO1","CUR_08"
"curated",4,2024,878,"gene706","TSPO","CUR_02"
"curated",4,2024,879,"gene84159","ARID5B","CUR_05"
"curated",4,2024,880,"gene5886","RAD23A","CUR_04"
"curated",4,2024,881,"gene9651","PLCH2","CUR_05"
"curated",4,2024,882,"gene80115","BAIAP2L2","CUR_03"
"curated",4,2024,883,"gene7153","TOP2A","CUR_05"
"curated",4,2024,884,"gene1628","DBP","CUR_01"
"curated",4,2024,885,"gene3320","HSP90AA1","CUR_02"
"curated",4,2024,886,"gene5800","PTPRO","CUR_15"
"curated",4,2024,887,"gene55240","STEAP3","CUR_18"
"curated",4,2024,888,"gene6150","MRPL23","CUR_05"
"curated",4,2024,889,"gene8668","EIF3I","CUR_09"
"curated",4,2024,890,"gene151636","DTX3L","CUR_07"
"curated",4,2024,891,"gene290","ANPEP","CUR_03"
"curated",4,2024,892,"gene7089","TLE2","CUR_10"
"curated",4,2024,893,"gene54331","GNG2","CUR_05"
"curated",4,2024,894,"gene54464","XRN1","CUR_01"
"curated",4,2024,895,"gene728","C5AR1","CUR_12"
"curated",4,2024,896,"gene4050","LTB","CUR_09"
"curated",4,2024,897,"gene80201","HKDC1","CUR_02"
"curated",4,2024,898,"gene11343","MGLL","CUR_07"
"curated",4,2024,899,"gene22898","DENND3","CUR_19"
"curated",4,2024,900,"gene64061","TSPYL2","CUR_02"
"curated",4,2024,901,"gene1937","EEF1G","CUR_13"
"curated",4,2024,902,"gene1269","CNR2","CUR_05"
"curated",4,2024,903,"gene27335","EIF3K","CUR_06"
"curated",4,2024,904,"gene10154","PLXNC1","CUR_10"
"curated",4,2024,905,"gene1241","LTB4R","CUR_17"
"curated",4,2024,906,"gene60489","APOBEC3G","CUR_04"
"curated",4,2024,907,"gene51310","SLC22A17","CUR_14"
"curated",4,2024,908,"gene10811","NOXA1","CUR_16"
"curated",4,2024,909,"gene25885","POLR1A","CUR_03"
"curated",4,2024,910,"gene1233","CCR4","CUR_08"
"curated",4,2024,911,"gene57105","CYSLTR2","CUR_06"
"curated",4,2024,912,"gene51747","LUC7L3","CUR_04"
"curated",4,2024,913,"gene56937","PMEPA1","CUR_06"
"curated",4,2024,914,"gene4509","MT-ATP8","CUR_07"
"curated",4,2024,915,"gene4522","MTHFD1","CUR_01"
"curated",4,2024,916,"gene7056","THBD","CUR_14"
"curated",4,2024,917,"gene91749","SLC60A2","CUR_14"
"curated",4,2024,918,"gene51320","MEX3C","CUR_15"
"curated",4,2024,919,"gene2672","GFI1","CUR_05"
"curated",4,2024,920,"gene8477","GPR65","CUR_06"
"curated",4,2024,921,"gene216","ALDH1A1","CUR_04"
"curated",4,2024,922,"gene10490","VTI1B","CUR_16"
"curated",4,2024,923,"gene5351","PLOD1","CUR_08"
"curated",4,2024,924,"gene9585","KIF20B","CUR_18"
"curated",4,2024,925,"gene959","CD40LG","CUR_12"
"curated",4,2024,926,"gene253782","CERS6","CUR_02"
"curated",4,2024,927,"gene518","ATP5MC3","CUR_02"
"curated",4,2024,928,"gene5411","PNN","CUR_04"
"curated",4,2024,929,"gene2570","GABRR2","CUR_14"
"curated",4,2024,930,"gene29116","MYLIP","CUR_03"
"curated",4,2024,931,"gene10794","ZNF460","CUR_16"
"curated",4,2024,932,"gene10970","CKAP4","CUR_01"
"curated",4,2024,933,"gene79090","TRAPPC6A","CUR_16"
"curated",4,2024,934,"gene6124","RPL4","CUR_15"
"curated",4,2024,935,"gene932","MS4A3","CUR_07"
"curated",4,2024,936,"gene55313","CPPED1","CUR_15"
"curated",4,2024,937,"gene114882","OSBPL8","CUR_10"
"curated",4,2024,938,"gene55701","ARHGEF40","CUR_01"
"curated",4,2024,939,"gene610","HCN2","CUR_04"
"curated",4,2024,940,"gene8863","PER3","CUR_02"
"curated",4,2024,941,"gene3109","HLA-DMB","CUR_02"
"curated",4,2024,942,"gene8313","AXIN2","CUR_05"
"curated",4,2024,943,"gene83858","ATAD3B","CUR_08"
"curated",4,2024,944,"gene11240","PADI2","CUR_03"
"curated",4,2024,945,"gene1795","DOCK3","CUR_07"
"curated",4,2024,946,"gene151306","GPBAR1","CUR_05"
"curated",4,2024,947,"gene6132","RPL8","CUR_03"
"curated",4,2024,948,"gene1514","CTSL","CUR_03"
"curated",4,2024,949,"gene63891","RNF123","CUR_04"
"curated",4,2024,950,"gene4172","MCM3","CUR_15"
"curated",4,2024,951,"gene79143","MBOAT7","CUR_06"
"curated",4,2024,952,"gene64772","ENGASE","CUR_01"
"curated",4,2024,953,"gene25804","LSM4","CUR_04"
"curated",4,2024,954,"gene29802","VPREB3","CUR_18"
"curated",4,2024,955,"gene7433","VIPR1","CUR_08"
"curated",4,2024,956,"gene1508","CTSB","CUR_14"
"curated",4,2024,957,"gene1901","S1PR1","CUR_05"
"curated",4,2024,958,"gene23530","NNT","CUR_03"
"curated",4,2024,959,"gene79646","PANK3","CUR_03"
"curated",4,2024,960,"gene89849","ATG16L2","CUR_04"
"curated",4,2024,961,"gene7710","ZNF154","CUR_03"
"curated",4,2024,962,"gene7027","TFDP1","CUR_05"
"curated",4,2024,963,"gene2643","GCH1","CUR_09"
"curated",4,2024,964,"gene200315","APOBEC3A","CUR_11"
"curated",4,2024,965,"gene143884","CWF19L2","CUR_13"
"curated",4,2024,966,"gene2948","GSTM4","CUR_04"
"curated",4,2024,967,"gene9188","DDX21","CUR_15"
"curated",4,2024,968,"gene4343","MOV10","CUR_10"
"curated",4,2024,969,"gene219855","SLC37A2","CUR_02"
"curated",4,2024,970,"gene1234","CCR5","CUR_18"
"curated",4,2024,971,"gene51251","NT5C3A","CUR_17"
"curated",4,2024,972,"gene3727","JUND","CUR_06"
"curated",4,2024,973,"gene57449","PLEKHG5","CUR_07"
"curated",4,2024,974,"gene7423","VEGFB","CUR_01"
"curated",4,2024,975,"gene2026","ENO2","CUR_06"
"curated",4,2024,976,"gene79414","LRFN3","CUR_08"
"curated",4,2024,977,"gene120227","CYP2R1","CUR_01"
"curated",4,2024,978,"gene975","CD81","CUR_01"
"curated",4,2024,979,"gene9349","RPL23","CUR_04"
"curated",4,2024,980,"gene84868","HAVCR2","CUR_14"
"curated",4,2024,981,"gene23461","ABCA5","CUR_10"
"curated",4,2024,982,"gene6122","RPL3","CUR_05"
"curated",4,2024,983,"gene1435","CSF1","CUR_02"
"curated",4,2024,984,"gene84418","CYSTM1","CUR_11"
"curated",4,2024,985,"gene79930","DOK3","CUR_13"
"curated",4,2024,986,"gene27336","HTATSF1","CUR_09"
"curated",4,2024,987,"gene2833","CXCR3","CUR_07"
"curated",4,2024,988,"gene338596","ST8SIA6","CUR_07"
"curated",4,2024,989,"gene53822","FXYD7","CUR_13"
"curated",4,2024,990,"gene51332","SPTBN5","CUR_03"
"curated",4,2024,991,"gene56034","PDGFC","CUR_07"
"curated",4,2024,992,"gene873","CBR1","CUR_09"
"curated",4,2024,993,"gene9260","PDLIM7","CUR_03"
"curated",4,2024,994,"gene26049","FAM169A","CUR_08"
"curated",4,2024,995,"gene433","ASGR2","CUR_02"
"curated",4,2024,996,"gene120892","LRRK2","CUR_01"
"curated",4,2024,997,"gene3687","ITGAX","CUR_02"
"curated",4,2024,998,"gene219","ALDH1B1","CUR_06"
"curated",4,2024,999,"gene55252","ASXL2","CUR_15"
"curated",4,2024,1000,"gene521","ATP5ME","CUR_04"
"curated",5,2025,1,"gene246","ALOX15","CUR_03"
"curated",5,2025,2,"gene212","ALAS2","CUR_04"
"curated",5,2025,3,"gene1374","CPT1A","CUR_11"
"curated",5,2025,4,"gene2289","FKBP5","CUR_10"
"curated",5,2025,5,"gene3512","JCHAIN","CUR_01"
"curated",5,2025,6,"gene54541","DDIT4","CUR_17"
"curated",5,2025,7,"gene5187","PER1","CUR_01"
"curated",5,2025,8,"gene3848","KRT1","CUR_01"
"curated",5,2025,9,"gene6521","SLC4A1","CUR_07"
"curated",5,2025,10,"gene6535","SLC6A8","CUR_19"
"curated",5,2025,11,"gene27181","SIGLEC8","CUR_05"
"curated",5,2025,12,"gene6622","SNCA","CUR_12"
"curated",5,2025,13,"gene55437","STRADB","CUR_19"
"curated",5,2025,14,"gene759","CA1","CUR_08"
"curated",5,2025,15,"gene6710","SPTB","CUR_07"
"curated",5,2025,16,"gene343171","OR2W3","CUR_04"
"curated",5,2025,17,"gene4940","OAS3","CUR_09"
"curated",5,2025,18,"gene5266","PI3","CUR_18"
"curated",5,2025,19,"gene4635","MYL4","CUR_02"
"curated",5,2025,20,"gene2766","GMPR","CUR_09"
"curated",5,2025,21,"gene286","ANK1","CUR_09"
"curated",5,2025,22,"gene55512","SMPD3","CUR_08"
"curated",5,2025,23,"gene7111","TMOD1","CUR_01"
"curated",5,2025,24,"gene1844","DUSP2","CUR_12"
"curated",5,2025,25,"gene4057","LTF","CUR_01"
"curated",5,2025,26,"gene10417","SPON2","CUR_14"
"curated",5,2025,27,"gene249","ALPL","CUR_13"
"curated",5,2025,28,"gene83888","FGFBP2","CUR_09"
"curated",5,2025,29,"gene7704","ZBTB16","CUR_04"
"curated",5,2025,30,"gene3568","IL5RA","CUR_15"
"curated",5,2025,31,"gene7057","THBS1","CUR_06"
"curated",5,2025,32,"gene2995","GYPC","CUR_07"
"curated",5,2025,33,"gene4599","MX1","CUR_14"
"curated",5,2025,34,"gene4811","NID1","CUR_03"
"curated",5,2025,35,"gene4318","MMP9","CUR_01"
"curated",5,2025,36,"gene5166","PDK4","CUR_05"
"curated",5,2025,37,"gene2039","DMTN","CUR_04"
"curated",5,2025,38,"gene51218","GLRX5","CUR_05"
"curated",5,2025,39,"gene8660","IRS2","CUR_04"
"curated",5,2025,40,"gene598","BCL2L1","CUR_06"
"curated",5,2025,41,"gene2987","GUK1","CUR_09"
"curated",5,2025,42,"gene11126","CD160","CUR_02"
"curated",5,2025,43,"gene645","BLVRB","CUR_02"
"curated",5,2025,44,"gene4541","MT-ND6","CUR_11"
"curated",5,2025,45,"gene3437","IFIT3","CUR_13"
"curated",5,2025,46,"gene3127","HLA-DRB5","CUR_02"
"curated",5,2025,47,"gene2537","IFI6","CUR_02"
"curated",5,2025,48,"gene51348","KLRF1","CUR_15"
"curated",5,2025,49,"gene3119","HLA-DQB1","CUR_02"
"curated",5,2025,50,"gene140","ADORA3","CUR_03"
"curated",5,2025,51,"gene4784","NFIX","CUR_10"
"curated",5,2025,52,"gene2999","GZMH","CUR_13"
"curated",5,2025,53,"gene11251","PTGDR2","CUR_10"
"curated",5,2025,54,"gene53637","S1PR5","CUR_13"
"curated",5,2025,55,"gene4939","OAS2","CUR_02"
"curated",5,2025,56,"gene1843","DUSP1","CUR_12"
"curated",5,2025,57,"gene1052","CEBPD","CUR_03"
"curated",5,2025,58,"gene573","BAG1","CUR_17"
"curated",5,2025,59,"gene81567","TXNDC5","CUR_16"
"curated",5,2025,60,"gene669","BPGM","CUR_03"
"curated",5,2025,61,"gene788","SLC25A20","CUR_02"
"curated",5,2025,62,"gene115362","GBP5","CUR_05"
"curated",5,2025,63,"gene5909","RAP1GAP","CUR_18"
"curated",5,2025,64,"gene3824","KLRD1","CUR_10"
"curated",5,2025,65,"gene91543","RSAD2","CUR_05"
"curated",5,2025,66,"gene3434","IFIT1","CUR_12"
"curated",5,2025,67,"gene4061","LY6E","CUR_14"
"curated",5,2025,68,"gene7097","TLR2","CUR_08"
"curated",5,2025,69,"gene83715","ESPN","CUR_11"
"curated",5,2025,70,"gene9636","ISG15","CUR_04"
"curated",5,2025,71,"gene2235","FECH","CUR_05"
"curated",5,2025,72,"gene10316","NMUR1","CUR_12"
"curated",5,2025,73,"gene2633","GBP1","CUR_14"
"curated",5,2025,74,"gene1668","DEFA3","CUR_04"
"curated",5,2025,75,"gene3433","IFIT2","CUR_14"
"curated",5,2025,76,"gene10644","IGF2BP2","CUR_07"
"curated",5,2025,77,"gene687","KLF9","CUR_03"
"curated",5,2025,78,"gene3949","LDLR","CUR_05"
"curated",5,2025,79,"gene3029","HAGH","CUR_07"
"curated",5,2025,80,"gene11098","PRSS23","CUR_04"
"curated",5,2025,81,"gene10098","TSPAN5","CUR_05"
"curated",5,2025,82,"gene54739","XAF1","CUR_07"
"curated",5,2025,83,"gene3958","LGALS3","CUR_05"
"curated",5,2025,84,"gene2322","FLT3","CUR_03"
"curated",5,2025,85,"gene60675","PROK2","CUR_06"
"curated",5,2025,86,"gene7280","TUBB2A","CUR_14"
"curated",5,2025,87,"gene117157","SH2D1B","CUR_15"
"curated",5,2025,88,"gene6772","STAT1","CUR_10"
"curated",5,2025,89,"gene27087","B3GAT1","CUR_15"
"curated",5,2025,90,"gene4684","NCAM1","CUR_12"
"curated",5,2025,91,"gene5551","PRF1","CUR_02"
"curated",5,2025,92,"gene23770","FKBP8","CUR_15"
"curated",5,2025,93,"gene6563","SLC14A1","CUR_04"
"curated",5,2025,94,"gene6170","RPL39","CUR_15"
"curated",5,2025,95,"gene122618","PLD4","CUR_01"
"curated",5,2025,96,"gene27090","ST6GALNAC4","CUR_12"
"curated",5,2025,97,"gene84525","HOPX","CUR_09"
"curated",5,2025,98,"gene1718","DHCR24","CUR_04"
"curated",5,2025,99,"gene6351","CCL4","CUR_03"
"curated",5,2025,100,"gene6189","RPS3A","CUR_02"
"curated",5,2025,101,"gene4938","OAS1","CUR_01"
"curated",5,2025,102,"gene25793","FBXO7","CUR_03"
"curated",5,2025,103,"gene9902","MRC2","CUR_01"
"curated",5,2025,104,"gene6614","SIGLEC1","CUR_17"
"curated",5,2025,105,"gene665","BNIP3L","CUR_03"
"curated",5,2025,106,"gene8651","SOCS1","CUR_12"
"curated",5,2025,107,"gene9415","FADS2","CUR_14"
"curated",5,2025,108,"gene115361","GBP4","CUR_02"
"curated",5,2025,109,"gene10964","IFI44L","CUR_06"
"curated",5,2025,110,"gene9734","HDAC9","CUR_16"
"curated",5,2025,111,"gene10410","IFITM3","CUR_03"
"curated",5,2025,112,"gene2935","GSPT1","CUR_17"
"curated",5,2025,113,"gene10808","HSPH1","CUR_15"
"curated",5,2025,114,"gene162466","PHOSPHO1","CUR_01"
"curated",5,2025,115,"gene51094","ADIPOR1","CUR_08"
"curated",5,2025,116,"gene10561","IFI44","CUR_11"
"curated",5,2025,117,"gene25941","TPGS2","CUR_08"
"curated",5,2025,118,"gene1299","COL9A3","CUR_11"
"curated",5,2025,119,"gene9332","CD163","CUR_16"
"curated",5,2025,120,"gene7049","TGFBR3","CUR_09"
"curated",5,2025,121,"gene4603","MYBL1","CUR_13"
"curated",5,2025,122,"gene30009","TBX21","CUR_16"
"curated",5,2025,123,"gene51759","C9orf78","CUR_10"
"curated",5,2025,124,"gene7088","TLE1","CUR_09"
"curated",5,2025,125,"gene8843","HCAR3","CUR_08"
"curated",5,2025,126,"gene84164","ASCC2","CUR_17"
"curated",5,2025,127,"gene255488","RNF144B","CUR_05"
"curated",5,2025,128,"gene1462","VCAN","CUR_09"
"curated",5,2025,129,"gene9047","SH2D2A","CUR_unassigned"
"curated",5,2025,130,"gene10133","OPTN","CUR_01"
"curated",5,2025,131,"gene997","CDC34","CUR_03"
"curated",5,2025,132,"gene7314","UBB","CUR_07"
"curated",5,2025,133,"gene5159","PDGFRB","CUR_unassigned"
"curated",5,2025,134,"gene51191","HERC5","CUR_07"
"curated",5,2025,135,"gene26053","AUTS2","CUR_11"
"curated",5,2025,136,"gene11213","IRAK3","CUR_09"
"curated",5,2025,137,"gene4753","NELL2","CUR_06"
"curated",5,2025,138,"gene241","ALOX5AP","CUR_07"
"curated",5,2025,139,"gene8818","DPM2","CUR_11"
"curated",5,2025,140,"gene5730","PTGDS","CUR_04"
"curated",5,2025,141,"gene4897","NRCAM","CUR_14"
"curated",5,2025,142,"gene266727","MDGA1","CUR_16"
"curated",5,2025,143,"gene8644","AKR1C3","CUR_01"
"curated",5,2025,144,"gene139189","DGKK","CUR_01"
"curated",5,2025,145,"gene10398","MYL9","CUR_12"
"curated",5,2025,146,"gene94240","EPSTI1","CUR_12"
"curated",5,2025,147,"gene8131","NPRL3","CUR_17"
"curated",5,2025,148,"gene2354","FOSB","CUR_01"
"curated",5,2025,149,"gene54625","PARP14","CUR_05"
"curated",5,2025,150,"gene26253","CLEC4E","CUR_01"
"curated",5,2025,151,"gene166929","SGMS2","CUR_12"
"curated",5,2025,152,"gene9619","ABCG1","CUR_05"
"curated",5,2025,153,"gene10409","BASP1","CUR_02"
"curated",5,2025,154,"gene2623","GATA1","CUR_04"
"curated",5,2025,155,"gene948","CD36","CUR_16"
"curated",5,2025,156,"gene3597","IL13RA1","CUR_unassigned"
"curated",5,2025,157,"gene5802","PTPRS","CUR_12"
"curated",5,2025,158,"gene23569","PADI4","CUR_04"
"curated",5,2025,159,"gene1831","TSC22D3","CUR_03"
"curated",5,2025,160,"gene10578","GNLY","CUR_05"
"curated",5,2025,161,"gene1088","CEACAM8","CUR_17"
"curated",5,2025,162,"gene7453","WARS1","CUR_16"
"curated",5,2025,163,"gene3992","FADS1","CUR_01"
"curated",5,2025,164,"gene6279","S100A8","CUR_07"
"curated",5,2025,165,"gene6768","ST14","CUR_06"
"curated",5,2025,166,"gene147700","KLC3","CUR_11"
"curated",5,2025,167,"gene2867","FFAR2","CUR_18"
"curated",5,2025,168,"gene9021","SOCS3","CUR_06"
"curated",5,2025,169,"gene6210","RPS15A","CUR_04"
"curated",5,2025,170,"gene3674","ITGA2B","CUR_04"
"curated",5,2025,171,"gene83547","RILP","CUR_11"
"curated",5,2025,172,"gene729230","CCR2","CUR_13"
"curated",5,2025,173,"gene5473","PPBP","CUR_18"
"curated",5,2025,174,"gene3988","LIPA","CUR_01"
"curated",5,2025,175,"gene7504","XK","CUR_02"
"curated",5,2025,176,"gene3985","LIMK2","CUR_04"
"curated",5,2025,177,"gene19","ABCA1","CUR_16"
"curated",5,2025,178,"gene10498","CARM1","CUR_07"
"curated",5,2025,179,"gene51465","UBE2J1","CUR_15"
"curated",5,2025,180,"gene2064","ERBB2","CUR_04"
"curated",5,2025,181,"gene3690","ITGB3","CUR_15"
"curated",5,2025,182,"gene1066","CES1","CUR_11"
"curated",5,2025,183,"gene342510","CD300E","CUR_06"
"curated",5,2025,184,"gene2876","GPX1","CUR_01"
"curated",5,2025,185,"gene5029","P2RY2","CUR_15"
"curated",5,2025,186,"gene1236","CCR7","CUR_09"
"curated",5,2025,187,"gene59269","HIVEP3","CUR_08"
"curated",5,2025,188,"gene222487","ADGRG3","CUR_02"
"curated",5,2025,189,"gene5037","PEBP1","CUR_06"
"curated",5,2025,190,"gene4051","CYP4F3","CUR_06"
"curated",5,2025,191,"gene23166","STAB1","CUR_07"
"curated",5,2025,192,"gene3956","LGALS1","CUR_01"
"curated",5,2025,193,"gene27244","SESN1","CUR_10"
"curated",5,2025,194,"gene4066","LYL1","CUR_08"
"curated",5,2025,195,"gene6283","S100A12","CUR_07"
"curated",5,2025,196,"gene604","BCL6","CUR_12"
"curated",5,2025,197,"gene3553","IL1B","CUR_11"
"curated",5,2025,198,"gene9148","NEURL1","CUR_11"
"curated",5,2025,199,"gene1240","CMKLR1","CUR_03"
"curated",5,2025,200,"gene2180","ACSL1","CUR_03"
"curated",5,2025,201,"gene8972","MGAM","CUR_08"
"curated",5,2025,202,"gene1808","DPYSL2","CUR_02"
"curated",5,2025,203,"gene2353","FOS","CUR_03"
"curated",5,2025,204,"gene1521","CTSW","CUR_08"
"curated",5,2025,205,"gene5920","PLAAT4","CUR_09"
"curated",5,2025,206,"gene6319","SCD","CUR_10"
"curated",5,2025,207,"gene973","CD79A","CUR_01"
"curated",5,2025,208,"gene9256","TSPOAP1","CUR_15"
"curated",5,2025,209,"gene4609","MYC","CUR_10"
"curated",5,2025,210,"gene4145","MATK","CUR_08"
"curated",5,2025,211,"gene10346","TRIM22","CUR_08"
"curated",5,2025,212,"gene3117","HLA-DQA1","CUR_11"
"curated",5,2025,213,"gene3934","LCN2","CUR_04"
"curated",5,2025,214,"gene23608","MKRN1","CUR_07"
"curated",5,2025,215,"gene9435","CHST2","CUR_14"
"curated",5,2025,216,"gene1545","CYP1B1","CUR_01"
"curated",5,2025,217,"gene92745","SLC38A5","CUR_05"
"curated",5,2025,218,"gene2205","FCER1A","CUR_06"
"curated",5,2025,219,"gene6133","RPL9","CUR_04"
"curated",5,2025,220,"gene4035","LRP1","CUR_09"
"curated",5,2025,221,"gene56994","CHPT1","CUR_07"
"curated",5,2025,222,"gene338442","HCAR2","CUR_18"
"curated",5,2025,223,"gene1053","CEBPE","CUR_03"
"curated",5,2025,224,"gene5204","PFDN5","CUR_03"
"curated",5,2025,225,"gene93010","B3GNT7","CUR_03"
"curated",5,2025,226,"gene3759","KCNJ2","CUR_15"
"curated",5,2025,227,"gene9510","ADAMTS1","CUR_03"
"curated",5,2025,228,"gene3113","HLA-DPA1","CUR_02"
"curated",5,2025,229,"gene10905","MAN1A2","CUR_07"
"curated",5,2025,230,"gene3315","HSPB1","CUR_19"
"curated",5,2025,231,"gene6193","RPS5","CUR_03"
"curated",5,2025,232,"gene7001","PRDX2","CUR_01"
"curated",5,2025,233,"gene10602","CDC42EP3","CUR_09"
"curated",5,2025,234,"gene6285","S100B","CUR_19"
"curated",5,2025,235,"gene196","AHR","CUR_16"
"curated",5,2025,236,"gene1524","CX3CR1","CUR_02"
"curated",5,2025,237,"gene9588","PRDX6","CUR_01"
"curated",5,2025,238,"gene4311","MME","CUR_11"
"curated",5,2025,239,"gene55831","EMC3","CUR_14"
"curated",5,2025,240,"gene9935","MAFB","CUR_19"
"curated",5,2025,241,"gene2015","ADGRE1","CUR_14"
"curated",5,2025,242,"gene10435","CDC42EP2","CUR_01"
"curated",5,2025,243,"gene2030","SLC29A1","CUR_06"
"curated",5,2025,244,"gene4012","LNPEP","CUR_18"
"curated",5,2025,245,"gene3162","HMOX1","CUR_14"
"curated",5,2025,246,"gene51312","SLC25A37","CUR_05"
"curated",5,2025,247,"gene2091","FBL","CUR_17"
"curated",5,2025,248,"gene5196","PF4","CUR_08"
"curated",5,2025,249,"gene3820","KLRB1","CUR_11"
"curated",5,2025,250,"gene23129","PLXND1","CUR_09"
"curated",5,2025,251,"gene59283","CACNG8","CUR_17"
"curated",5,2025,252,"gene84034","EMILIN2","CUR_06"
"curated",5,2025,253,"gene6231","RPS26","CUR_17"
"curated",5,2025,254,"gene6235","RPS29","CUR_02"
"curated",5,2025,255,"gene90480","GADD45GIP1","CUR_04"
"curated",5,2025,256,"gene64407","RGS18","CUR_03"
"curated",5,2025,257,"gene5144","PDE4D","CUR_06"
"curated",5,2025,258,"gene84333","PCGF5","CUR_03"
"curated",5,2025,259,"gene203","AK1","CUR_13"
"curated",5,2025,260,"gene3560","IL2RB","CUR_02"
"curated",5,2025,261,"gene5866","RAB3IL1","CUR_14"
"curated",5,2025,262,"gene925","CD8A","CUR_11"
"curated",5,2025,263,"gene939","CD27","CUR_09"
"curated",5,2025,264,"gene1028","CDKN1C","CUR_06"
"curated",5,2025,265,"gene11224","RPL35","CUR_01"
"curated",5,2025,266,"gene7850","IL1R2","CUR_02"
"curated",5,2025,267,"gene54438","GFOD1","CUR_13"
"curated",5,2025,268,"gene7045","TGFBI","CUR_09"
"curated",5,2025,269,"gene83716","CRISPLD2","CUR_04"
"curated",5,2025,270,"gene5729","PTGDR","CUR_19"
"curated",5,2025,271,"gene2791","GNG11","CUR_02"
"curated",5,2025,272,"gene2812","GP1BB","CUR_12"
"curated",5,2025,273,"gene3067","HDC","CUR_07"
"curated",5,2025,274,"gene1595","CYP51A1","CUR_02"
"curated",5,2025,275,"gene54543","TOMM7","CUR_01"
"curated",5,2025,276,"gene116844","LRG1","CUR_05"
"curated",5,2025,277,"gene7264","GFUS","CUR_17"
"curated",5,2025,278,"gene83666","PARP9","CUR_06"
"curated",5,2025,279,"gene6222","RPS18","CUR_04"
"curated",5,2025,280,"gene9491","PSMF1","CUR_05"
"curated",5,2025,281,"gene596","BCL2","CUR_07"
"curated",5,2025,282,"gene6234","RPS28","CUR_05"
"curated",5,2025,283,"gene2288","FKBP4","CUR_01"
"curated",5,2025,284,"gene6590","SLPI","CUR_06"
"curated",5,2025,285,"gene896","CCND3","CUR_19"
"curated",5,2025,286,"gene3792","KEL","CUR_13"
"curated",5,2025,287,"gene259197","NCR3","CUR_13"
"curated",5,2025,288,"gene401258","RAB44","CUR_07"
"curated",5,2025,289,"gene6208","RPS14","CUR_07"
"curated",5,2025,290,"gene8685","MARCO","CUR_01"
"curated",5,2025,291,"gene131870","NUDT16","CUR_07"
"curated",5,2025,292,"gene8807","IL18RAP","CUR_16"
"curated",5,2025,293,"gene27343","POLL","CUR_04"
"curated",5,2025,294,"gene8671","SLC4A4","CUR_13"
"curated",5,2025,295,"gene100133941","CD24","CUR_10"
"curated",5,2025,296,"gene9997","SCO2","CUR_01"
"curated",5,2025,297,"gene6510","SLC1A5","CUR_01"
"curated",5,2025,298,"gene6708","SPTA1","CUR_03"
"curated",5,2025,299,"gene8911","CACNA1I","CUR_14"
"curated",5,2025,300,"gene57823","SLAMF7","CUR_06"
"curated",5,2025,301,"gene9976","CLEC2B","CUR_07"
"curated",5,2025,302,"gene6678","SPARC","CUR_15"
"curated",5,2025,303,"gene6223","RPS19","CUR_13"
"curated",5,2025,304,"gene1191","CLU","CUR_11"
"curated",5,2025,305,"gene23365","ARHGEF12","CUR_04"
"curated",5,2025,306,"gene6726","SRP9","CUR_06"
"curated",5,2025,307,"gene3122","HLA-DRA","CUR_01"
"curated",5,2025,308,"gene926","CD8B","CUR_16"
"curated",5,2025,309,"gene6633","SNRPD2","CUR_05"
"curated",5,2025,310,"gene81027","TUBB1","CUR_08"
"curated",5,2025,311,"gene6773","STAT2","CUR_16"
"curated",5,2025,312,"gene6281","S100A10","CUR_05"
"curated",5,2025,313,"gene5997","RGS2","CUR_02"
"curated",5,2025,314,"gene7226","TRPM2","CUR_08"
"curated",5,2025,315,"gene129685","TAF8","CUR_07"
"curated",5,2025,316,"gene8460","TPST1","CUR_18"
"curated",5,2025,317,"gene4082","MARCKS","CUR_10"
"curated",5,2025,318,"gene80097","MZT2B","CUR_15"
"curated",5,2025,319,"gene22934","RPIA","CUR_06"
"curated",5,2025,320,"gene4354","MPP1","CUR_05"
"curated",5,2025,321,"gene388","RHOB","CUR_18"
"curated",5,2025,322,"gene9246","UBE2L6","CUR_14"
"curated",5,2025,323,"gene7852","CXCR4","CUR_11"
"curated",5,2025,324,"gene80310","PDGFD","CUR_03"
"curated",5,2025,325,"gene10622","POLR3G","CUR_05"
"curated",5,2025,326,"gene10135","NAMPT","CUR_15"
"curated",5,2025,327,"gene4778","NFE2","CUR_13"
"curated",5,2025,328,"gene160364","CLEC12A","CUR_10"
"curated",5,2025,329,"gene1912","PHC2","CUR_02"
"curated",5,2025,330,"gene10663","CXCR6","CUR_11"
"curated",5,2025,331,"gene9437","NCR1","CUR_08"
"curated",5,2025,332,"gene84649","DGAT2","CUR_04"
"curated",5,2025,333,"gene2624","GATA2","CUR_09"
"curated",5,2025,334,"gene3326","HSP90AB1","CUR_02"
"curated",5,2025,335,"gene5079","PAX5","CUR_10"
"curated",5,2025,336,"gene5208","PFKFB2","CUR_12"
"curated",5,2025,337,"gene353189","SLCO4C1","CUR_01"
"curated",5,2025,338,"gene3945","LDHB","CUR_19"
"curated",5,2025,339,"gene84174","SLA2","CUR_01"
"curated",5,2025,340,"gene3821","KLRC1","CUR_04"
"curated",5,2025,341,"gene356","FASLG","CUR_02"
"curated",5,2025,342,"gene59352","LGR6","CUR_12"
"curated",5,2025,343,"gene6201","RPS7","CUR_06"
"curated",5,2025,344,"gene6164","RPL34","CUR_06"
"curated",5,2025,345,"gene3921","RPSA","CUR_03"
"curated",5,2025,346,"gene3576","CXCL8","CUR_02"
"curated",5,2025,347,"gene6227","RPS21","CUR_01"
"curated",5,2025,348,"gene7915","ALDH5A1","CUR_04"
"curated",5,2025,349,"gene684","BST2","CUR_02"
"curated",5,2025,350,"gene80781","COL18A1","CUR_06"
"curated",5,2025,351,"gene6934","TCF7L2","CUR_02"
"curated",5,2025,352,"gene338440","ANO9","CUR_16"
"curated",5,2025,353,"gene80216","ALPK1","CUR_12"
"curated",5,2025,354,"gene6515","SLC2A3","CUR_01"
"curated",5,2025,355,"gene1933","EEF1B2","CUR_19"
"curated",5,2025,356,"gene400916","CHCHD10","CUR_05"
"curated",5,2025,357,"gene79689","STEAP4","CUR_05"
"curated",5,2025,358,"gene726","CAPN5","CUR_03"
"curated",5,2025,359,"gene729359","PLIN4","CUR_06"
"curated",5,2025,360,"gene57610","RANBP10","CUR_02"
"curated",5,2025,361,"gene4064","CD180","CUR_01"
"curated",5,2025,362,"gene25873","RPL36","CUR_11"
"curated",5,2025,363,"gene1847","DUSP5","CUR_13"
"curated",5,2025,364,"gene8291","DYSF","CUR_10"
"curated",5,2025,365,"gene51523","CXXC5","CUR_09"
"curated",5,2025,366,"gene3070","HELLS","CUR_01"
"curated",5,2025,367,"gene6036","RNASE2","CUR_15"
"curated",5,2025,368,"gene11123","RCAN3","CUR_18"
"curated",5,2025,369,"gene10581","IFITM2","CUR_06"
"curated",5,2025,370,"gene50509","COL5A3","CUR_11"
"curated",5,2025,371,"gene9975","NR1D2","CUR_15"
"curated",5,2025,372,"gene5464","PPA1","CUR_13"
"curated",5,2025,373,"gene140803","TRPM6","CUR_04"
"curated",5,2025,374,"gene6846","XCL2","CUR_15"
"curated",5,2025,375,"gene4537","MT-ND3","CUR_08"
"curated",5,2025,376,"gene3490","IGFBP7","CUR_12"
"curated",5,2025,377,"gene84766","CRACR2A","CUR_09"
"curated",5,2025,378,"gene944","TNFSF8","CUR_05"
"curated",5,2025,379,"gene366","AQP9","CUR_13"
"curated",5,2025,380,"gene9934","P2RY14","CUR_13"
"curated",5,2025,381,"gene7846","TUBA1A","CUR_04"
"curated",5,2025,382,"gene6478","SIAH2","CUR_10"
"curated",5,2025,383,"gene6171","RPL41","CUR_14"
"curated",5,2025,384,"gene6152","RPL24","CUR_15"
"curated",5,2025,385,"gene360","AQP3","CUR_05"
"curated",5,2025,386,"gene2214","FCGR3A","CUR_05"
"curated",5,2025,387,"gene3004","GZMM","CUR_13"
"curated",5,2025,388,"gene5494","PPM1A","CUR_12"
"curated",5,2025,389,"gene1232","CCR3","CUR_10"
"curated",5,2025,390,"gene4953","ODC1","CUR_17"
"curated",5,2025,391,"gene3274","HRH2","CUR_08"
"curated",5,2025,392,"gene5577","PRKAR2B","CUR_15"
"curated",5,2025,393,"gene9254","CACNA2D2","CUR_08"
"curated",5,2025,394,"gene915","CD3D","CUR_03"
"curated",5,2025,395,"gene3123","HLA-DRB1","CUR_14"
"curated",5,2025,396,"gene154","ADRB2","CUR_17"
"curated",5,2025,397,"gene929","CD14","CUR_01"
"curated",5,2025,398,"gene3577","CXCR1","CUR_04"
"curated",5,2025,399,"gene1880","GPR183","CUR_01"
"curated",5,2025,400,"gene6204","RPS10","CUR_03"
"curated",5,2025,401,"gene6224","RPS20","CUR_13"
"curated",5,2025,402,"gene126231","ZNF573","CUR_04"
"curated",5,2025,403,"gene57514","ARHGAP31","CUR_13"
"curated",5,2025,404,"gene31","ACACA","CUR_07"
"curated",5,2025,405,"gene1870","E2F2","CUR_01"
"curated",5,2025,406,"gene10449","ACAA2","CUR_10"
"curated",5,2025,407,"gene114907","FBXO32","CUR_03"
"curated",5,2025,408,"gene6139","RPL17","CUR_04"
"curated",5,2025,409,"gene79887","PLBD1","CUR_01"
"curated",5,2025,410,"gene2793","GNGT2","CUR_11"
"curated",5,2025,411,"gene2059","EPS8","CUR_12"
"curated",5,2025,412,"gene8334","H2AC6","CUR_05"
"curated",5,2025,413,"gene3613","IMPA2","CUR_17"
"curated",5,2025,414,"gene170622","COMMD6","CUR_12"
"curated",5,2025,415,"gene2550","GABBR1","CUR_09"
"curated",5,2025,416,"gene3572","IL6ST","CUR_03"
"curated",5,2025,417,"gene2950","GSTP1","CUR_01"
"curated",5,2025,418,"gene2081","ERN1","CUR_13"
"curated",5,2025,419,"gene4792","NFKBIA","CUR_14"
"curated",5,2025,420,"gene9398","CD101","CUR_02"
"curated",5,2025,421,"gene3028","HSD17B10","CUR_09"
"curated",5,2025,422,"gene6241","RRM2","CUR_06"
"curated",5,2025,423,"gene23401","FRAT2","CUR_10"
"curated",5,2025,424,"gene8794","TNFRSF10C","CUR_06"
"curated",5,2025,425,"gene22800","RRAS2","CUR_06"
"curated",5,2025,426,"gene3398","ID2","CUR_11"
"curated",5,2025,427,"gene4068","SH2D1A","CUR_05"
"curated",5,2025,428,"gene6286","S100P","CUR_13"
"curated",5,2025,429,"gene157285","PRAG1","CUR_08"
"curated",5,2025,430,"gene3340","NDST1","CUR_16"
"curated",5,2025,431,"gene85441","HELZ2","CUR_07"
"curated",5,2025,432,"gene6144","RPL21","CUR_01"
"curated",5,2025,433,"gene8638","OASL","CUR_05"
"curated",5,2025,434,"gene54407","SLC38A2","CUR_18"
"curated",5,2025,435,"gene81794","ADAMTS10","CUR_18"
"curated",5,2025,436,"gene6272","SORT1","CUR_03"
"curated",5,2025,437,"gene445582","POTEE","CUR_11"
"curated",5,2025,438,"gene1345","COX6C","CUR_03"
"curated",5,2025,439,"gene6146","RPL22","CUR_03"
"curated",5,2025,440,"gene514","ATP5F1E","CUR_08"
"curated",5,2025,441,"gene6155","RPL27","CUR_06"
"curated",5,2025,442,"gene6160","RPL31","CUR_05"
"curated",5,2025,443,"gene162966","ZNF600","CUR_15"
"curated",5,2025,444,"gene3728","JUP","CUR_06"
"curated",5,2025,445,"gene26289","AK5","CUR_01"
"curated",5,2025,446,"gene2768","GNA12","CUR_06"
"curated",5,2025,447,"gene26268","FBXO9","CUR_09"
"curated",5,2025,448,"gene6647","SOD1","CUR_10"
"curated",5,2025,449,"gene7320","UBE2B","CUR_03"
"curated",5,2025,450,"gene3430","IFI35","CUR_11"
"curated",5,2025,451,"gene389","RHOC","CUR_10"
"curated",5,2025,452,"gene4261","CIITA","CUR_01"
"curated",5,2025,453,"gene65018","PINK1","CUR_11"
"curated",5,2025,454,"gene146850","PIK3R6","CUR_03"
"curated",5,2025,455,"gene301","ANXA1","CUR_04"
"curated",5,2025,456,"gene63893","UBE2O","CUR_06"
"curated",5,2025,457,"gene6886","TAL1","CUR_12"
"curated",5,2025,458,"gene54498","SMOX","CUR_12"
"curated",5,2025,459,"gene57630","SH3RF1","CUR_07"
"curated",5,2025,460,"gene1471","CST3","CUR_05"
"curated",5,2025,461,"gene56005","MYDGF","CUR_11"
"curated",5,2025,462,"gene8536","CAMK1","CUR_06"
"curated",5,2025,463,"gene10219","KLRG1","CUR_04"
"curated",5,2025,464,"gene5052","PRDX1","CUR_01"
"curated",5,2025,465,"gene838","CASP5","CUR_14"
"curated",5,2025,466,"gene682","BSG","CUR_07"
"curated",5,2025,467,"gene3164","NR4A1","CUR_05"
"curated",5,2025,468,"gene1475","CSTA","CUR_05"
"curated",5,2025,469,"gene5610","EIF2AK2","CUR_06"
"curated",5,2025,470,"gene6352","CCL5","CUR_07"
"curated",5,2025,471,"gene2634","GBP2","CUR_02"
"curated",5,2025,472,"gene5721","PSME2","CUR_13"
"curated",5,2025,473,"gene127933","UHMK1","CUR_02"
"curated",5,2025,474,"gene6168","RPL37A","CUR_06"
"curated",5,2025,475,"gene3115","HLA-DPB1","CUR_14"
"curated",5,2025,476,"gene8718","TNFRSF25","CUR_03"
"curated",5,2025,477,"gene80727","TTYH3","CUR_08"
"curated",5,2025,478,"gene221472","FGD2","CUR_12"
"curated",5,2025,479,"gene1350","COX7C","CUR_02"
"curated",5,2025,480,"gene6641","SNTB1","CUR_08"
"curated",5,2025,481,"gene4900","NRGN","CUR_18"
"curated",5,2025,482,"gene5141","PDE4A","CUR_17"
"curated",5,2025,483,"gene5027","P2RX7","CUR_05"
"curated",5,2025,484,"gene219333","USP12","CUR_17"
"curated",5,2025,485,"gene302","ANXA2","CUR_01"
"curated",5,2025,486,"gene4353","MPO","CUR_02"
"curated",5,2025,487,"gene8724","SNX3","CUR_14"
"curated",5,2025,488,"gene25801","GCA","CUR_15"
"curated",5,2025,489,"gene968","CD68","CUR_02"
"curated",5,2025,490,"gene122416","ANKRD9","CUR_05"
"curated",5,2025,491,"gene2153","F5","CUR_02"
"curated",5,2025,492,"gene9531","BAG3","CUR_04"
"curated",5,2025,493,"gene23191","CYFIP1","CUR_07"
"curated",5,2025,494,"gene8787","RGS9","CUR_08"
"curated",5,2025,495,"gene6280","S100A9","CUR_17"
"curated",5,2025,496,"gene54790","TET2","CUR_10"
"curated",5,2025,497,"gene1116","CHI3L1","CUR_02"
"curated",5,2025,498,"gene6194","RPS6","CUR_07"
"curated",5,2025,499,"gene6154","RPL26","CUR_03"
"curated",5,2025,500,"gene22914","KLRK1","CUR_12"
"curated",5,2025,501,"gene1593","CYP27A1","CUR_02"
"curated",5,2025,502,"gene91319","DERL3","CUR_18"
"curated",5,2025,503,"gene3646","EIF3E","CUR_16"
"curated",5,2025,504,"gene6206","RPS12","CUR_14"
"curated",5,2025,505,"gene321","APBA2","CUR_06"
"curated",5,2025,506,"gene7273","TTN","CUR_10"
"curated",5,2025,507,"gene8875","VNN2","CUR_04"
"curated",5,2025,508,"gene28996","HIPK2","CUR_08"
"curated",5,2025,509,"gene1512","CTSH","CUR_12"
"curated",5,2025,510,"gene25824","PRDX5","CUR_19"
"curated",5,2025,511,"gene10963","STIP1","CUR_05"
"curated",5,2025,512,"gene217","ALDH2","CUR_07"
"curated",5,2025,513,"gene114879","OSBPL5","CUR_03"
"curated",5,2025,514,"gene25956","SEC31B","CUR_09"
"curated",5,2025,515,"gene3566","IL4R","CUR_07"
"curated",5,2025,516,"gene4833","NME4","CUR_13"
"curated",5,2025,517,"gene133522","PPARGC1B","CUR_01"
"curated",5,2025,518,"gene5140","PDE3B","CUR_10"
"curated",5,2025,519,"gene55432","YOD1","CUR_04"
"curated",5,2025,520,"gene1675","CFD","CUR_02"
"curated",5,2025,521,"gene23475","QPRT","CUR_11"
"curated",5,2025,522,"gene330","BIRC3","CUR_14"
"curated",5,2025,523,"gene3925","STMN1","CUR_14"
"curated",5,2025,524,"gene3693","ITGB5","CUR_13"
"curated",5,2025,525,"gene6175","RPLP0","CUR_09"
"curated",5,2025,526,"gene6161","RPL32","CUR_07"
"curated",5,2025,527,"gene7311","UBA52","CUR_13"
"curated",5,2025,528,"gene4831","NME2","CUR_09"
"curated",5,2025,529,"gene6141","RPL18","CUR_03"
"curated",5,2025,530,"gene6713","SQLE","CUR_10"
"curated",5,2025,531,"gene8905","AP1S2","CUR_16"
"curated",5,2025,532,"gene4303","FOXO4","CUR_04"
"curated",5,2025,533,"gene8669","EIF3J","CUR_11"
"curated",5,2025,534,"gene146330","FBXL16","CUR_09"
"curated",5,2025,535,"gene6165","RPL35A","CUR_03"
"curated",5,2025,536,"gene4502","MT2A","CUR_01"
"curated",5,2025,537,"gene22885","ABLIM3","CUR_01"
"curated",5,2025,538,"gene513","ATP5F1D","CUR_19"
"curated",5,2025,539,"gene51734","MSRB1","CUR_10"
"curated",5,2025,540,"gene10871","CD300C","CUR_09"
"curated",5,2025,541,"gene6228","RPS23","CUR_01"
"curated",5,2025,542,"gene143686","SESN3","CUR_08"
"curated",5,2025,543,"gene51024","FIS1","CUR_16"
"curated",5,2025,544,"gene6191","RPS4X","CUR_12"
"curated",5,2025,545,"gene2781","GNAZ","CUR_01"
"curated",5,2025,546,"gene6001","RGS10","CUR_03"
"curated",5,2025,547,"gene84874","ZNF514","CUR_02"
"curated",5,2025,548,"gene84131","CEP78","CUR_16"
"curated",5,2025,549,"gene4605","MYBL2","CUR_12"
"curated",5,2025,550,"gene3822","KLRC2","CUR_08"
"curated",5,2025,551,"gene8140","SLC7A5","CUR_02"
"curated",5,2025,552,"gene2048","EPHB2","CUR_12"
"curated",5,2025,553,"gene3394","IRF8","CUR_02"
"curated",5,2025,554,"gene80139","ZNF703","CUR_03"
"curated",5,2025,555,"gene5727","PTCH1","CUR_01"
"curated",5,2025,556,"gene6721","SREBF2","CUR_16"
"curated",5,2025,557,"gene6648","SOD2","CUR_11"
"curated",5,2025,558,"gene5836","PYGL","CUR_05"
"curated",5,2025,559,"gene2947","GSTM3","CUR_04"
"curated",5,2025,560,"gene4345","CD200","CUR_01"
"curated",5,2025,561,"gene151742","PPM1L","CUR_01"
"curated",5,2025,562,"gene340205","TREML1","CUR_01"
"curated",5,2025,563,"gene708","C1QBP","CUR_06"
"curated",5,2025,564,"gene7169","TPM2","CUR_14"
"curated",5,2025,565,"gene6202","RPS8","CUR_02"
"curated",5,2025,566,"gene3480","IGF1R","CUR_07"
"curated",5,2025,567,"gene66002","CYP4F12","CUR_10"
"curated",5,2025,568,"gene388931","MFSD2B","CUR_13"
"curated",5,2025,569,"gene133","ADM","CUR_18"
"curated",5,2025,570,"gene6147","RPL23A","CUR_08"
"curated",5,2025,571,"gene3579","CXCR2","CUR_02"
"curated",5,2025,572,"gene6142","RPL18A","CUR_11"
"curated",5,2025,573,"gene4282","MIF","CUR_06"
"curated",5,2025,574,"gene3336","HSPE1","CUR_15"
"curated",5,2025,575,"gene4773","NFATC2","CUR_04"
"curated",5,2025,576,"gene2787","GNG5","CUR_01"
"curated",5,2025,577,"gene10437","IFI30","CUR_09"
"curated",5,2025,578,"gene161882","ZFPM1","CUR_01"
"curated",5,2025,579,"gene2357","FPR1","CUR_01"
"curated",5,2025,580,"gene6635","SNRPE","CUR_09"
"curated",5,2025,581,"gene56975","FAM20C","CUR_10"
"curated",5,2025,582,"gene2162","F13A1","CUR_03"
"curated",5,2025,583,"gene9231","DLG5","CUR_05"
"curated",5,2025,584,"gene10859","LILRB1","CUR_09"
"curated",5,2025,585,"gene933","CD22","CUR_06"
"curated",5,2025,586,"gene942","CD86","CUR_17"
"curated",5,2025,587,"gene9145","SYNGR1","CUR_17"
"curated",5,2025,588,"gene2058","EPRS1","CUR_04"
"curated",5,2025,589,"gene6556","SLC11A1","CUR_04"
"curated",5,2025,590,"gene6217","RPS16","CUR_01"
"curated",5,2025,591,"gene80012","PHC3","CUR_01"
"curated",5,2025,592,"gene2776","GNAQ","CUR_06"
"curated",5,2025,593,"gene6169","RPL38","CUR_07"
"curated",5,2025,594,"gene117155","CATSPER2","CUR_11"
"curated",5,2025,595,"gene25946","ZNF385A","CUR_10"
"curated",5,2025,596,"gene134429","STARD4","CUR_05"
"curated",5,2025,597,"gene3556","IL1RAP","CUR_01"
"curated",5,2025,598,"gene7128","TNFAIP3","CUR_06"
"curated",5,2025,599,"gene6159","RPL29","CUR_16"
"curated",5,2025,600,"gene9194","SLC16A7","CUR_06"
"curated",5,2025,601,"gene275","AMT","CUR_11"
"curated",5,2025,602,"gene5567","PRKACB","CUR_15"
"curated",5,2025,603,"gene83988","NCALD","CUR_03"
"curated",5,2025,604,"gene9580","SOX13","CUR_08"
"curated",5,2025,605,"gene4708","NDUFB2","CUR_03"
"curated",5,2025,606,"gene3575","IL7R","CUR_06"
"curated",5,2025,607,"gene4830","NME1","CUR_04"
"curated",5,2025,608,"gene27287","VENTX","CUR_17"
"curated",5,2025,609,"gene55423","SIRPG","CUR_03"
"curated",5,2025,610,"gene4646","MYO6","CUR_07"
"curated",5,2025,611,"gene58477","SRPRB","CUR_07"
"curated",5,2025,612,"gene6188","RPS3","CUR_08"
"curated",5,2025,613,"gene54583","EGLN1","CUR_06"
"curated",5,2025,614,"gene1163","CKS1B","CUR_02"
"curated",5,2025,615,"gene5732","PTGER2","CUR_05"
"curated",5,2025,616,"gene306","ANXA3","CUR_19"
"curated",5,2025,617,"gene1043","CD52","CUR_05"
"curated",5,2025,618,"gene7203","CCT3","CUR_05"
"curated",5,2025,619,"gene2206","MS4A2","CUR_15"
"curated",5,2025,620,"gene6173","RPL36A","CUR_04"
"curated",5,2025,621,"gene79071","ELOVL6","CUR_05"
"curated",5,2025,622,"gene6039","RNASE6","CUR_07"
"curated",5,2025,623,"gene123","PLIN2","CUR_13"
"curated",5,2025,624,"gene8541","PPFIA3","CUR_07"
"curated",5,2025,625,"gene1890","TYMP","CUR_04"
"curated",5,2025,626,"gene3386","ICAM4","CUR_07"
"curated",5,2025,627,"gene3595","IL12RB2","CUR_08"
"curated",5,2025,628,"gene9045","RPL14","CUR_17"
"curated",5,2025,629,"gene55466","DNAJA4","CUR_07"
"curated",5,2025,630,"gene5966","REL","CUR_01"
"curated",5,2025,631,"gene54210","TREM1","CUR_11"
"curated",5,2025,632,"gene4638","MYLK","CUR_10"
"curated",5,2025,633,"gene3717","JAK2","CUR_07"
"curated",5,2025,634,"gene2309","FOXO3","CUR_17"
"curated",5,2025,635,"gene140807","KRT72","CUR_08"
"curated",5,2025,636,"gene8320","EOMES","CUR_09"
"curated",5,2025,637,"gene6207","RPS13","CUR_10"
"curated",5,2025,638,"gene2201","FBN2","CUR_02"
"curated",5,2025,639,"gene3486","IGFBP3","CUR_12"
"curated",5,2025,640,"gene79834","PEAK1","CUR_04"
"curated",5,2025,641,"gene57698","SHTN1","CUR_02"
"curated",5,2025,642,"gene463","ZFHX3","CUR_02"
"curated",5,2025,643,"gene6375","XCL1","CUR_07"
"curated",5,2025,644,"gene57654","UVSSA","CUR_03"
"curated",5,2025,645,"gene539","ATP5PO","CUR_12"
"curated",5,2025,646,"gene597","BCL2A1","CUR_10"
"curated",5,2025,647,"gene719","C3AR1","CUR_04"
"curated",5,2025,648,"gene83999","KREMEN1","CUR_02"
"curated",5,2025,649,"gene56172","ANKH","CUR_04"
"curated",5,2025,650,"gene710","SERPING1","CUR_12"
"curated",5,2025,651,"gene10462","CLEC10A","CUR_06"
"curated",5,2025,652,"gene6209","RPS15","CUR_08"
"curated",5,2025,653,"gene527","ATP6V0C","CUR_10"
"curated",5,2025,654,"gene81030","ZBP1","CUR_16"
"curated",5,2025,655,"gene6095","RORA","CUR_11"
"curated",5,2025,656,"gene1051","CEBPB","CUR_04"
"curated",5,2025,657,"gene6233","RPS27A","CUR_01"
"curated",5,2025,658,"gene5901","RAN","CUR_01"
"curated",5,2025,659,"gene9170","LPAR2","CUR_18"
"curated",5,2025,660,"gene2317","FLNB","CUR_02"
"curated",5,2025,661,"gene2203","FBP1","CUR_12"
"curated",5,2025,662,"gene2017","CTTN","CUR_03"
"curated",5,2025,663,"gene6218","RPS17","CUR_19"
"curated",5,2025,664,"gene192286","HIGD2A","CUR_13"
"curated",5,2025,665,"gene259173","ALS2CL","CUR_04"
"curated",5,2025,666,"gene10549","PRDX4","CUR_02"
"curated",5,2025,667,"gene23547","LILRA4","CUR_08"
"curated",5,2025,668,"gene353","APRT","CUR_09"
"curated",5,2025,669,"gene51389","RWDD1","CUR_16"
"curated",5,2025,670,"gene100996939","PYURF","CUR_06"
"curated",5,2025,671,"gene84992","PIGY","CUR_02"
"curated",5,2025,672,"gene59285","CACNG6","CUR_02"
"curated",5,2025,673,"gene940","CD28","CUR_07"
"curated",5,2025,674,"gene760","CA2","CUR_02"
"curated",5,2025,675,"gene2760","GM2A","CUR_06"
"curated",5,2025,676,"gene8349","H2BC21","CUR_01"
"curated",5,2025,677,"gene978","CDA","CUR_10"
"curated",5,2025,678,"gene2790","GNG10","CUR_01"
"curated",5,2025,679,"gene54843","SYTL2","CUR_09"
"curated",5,2025,680,"gene10870","HCST","CUR_05"
"curated",5,2025,681,"gene671","BPI","CUR_16"
"curated",5,2025,682,"gene27102","EIF2AK1","CUR_11"
"curated",5,2025,683,"gene3772","KCNJ15","CUR_13"
"curated",5,2025,684,"gene1436","CSF1R","CUR_13"
"curated",5,2025,685,"gene728294","D2HGDH","CUR_04"
"curated",5,2025,686,"gene6167","RPL37","CUR_10"
"curated",5,2025,687,"gene6134","RPL10","CUR_15"
"curated",5,2025,688,"gene8714","ABCC3","CUR_05"
"curated",5,2025,689,"gene6125","RPL5","CUR_13"
"curated",5,2025,690,"gene56953","NT5M","CUR_04"
"curated",5,2025,691,"gene8482","SEMA7A","CUR_05"
"curated",5,2025,692,"gene64759","TNS3","CUR_18"
"curated",5,2025,693,"gene90990","KIFC2","CUR_17"
"curated",5,2025,694,"gene2194","FASN","CUR_06"
"curated",5,2025,695,"gene4736","RPL10A","CUR_17"
"curated",5,2025,696,"gene974","CD79B","CUR_02"
"curated",5,2025,697,"gene4869","NPM1","CUR_08"
"curated",5,2025,698,"gene5016","OVGP1","CUR_09"
"curated",5,2025,699,"gene3590","IL11RA","CUR_01"
"curated",5,2025,700,"gene23645","PPP1R15A","CUR_08"
"curated",5,2025,701,"gene23677","SH3BP4","CUR_04"
"curated",5,2025,702,"gene155066","ATP6V0E2","CUR_06"
"curated",5,2025,703,"gene8993","PGLYRP1","CUR_05"
"curated",5,2025,704,"gene4069","LYZ","CUR_02"
"curated",5,2025,705,"gene1848","DUSP6","CUR_02"
"curated",5,2025,706,"gene1717","DHCR7","CUR_09"
"curated",5,2025,707,"gene55967","NDUFA12","CUR_04"
"curated",5,2025,708,"gene30817","ADGRE2","CUR_15"
"curated",5,2025,709,"gene643","CXCR5","CUR_18"
"curated",5,2025,710,"gene10857","PGRMC1","CUR_10"
"curated",5,2025,711,"gene1312","COMT","CUR_06"
"curated",5,2025,712,"gene51386","EIF3L","CUR_04"
"curated",5,2025,713,"gene1536","CYBB","CUR_02"
"curated",5,2025,714,"gene8740","TNFSF14","CUR_10"
"curated",5,2025,715,"gene27339","PRPF19","CUR_04"
"curated",5,2025,716,"gene84443","FRMPD3","CUR_07"
"curated",5,2025,717,"gene5621","PRNP","CUR_10"
"curated",5,2025,718,"gene3903","LAIR1","CUR_06"
"curated",5,2025,719,"gene3312","HSPA8","CUR_01"
"curated",5,2025,720,"gene1803","DPP4","CUR_05"
"curated",5,2025,721,"gene23586","RIGI","CUR_17"
"curated",5,2025,722,"gene23327","NEDD4L","CUR_15"
"curated",5,2025,723,"gene3091","HIF1A","CUR_13"
"curated",5,2025,724,"gene57571","CARNS1","CUR_14"
"curated",5,2025,725,"gene89790","SIGLEC10","CUR_03"
"curated",5,2025,726,"gene8111","GPR68","CUR_02"
"curated",5,2025,727,"gene4660","PPP1R12B","CUR_01"
"curated",5,2025,728,"gene64425","POLR1E","CUR_05"
"curated",5,2025,729,"gene10728","PTGES3","CUR_15"
"curated",5,2025,730,"gene140809","SRXN1","CUR_17"
"curated",5,2025,731,"gene23250","ATP11A","CUR_06"
"curated",5,2025,732,"gene8821","INPP4B","CUR_02"
"curated",5,2025,733,"gene57162","PELI1","CUR_03"
"curated",5,2025,734,"gene6137","RPL13","CUR_01"
"curated",5,2025,735,"gene4000","LMNA","CUR_13"
"curated",5,2025,736,"gene5209","PFKFB3","CUR_02"
"curated",5,2025,737,"gene56993","TOMM22","CUR_11"
"curated",5,2025,738,"gene7090","TLE3","CUR_19"
"curated",5,2025,739,"gene7494","XBP1","CUR_04"
"curated",5,2025,740,"gene718","C3","CUR_17"
"curated",5,2025,741,"gene64167","ERAP2","CUR_07"
"curated",5,2025,742,"gene2149","F2R","CUR_06"
"curated",5,2025,743,"gene81857","MED25","CUR_04"
"curated",5,2025,744,"gene1891","ECH1","CUR_09"
"curated",5,2025,745,"gene8673","VAMP8","CUR_14"
"curated",5,2025,746,"gene6720","SREBF1","CUR_05"
"curated",5,2025,747,"gene8607","RUVBL1","CUR_03"
"curated",5,2025,748,"gene8682","PEA15","CUR_01"
"curated",5,2025,749,"gene10055","SAE1","CUR_01"
"curated",5,2025,750,"gene85439","STON2","CUR_03"
"curated",5,2025,751,"gene10913","EDAR","CUR_01"
"curated",5,2025,752,"gene6843","VAMP1","CUR_03"
"curated",5,2025,753,"gene3557","IL1RN","CUR_05"
"curated",5,2025,754,"gene5603","MAPK13","CUR_11"
"curated",5,2025,755,"gene28984","RGCC","CUR_01"
"curated",5,2025,756,"gene319101","KRT73","CUR_04"
"curated",5,2025,757,"gene1296","COL8A2","CUR_01"
"curated",5,2025,758,"gene27242","TNFRSF21","CUR_10"
"curated",5,2025,759,"gene10051","SMC4","CUR_05"
"curated",5,2025,760,"gene8780","RIOK3","CUR_05"
"curated",5,2025,761,"gene55558","PLXNA3","CUR_17"
"curated",5,2025,762,"gene6138","RPL15","CUR_12"
"curated",5,2025,763,"gene55704","CCDC88A","CUR_01"
"curated",5,2025,764,"gene6513","SLC2A1","CUR_11"
"curated",5,2025,765,"gene1622","DBI","CUR_04"
"curated",5,2025,766,"gene4171","MCM2","CUR_04"
"curated",5,2025,767,"gene64981","MRPL34","CUR_14"
"curated",5,2025,768,"gene23136","EPB41L3","CUR_17"
"curated",5,2025,769,"gene9450","LY86","CUR_02"
"curated",5,2025,770,"gene6176","RPLP1","CUR_01"
"curated",5,2025,771,"gene23305","ACSL6","CUR_06"
"curated",5,2025,772,"gene64386","MMP25","CUR_18"
"curated",5,2025,773,"gene6230","RPS25","CUR_12"
"curated",5,2025,774,"gene10276","NET1","CUR_08"
"curated",5,2025,775,"gene80739","MPIG6B","CUR_01"
"curated",5,2025,776,"gene10875","FGL2","CUR_16"
"curated",5,2025,777,"gene56261","GPCPD1","CUR_08"
"curated",5,2025,778,"gene24138","IFIT5","CUR_06"
"curated",5,2025,779,"gene2053","EPHX2","CUR_02"
"curated",5,2025,780,"gene80005","DOCK5","CUR_17"
"curated",5,2025,781,"gene79888","LPCAT1","CUR_08"
"curated",5,2025,782,"gene29107","NXT1","CUR_10"
"curated",5,2025,783,"gene4193","MDM2","CUR_02"
"curated",5,2025,784,"gene2358","FPR2","CUR_01"
"curated",5,2025,785,"gene10161","LPAR6","CUR_08"
"curated",5,2025,786,"gene9759","HDAC4","CUR_05"
"curated",5,2025,787,"gene10654","PMVK","CUR_14"
"curated",5,2025,788,"gene84254","CAMKK1","CUR_04"
"curated",5,2025,789,"gene1378","CR1","CUR_13"
"curated",5,2025,790,"gene10575","CCT4","CUR_05"
"curated",5,2025,791,"gene53834","FGFRL1","CUR_14"
"curated",5,2025,792,"gene3459","IFNGR1","CUR_04"
"curated",5,2025,793,"gene22918","CD93","CUR_05"
"curated",5,2025,794,"gene2281","FKBP1B","CUR_13"
"curated",5,2025,795,"gene84628","NTNG2","CUR_08"
"curated",5,2025,796,"gene94015","TTYH2","CUR_01"
"curated",5,2025,797,"gene6923","ELOB","CUR_04"
"curated",5,2025,798,"gene253260","RICTOR","CUR_03"
"curated",5,2025,799,"gene7476","WNT7A","CUR_05"
"curated",5,2025,800,"gene10516","FBLN5","CUR_02"
"curated",5,2025,801,"gene917","CD3G","CUR_04"
"curated",5,2025,802,"gene3014","H2AX","CUR_07"
"curated",5,2025,803,"gene2197","FAU","CUR_04"
"curated",5,2025,804,"gene5087","PBX1","CUR_02"
"curated",5,2025,805,"gene5245","PHB1","CUR_17"
"curated",5,2025,806,"gene10783","NEK6","CUR_01"
"curated",5,2025,807,"gene55827","DCAF6","CUR_18"
"curated",5,2025,808,"gene1032","CDKN2D","CUR_01"
"curated",5,2025,809,"gene864","RUNX3","CUR_02"
"curated",5,2025,810,"gene51176","LEF1","CUR_07"
"curated",5,2025,811,"gene1230","CCR1","CUR_13"
"curated",5,2025,812,"gene8542","APOL1","CUR_01"
"curated",5,2025,813,"gene5296","PIK3R2","CUR_05"
"curated",5,2025,814,"gene7381","UQCRB","CUR_03"
"curated",5,2025,815,"gene4689","NCF4","CUR_15"
"curated",5,2025,816,"gene6157","RPL27A","CUR_15"
"curated",5,2025,817,"gene2199","FBLN2","CUR_03"
"curated",5,2025,818,"gene7706","TRIM25","CUR_12"
"curated",5,2025,819,"gene9241","NOG","CUR_15"
"curated",5,2025,820,"gene123041","SLC24A4","CUR_06"
"curated",5,2025,821,"gene9314","KLF4","CUR_03"
"curated",5,2025,822,"gene8815","BANF1","CUR_09"
"curated",5,2025,823,"gene26232","FBXO2","CUR_05"
"curated",5,2025,824,"gene1019","CDK4","CUR_18"
"curated",5,2025,825,"gene23433","RHOQ","CUR_16"
"curated",5,2025,826,"gene64135","IFIH1","CUR_17"
"curated",5,2025,827,"gene3094","HINT1","CUR_16"
"curated",5,2025,828,"gene91584","PLXNA4","CUR_08"
"curated",5,2025,829,"gene55112","DYNC2I1","CUR_05"
"curated",5,2025,830,"gene8741","TNFSF13","CUR_03"
"curated",5,2025,831,"gene7036","TFR2","CUR_17"
"curated",5,2025,832,"gene51380","CSAD","CUR_03"
"curated",5,2025,833,"gene2219","FCN1","CUR_17"
"curated",5,2025,834,"gene5728","PTEN","CUR_04"
"curated",5,2025,835,"gene4703","NEB","CUR_05"
"curated",5,2025,836,"gene4092","SMAD7","CUR_10"
"curated",5,2025,837,"gene1175","AP2S1","CUR_03"
"curated",5,2025,838,"gene22836","RHOBTB3","CUR_14"
"curated",5,2025,839,"gene23463","ICMT","CUR_05"
"curated",5,2025,840,"gene59340","HRH4","CUR_01"
"curated",5,2025,841,"gene3068","HDGF","CUR_03"
"curated",5,2025,842,"gene6229","RPS24","CUR_03"
"curated",5,2025,843,"gene55615","PRR5","CUR_05"
"curated",5,2025,844,"gene4332","MNDA","CUR_03"
"curated",5,2025,845,"gene5775","PTPN4","CUR_12"
"curated",5,2025,846,"gene3959","LGALS3BP","CUR_03"
"curated",5,2025,847,"gene9334","B4GALT5","CUR_01"
"curated",5,2025,848,"gene57674","RNF213","CUR_18"
"curated",5,2025,849,"gene653361","NCF1","CUR_02"
"curated",5,2025,850,"gene2739","GLO1","CUR_13"
"curated",5,2025,851,"gene26140","TTLL3","CUR_02"
"curated",5,2025,852,"gene27018","BEX3","CUR_09"
"curated",5,2025,853,"gene912","CD1D","CUR_09"
"curated",5,2025,854,"gene54549","SDK2","CUR_03"
"curated",5,2025,855,"gene2625","GATA3","CUR_08"
"curated",5,2025,856,"gene4809","SNU13","CUR_11"
"curated",5,2025,857,"gene2215","FCGR3B","CUR_06"
"curated",5,2025,858,"gene114822","RHPN1","CUR_06"
"curated",5,2025,859,"gene962","CD48","CUR_03"
"curated",5,2025,860,"gene8357","H3C10","CUR_05"
"curated",5,2025,861,"gene221937","FOXK1","CUR_14"
"curated",5,2025,862,"gene23423","TMED3","CUR_04"
"curated",5,2025,863,"gene221037","JMJD1C","CUR_08"
"curated",5,2025,864,"gene51650","MRPS33","CUR_02"
"curated",5,2025,865,"gene868","CBLB","CUR_07"
"curated",5,2025,866,"gene6732","SRPK1","CUR_10"
"curated",5,2025,867,"gene4715","NDUFB9","CUR_19"
"curated",5,2025,868,"gene6307","MSMO1","CUR_07"
"curated",5,2025,869,"gene8519","IFITM1","CUR_15"
"curated",5,2025,870,"gene6158","RPL28","CUR_06"
"curated",5,2025,871,"gene161742","SPRED1","CUR_14"
"curated",5,2025,872,"gene1154","CISH","CUR_01"
"curated",5,2025,873,"gene8665","EIF3F","CUR_03"
"curated",5,2025,874,"gene5197","PF4V1","CUR_04"
"curated",5,2025,875,"gene4904","YBX1","CUR_01"
"curated",5,2025,876,"gene80854","SETD7","CUR_01"
"curated",5,2025,877,"gene7514","XPO1","CUR_13"
"curated",5,2025,878,"gene706","TSPO","CUR_02"
"curated",5,2025,879,"gene84159","ARID5B","CUR_10"
"curated",5,2025,880,"gene5886","RAD23A","CUR_02"
"curated",5,2025,881,"gene9651","PLCH2","CUR_09"
"curated",5,2025,882,"gene80115","BAIAP2L2","CUR_08"
"curated",5,2025,883,"gene7153","TOP2A","CUR_11"
"curated",5,2025,884,"gene1628","DBP","CUR_10"
"curated",5,2025,885,"gene3320","HSP90AA1","CUR_12"
"curated",5,2025,886,"gene5800","PTPRO","CUR_03"
"curated",5,2025,887,"gene55240","STEAP3","CUR_14"
"curated",5,2025,888,"gene6150","MRPL23","CUR_15"
"curated",5,2025,889,"gene8668","EIF3I","CUR_03"
"curated",5,2025,890,"gene151636","DTX3L","CUR_01"
"curated",5,2025,891,"gene290","ANPEP","CUR_13"
"curated",5,2025,892,"gene7089","TLE2","CUR_03"
"curated",5,2025,893,"gene54331","GNG2","CUR_11"
"curated",5,2025,894,"gene54464","XRN1","CUR_16"
"curated",5,2025,895,"gene728","C5AR1","CUR_12"
"curated",5,2025,896,"gene4050","LTB","CUR_14"
"curated",5,2025,897,"gene80201","HKDC1","CUR_01"
"curated",5,2025,898,"gene11343","MGLL","CUR_10"
"curated",5,2025,899,"gene22898","DENND3","CUR_13"
"curated",5,2025,900,"gene64061","TSPYL2","CUR_16"
"curated",5,2025,901,"gene1937","EEF1G","CUR_09"
"curated",5,2025,902,"gene1269","CNR2","CUR_19"
"curated",5,2025,903,"gene27335","EIF3K","CUR_19"
"curated",5,2025,904,"gene10154","PLXNC1","CUR_09"
"curated",5,2025,905,"gene1241","LTB4R","CUR_15"
"curated",5,2025,906,"gene60489","APOBEC3G","CUR_10"
"curated",5,2025,907,"gene51310","SLC22A17","CUR_04"
"curated",5,2025,908,"gene10811","NOXA1","CUR_12"
"curated",5,2025,909,"gene25885","POLR1A","CUR_16"
"curated",5,2025,910,"gene1233","CCR4","CUR_08"
"curated",5,2025,911,"gene57105","CYSLTR2","CUR_18"
"curated",5,2025,912,"gene51747","LUC7L3","CUR_16"
"curated",5,2025,913,"gene56937","PMEPA1","CUR_16"
"curated",5,2025,914,"gene4509","MT-ATP8","CUR_10"
"curated",5,2025,915,"gene4522","MTHFD1","CUR_09"
"curated",5,2025,916,"gene7056","THBD","CUR_10"
"curated",5,2025,917,"gene91749","SLC60A2","CUR_08"
"curated",5,2025,918,"gene51320","MEX3C","CUR_02"
"curated",5,2025,919,"gene2672","GFI1","CUR_11"
"curated",5,2025,920,"gene8477","GPR65","CUR_14"
"curated",5,2025,921,"gene216","ALDH1A1","CUR_06"
"curated",5,2025,922,"gene10490","VTI1B","CUR_15"
"curated",5,2025,923,"gene5351","PLOD1","CUR_09"
"curated",5,2025,924,"gene9585","KIF20B","CUR_01"
"curated",5,2025,925,"gene959","CD40LG","CUR_14"
"curated",5,2025,926,"gene253782","CERS6","CUR_16"
"curated",5,2025,927,"gene518","ATP5MC3","CUR_09"
"curated",5,2025,928,"gene5411","PNN","CUR_10"
"curated",5,2025,929,"gene2570","GABRR2","CUR_06"
"curated",5,2025,930,"gene29116","MYLIP","CUR_17"
"curated",5,2025,931,"gene10794","ZNF460","CUR_12"
"curated",5,2025,932,"gene10970","CKAP4","CUR_09"
"curated",5,2025,933,"gene79090","TRAPPC6A","CUR_05"
"curated",5,2025,934,"gene6124","RPL4","CUR_01"
"curated",5,2025,935,"gene932","MS4A3","CUR_11"
"curated",5,2025,936,"gene55313","CPPED1","CUR_03"
"curated",5,2025,937,"gene114882","OSBPL8","CUR_08"
"curated",5,2025,938,"gene55701","ARHGEF40","CUR_18"
"curated",5,2025,939,"gene610","HCN2","CUR_03"
"curated",5,2025,940,"gene8863","PER3","CUR_08"
"curated",5,2025,941,"gene3109","HLA-DMB","CUR_05"
"curated",5,2025,942,"gene8313","AXIN2","CUR_12"
"curated",5,2025,943,"gene83858","ATAD3B","CUR_01"
"curated",5,2025,944,"gene11240","PADI2","CUR_12"
"curated",5,2025,945,"gene1795","DOCK3","CUR_05"
"curated",5,2025,946,"gene151306","GPBAR1","CUR_01"
"curated",5,2025,947,"gene6132","RPL8","CUR_08"
"curated",5,2025,948,"gene1514","CTSL","CUR_11"
"curated",5,2025,949,"gene63891","RNF123","CUR_12"
"curated",5,2025,950,"gene4172","MCM3","CUR_09"
"curated",5,2025,951,"gene79143","MBOAT7","CUR_07"
"curated",5,2025,952,"gene64772","ENGASE","CUR_04"
"curated",5,2025,953,"gene25804","LSM4","CUR_13"
"curated",5,2025,954,"gene29802","VPREB3","CUR_18"
"curated",5,2025,955,"gene7433","VIPR1","CUR_16"
"curated",5,2025,956,"gene1508","CTSB","CUR_02"
"curated",5,2025,957,"gene1901","S1PR1","CUR_03"
"curated",5,2025,958,"gene23530","NNT","CUR_11"
"curated",5,2025,959,"gene79646","PANK3","CUR_06"
"curated",5,2025,960,"gene89849","ATG16L2","CUR_02"
"curated",5,2025,961,"gene7710","ZNF154","CUR_16"
"curated",5,2025,962,"gene7027","TFDP1","CUR_17"
"curated",5,2025,963,"gene2643","GCH1","CUR_02"
"curated",5,2025,964,"gene200315","APOBEC3A","CUR_01"
"curated",5,2025,965,"gene143884","CWF19L2","CUR_07"
"curated",5,2025,966,"gene2948","GSTM4","CUR_07"
"curated",5,2025,967,"gene9188","DDX21","CUR_06"
"curated",5,2025,968,"gene4343","MOV10","CUR_04"
"curated",5,2025,969,"gene219855","SLC37A2","CUR_14"
"curated",5,2025,970,"gene1234","CCR5","CUR_02"
"curated",5,2025,971,"gene51251","NT5C3A","CUR_08"
"curated",5,2025,972,"gene3727","JUND","CUR_16"
"curated",5,2025,973,"gene57449","PLEKHG5","CUR_13"
"curated",5,2025,974,"gene7423","VEGFB","CUR_03"
"curated",5,2025,975,"gene2026","ENO2","CUR_16"
"curated",5,2025,976,"gene79414","LRFN3","CUR_03"
"curated",5,2025,977,"gene120227","CYP2R1","CUR_08"
"curated",5,2025,978,"gene975","CD81","CUR_05"
"curated",5,2025,979,"gene9349","RPL23","CUR_06"
"curated",5,2025,980,"gene84868","HAVCR2","CUR_02"
"curated",5,2025,981,"gene23461","ABCA5","CUR_03"
"curated",5,2025,982,"gene6122","RPL3","CUR_15"
"curated",5,2025,983,"gene1435","CSF1","CUR_11"
"curated",5,2025,984,"gene84418","CYSTM1","CUR_01"
"curated",5,2025,985,"gene79930","DOK3","CUR_18"
"curated",5,2025,986,"gene27336","HTATSF1","CUR_09"
"curated",5,2025,987,"gene2833","CXCR3","CUR_05"
"curated",5,2025,988,"gene338596","ST8SIA6","CUR_01"
"curated",5,2025,989,"gene53822","FXYD7","CUR_01"
"curated",5,2025,990,"gene51332","SPTBN5","CUR_13"
"curated",5,2025,991,"gene56034","PDGFC","CUR_04"
"curated",5,2025,992,"gene873","CBR1","CUR_05"
"curated",5,2025,993,"gene9260","PDLIM7","CUR_14"
"curated",5,2025,994,"gene26049","FAM169A","CUR_06"
"curated",5,2025,995,"gene433","ASGR2","CUR_04"
"curated",5,2025,996,"gene120892","LRRK2","CUR_05"
"curated",5,2025,997,"gene3687","ITGAX","CUR_12"
"curated",5,2025,998,"gene219","ALDH1B1","CUR_02"
"curated",5,2025,999,"gene55252","ASXL2","CUR_01"
"curated",5,2025,1000,"gene521","ATP5ME","CUR_05"
